2026-06-27 16:51:35,315 - root - INFO - 已初始化日志系统，当前日志文件: D:\CodingTest\111test\111\logs\2026-06-27_16-51-35.log
2026-06-27 16:51:35,317 - dy.db_manager - INFO - 已连接数据库并校验当日数据表: records_20260627
2026-06-27 16:52:17,668 - dy.db_manager - INFO - 已连接数据库并校验当日数据表: records_20260627
2026-06-27 16:52:25,627 - dy.db_manager - INFO - 已连接数据库并校验当日数据表: records_20260627
2026-06-27 16:54:45,678 - dy.db_manager - INFO - 已连接数据库并校验当日数据表: records_20260627
2026-06-27 16:56:07,741 - root - INFO - 授权码验证通过，客户: test-customer，剩余积分: 188.18700000000015
2026-06-27 16:56:07,742 - root - INFO - ==> API: 开始初始化设备 V4DUT20422013309 的douyin平台任务
2026-06-27 16:56:07,742 - dy.main_controller - INFO - 初始化任务调度中心...
2026-06-27 16:56:07,761 - root - INFO - 当前 ADB 连接设备列表: ['V4DUT20422013309']
2026-06-27 16:56:07,761 - root - INFO - 使用传入的序列号: V4DUT20422013309
2026-06-27 16:56:07,763 - root - INFO - 正在向设备 V4DUT20422013309 挂载 UIAutomator2 引擎...
2026-06-27 16:56:09,196 - root - INFO - 设备 V4DUT20422013309 uiautomator2 引擎挂载成功。
2026-06-27 16:56:09,364 - root - INFO - 心跳检查 - 设备 V4DUT20422013309 屏幕状态: 亮起
2026-06-27 16:56:09,364 - dy.main_controller - INFO - 设备通讯正常，引擎挂载完毕。
2026-06-27 16:56:09,365 - dy.db_manager - INFO - 已连接数据库并校验当日数据表: records_20260627
2026-06-27 16:56:09,366 - dy.anti_detection - INFO - 🛡️ 防风控引擎已初始化
2026-06-27 16:56:09,366 - root - INFO - ==> API: 设备 V4DUT20422013309 已进入运行状态
2026-06-27 16:56:09,366 - dy.task_runner - INFO - === 任务流开始 ===
2026-06-27 16:56:09,366 - dy.db_manager - INFO - 已连接数据库并校验当日数据表: records_20260627
2026-06-27 16:56:09,367 - dy.task_runner - INFO - 📊 今日已处理视频: 18 个 | 点赞: 12 次 | 评论: 8 次 | 关注: 0 人
2026-06-27 16:56:09,367 - dy.main_controller - INFO - 调度中心正在拉起抖音 APP...
2026-06-27 16:56:09,367 - dy.core.app_mgr - INFO - 正在启动应用: com.ss.android.ugc.aweme
2026-06-27 16:56:09,809 - dy.core.app_mgr - INFO - 等待抖音进入前台，超时时间: 8秒
2026-06-27 16:56:10,312 - dy.core.app_mgr - INFO - 等待抖音进入前台，超时时间: 10秒
2026-06-27 16:56:10,942 - dy.main_controller - INFO - 调度器开始装载动作: EnsureHomeAction
2026-06-27 16:56:10,942 - dy.anti_detection - INFO - 🛡️ 防风控引擎已初始化
2026-06-27 16:56:10,942 - dy.actions.base_action - INFO - ==> 准备执行动作: [EnsureHomeAction]
2026-06-27 16:56:20,400 - dy.actions.navigation - INFO - ✅ 抖音首页加载成功
2026-06-27 16:56:21,660 - dy.actions.base_action - INFO - <== 动作执行完成: [EnsureHomeAction]
2026-06-27 16:56:21,660 - dy.main_controller - INFO - 抖音启动完成，准备就绪。
2026-06-27 16:56:22,183 - dy.anti_detection - INFO - 📱 设备指纹: {'android_id': '8750be44adec00a2', 'model': 'CDY-TN90', 'brand': 'HONOR', 'sdk': '29'}
2026-06-27 16:56:22,183 - dy.task_runner - INFO - 🧹 已清理设备自动化痕迹
2026-06-27 16:56:22,286 - dy.task_runner - INFO - 
>>> 开始处理关键词: 水杯 <<<
2026-06-27 16:56:22,286 - dy.main_controller - INFO - 调度器开始装载动作: EnterSearchAction
2026-06-27 16:56:22,286 - dy.anti_detection - INFO - 🛡️ 防风控引擎已初始化
2026-06-27 16:56:22,286 - dy.actions.base_action - INFO - ==> 准备执行动作: [EnterSearchAction]
2026-06-27 16:56:22,718 - dy.actions.navigation - INFO - 正在搜索关键词: 水杯
2026-06-27 16:56:23,720 - dy.actions.navigation - INFO - 通过 XPath 成功点击搜索按钮
2026-06-27 16:56:33,779 - dy.actions.navigation - INFO - 成功切换到'视频'页签
2026-06-27 16:56:35,569 - dy.actions.base_action - INFO - <== 动作执行完成: [EnterSearchAction]
2026-06-27 16:56:35,569 - dy.main_controller - INFO - 调度器开始装载动作: ApplyFiltersAction
2026-06-27 16:56:35,569 - dy.anti_detection - INFO - 🛡️ 防风控引擎已初始化
2026-06-27 16:56:35,569 - dy.actions.base_action - INFO - ==> 准备执行动作: [ApplyFiltersAction]
2026-06-27 16:56:35,890 - dy.actions.navigation - INFO - >>> 自动化配对成功：模式[latest] -> 点击按钮[最新发布] <<<
2026-06-27 16:56:39,007 - dy.actions.navigation - INFO - 已成功选择排序方式: 最新发布
2026-06-27 16:56:40,019 - dy.actions.navigation - INFO - 已点击选择: 还未看过
2026-06-27 16:56:43,580 - dy.actions.navigation - INFO - 已点击'视频'页签辅助收起面板
2026-06-27 16:56:45,442 - dy.actions.navigation - INFO - --- 工作流切换完全执行：最新发布 ---
2026-06-27 16:56:45,444 - dy.actions.base_action - INFO - <== 动作执行完成: [ApplyFiltersAction]
2026-06-27 16:56:45,444 - dy.main_controller - INFO - 调度器开始装载动作: EnterFirstVideoAction
2026-06-27 16:56:45,444 - dy.anti_detection - INFO - 🛡️ 防风控引擎已初始化
2026-06-27 16:56:45,445 - dy.actions.base_action - INFO - ==> 准备执行动作: [EnterFirstVideoAction]
2026-06-27 16:56:45,858 - dy.actions.navigation - INFO - 正在定位第一个视频...
2026-06-27 16:56:46,130 - dy.actions.navigation - INFO - 识别到视频文案: 要不是真收到货了！谁敢信这个价居然到手两...
2026-06-27 16:56:47,969 - dy.actions.base_action - INFO - <== 动作执行完成: [EnterFirstVideoAction]
2026-06-27 16:56:50,975 - dy.db_manager - INFO - 已连接数据库并校验当日数据表: records_20260627
2026-06-27 16:56:50,975 - dy.task_runner - INFO - 
--- 正在处理第 1/5 个视频 ---
2026-06-27 16:56:52,056 - dy.task_runner - INFO - 状态检查[提取视频信息前] 第 1/4 次: video_page
2026-06-27 16:56:52,534 - dy.task_runner - INFO - 功能前状态[提取视频信息/分享链接]: video_page
2026-06-27 16:56:53,295 - dy.task_runner - INFO - 状态检查[提取视频信息/分享链接-执行前] 第 1/6 次: video_page
2026-06-27 16:56:53,295 - dy.main_controller - INFO - 调度器开始装载动作: GetCurrentVideoLinkAction
2026-06-27 16:56:53,295 - dy.anti_detection - INFO - 🛡️ 防风控引擎已初始化
2026-06-27 16:56:53,295 - dy.actions.base_action - INFO - ==> 准备执行动作: [GetCurrentVideoLinkAction]
2026-06-27 16:56:54,403 - dy.actions.interaction - INFO - 当前视频可见文案兜底: 要不是真收到货了！谁敢信这个价居然到手两个水杯！还是小茶日记... 展开
2026-06-27 16:56:54,403 - dy.actions.interaction - WARNING - 稳定模式未打开分享面板提取链接，使用当前页面文案生成兜底视频标识: dy_visible_409dc551650917d5
2026-06-27 16:56:54,403 - dy.actions.base_action - INFO - <== 动作执行完成: [GetCurrentVideoLinkAction]
2026-06-27 16:56:55,454 - dy.task_runner - INFO - 功能后状态[提取视频信息/分享链接]: video_page
2026-06-27 16:56:56,343 - dy.task_runner - INFO - 状态检查[提取视频信息/分享链接-执行后] 第 1/6 次: video_page
2026-06-27 16:56:56,343 - dy.db_manager - INFO - 已连接数据库并校验当日数据表: records_20260627
2026-06-27 16:56:56,345 - dy.task_runner - INFO - 🎬 开始对新视频执行互动...
2026-06-27 16:56:56,345 - dy.task_runner - INFO - 📝 当前视频标题: 要不是真收到货了！谁敢信这个价居然到手两个水杯！还是小茶日记... 展开
2026-06-27 16:56:56,992 - dy.task_runner - INFO - 功能前状态[点赞]: video_page
2026-06-27 16:56:57,731 - dy.task_runner - INFO - 状态检查[点赞-执行前] 第 1/6 次: video_page
2026-06-27 16:56:57,731 - dy.main_controller - INFO - 调度器开始装载动作: DoubleClickLikeAction
2026-06-27 16:56:57,731 - dy.anti_detection - INFO - 🛡️ 防风控引擎已初始化
2026-06-27 16:56:57,731 - dy.actions.base_action - INFO - ==> 准备执行动作: [DoubleClickLikeAction]
2026-06-27 16:56:58,831 - dy.actions.interaction - INFO - 已短按右侧喜欢按钮: (989, 1376)
2026-06-27 16:56:58,831 - dy.actions.base_action - INFO - <== 动作执行完成: [DoubleClickLikeAction]
2026-06-27 16:56:58,831 - dy.db_manager - INFO - 已连接数据库并校验当日数据表: records_20260627
2026-06-27 16:56:59,602 - dy.task_runner - INFO - 功能后状态[点赞]: video_page
2026-06-27 16:57:00,758 - dy.task_runner - INFO - 状态检查[点赞-执行后] 第 1/6 次: video_page
2026-06-27 16:57:02,264 - dy.task_runner - INFO - 功能前状态[AI视频评论]: video_page
2026-06-27 16:57:02,938 - dy.task_runner - INFO - 状态检查[AI视频评论-执行前] 第 1/6 次: video_page
2026-06-27 16:57:07,991 - dy.db_manager - INFO - 已连接数据库并校验当日数据表: records_20260627
2026-06-27 16:57:07,991 - dy.pipeline - INFO - AI 生成回复: 性价比真高，两个杯子超值！
2026-06-27 16:57:07,991 - dy.main_controller - INFO - 调度器开始装载动作: PostCommentAction
2026-06-27 16:57:07,991 - dy.anti_detection - INFO - 🛡️ 防风控引擎已初始化
2026-06-27 16:57:07,991 - dy.actions.base_action - INFO - ==> 准备执行动作: [PostCommentAction]
2026-06-27 16:57:08,446 - dy.actions.commenting - INFO - 准备发布视频评论: 性价比真高，两个杯子超值！
2026-06-27 16:57:15,799 - dy.actions.commenting - INFO - 视频评论: 发送按钮未就绪，重试 1/3
2026-06-27 16:57:20,327 - dy.actions.commenting - INFO - 视频评论: 发送按钮未就绪，重试 2/3
2026-06-27 16:57:24,805 - dy.actions.commenting - INFO - 视频评论: 发送按钮未就绪，重试 3/3
2026-06-27 16:57:25,401 - dy.actions.commenting - INFO - 视频评论: 尝试回车键发送
2026-06-27 16:57:30,269 - dy.actions.commenting - INFO - 检测到评论输入框仍处于打开状态，执行返回关闭
2026-06-27 16:57:31,658 - dy.actions.base_action - INFO - <== 动作执行完成: [PostCommentAction]
2026-06-27 16:57:33,064 - dy.task_runner - INFO - 功能后状态[AI视频评论]: video_page
2026-06-27 16:57:33,896 - dy.task_runner - INFO - 状态检查[AI视频评论-执行后] 第 1/6 次: video_page
2026-06-27 16:57:35,658 - dy.db_manager - INFO - 已连接数据库并校验当日数据表: records_20260627
2026-06-27 16:57:35,659 - dy.task_runner - INFO - 📊 实时数据 -> 视频:19 | 赞:13 | 评:8 | 关:0
2026-06-27 16:57:36,639 - dy.task_runner - INFO - 状态检查[滑动下一个视频前] 第 1/5 次: video_page
2026-06-27 16:57:36,640 - dy.main_controller - INFO - 调度器开始装载动作: SwipeNextVideoAction
2026-06-27 16:57:36,640 - dy.anti_detection - INFO - 🛡️ 防风控引擎已初始化
2026-06-27 16:57:36,640 - dy.actions.base_action - INFO - ==> 准备执行动作: [SwipeNextVideoAction]
2026-06-27 16:58:32,252 - dy.actions.base_action - INFO - <== 动作执行完成: [SwipeNextVideoAction]
2026-06-27 16:58:32,366 - dy.task_runner - INFO - 等待 6.4 秒后处理下一个视频...
2026-06-27 16:58:38,759 - dy.db_manager - INFO - 已连接数据库并校验当日数据表: records_20260627
2026-06-27 16:58:38,759 - dy.task_runner - INFO - 
--- 正在处理第 2/5 个视频 ---
2026-06-27 16:58:40,942 - dy.task_runner - INFO - 状态检查[提取视频信息前] 第 1/4 次: video_page
2026-06-27 16:58:42,040 - dy.task_runner - INFO - 功能前状态[提取视频信息/分享链接]: video_page
2026-06-27 16:58:43,392 - dy.task_runner - INFO - 状态检查[提取视频信息/分享链接-执行前] 第 1/6 次: video_page
2026-06-27 16:58:43,392 - dy.main_controller - INFO - 调度器开始装载动作: GetCurrentVideoLinkAction
2026-06-27 16:58:43,393 - dy.anti_detection - INFO - 🛡️ 防风控引擎已初始化
2026-06-27 16:58:43,393 - dy.actions.base_action - INFO - ==> 准备执行动作: [GetCurrentVideoLinkAction]
2026-06-27 16:58:44,919 - dy.actions.interaction - INFO - 当前视频可见文案兜底: 马克龙色系的杯杯真的超适合夏天哎～ #杯子 #水杯#马卡龙色系
2026-06-27 16:58:44,920 - dy.actions.interaction - WARNING - 稳定模式未打开分享面板提取链接，使用当前页面文案生成兜底视频标识: dy_visible_f2532772758fbf54
2026-06-27 16:58:44,920 - dy.actions.base_action - INFO - <== 动作执行完成: [GetCurrentVideoLinkAction]
2026-06-27 16:58:47,230 - dy.task_runner - INFO - 功能后状态[提取视频信息/分享链接]: video_page
2026-06-27 16:58:48,598 - dy.task_runner - INFO - 状态检查[提取视频信息/分享链接-执行后] 第 1/6 次: video_page
2026-06-27 16:58:48,599 - dy.db_manager - INFO - 已连接数据库并校验当日数据表: records_20260627
2026-06-27 16:58:48,600 - dy.task_runner - INFO - 🎬 开始对新视频执行互动...
2026-06-27 16:58:48,601 - dy.task_runner - INFO - 📝 当前视频标题: 马克龙色系的杯杯真的超适合夏天哎～ #杯子 #水杯#马卡龙色系
2026-06-27 16:58:49,476 - dy.task_runner - INFO - 功能前状态[点赞]: video_page
2026-06-27 16:58:50,878 - dy.task_runner - INFO - 状态检查[点赞-执行前] 第 1/6 次: video_page
2026-06-27 16:58:50,878 - dy.main_controller - INFO - 调度器开始装载动作: DoubleClickLikeAction
2026-06-27 16:58:50,878 - dy.anti_detection - INFO - 🛡️ 防风控引擎已初始化
2026-06-27 16:58:50,878 - dy.actions.base_action - INFO - ==> 准备执行动作: [DoubleClickLikeAction]
2026-06-27 16:58:52,233 - dy.actions.interaction - INFO - 已短按右侧喜欢按钮: (990, 1377)
2026-06-27 16:58:52,233 - dy.actions.base_action - INFO - <== 动作执行完成: [DoubleClickLikeAction]
2026-06-27 16:58:52,233 - dy.db_manager - INFO - 已连接数据库并校验当日数据表: records_20260627
2026-06-27 16:58:53,989 - dy.task_runner - INFO - 功能后状态[点赞]: video_page
2026-06-27 16:58:55,607 - dy.task_runner - INFO - 状态检查[点赞-执行后] 第 1/6 次: video_page
2026-06-27 16:58:59,293 - dy.task_runner - INFO - 功能前状态[AI视频评论]: video_page
2026-06-27 16:59:00,571 - dy.task_runner - INFO - 状态检查[AI视频评论-执行前] 第 1/6 次: video_page
2026-06-27 16:59:04,311 - dy.db_manager - INFO - 已连接数据库并校验当日数据表: records_20260627
2026-06-27 16:59:04,311 - dy.pipeline - INFO - AI 生成回复: 这杯子颜色好清新～
2026-06-27 16:59:04,312 - dy.main_controller - INFO - 调度器开始装载动作: PostCommentAction
2026-06-27 16:59:04,312 - dy.anti_detection - INFO - 🛡️ 防风控引擎已初始化
2026-06-27 16:59:04,312 - dy.actions.base_action - INFO - ==> 准备执行动作: [PostCommentAction]
2026-06-27 16:59:04,784 - dy.actions.commenting - INFO - 准备发布视频评论: 这杯子颜色好清新～
2026-06-27 16:59:12,299 - dy.actions.commenting - INFO - 视频评论: 发送按钮未就绪，重试 1/3
2026-06-27 16:59:17,879 - dy.actions.commenting - INFO - 视频评论: 已点击发送按钮
2026-06-27 16:59:22,281 - dy.actions.base_action - INFO - <== 动作执行完成: [PostCommentAction]
2026-06-27 16:59:22,283 - dy.db_manager - INFO - 已连接数据库并校验当日数据表: records_20260627
2026-06-27 16:59:22,964 - dy.task_runner - INFO - 功能后状态[AI视频评论]: input_or_chat
2026-06-27 16:59:23,522 - dy.task_runner - INFO - 状态检查[AI视频评论-执行后] 第 1/6 次: input_or_chat
2026-06-27 16:59:23,522 - dy.task_runner - INFO - 尝试关闭/返回当前状态[input_or_chat] -> 视频页
2026-06-27 16:59:24,989 - dy.task_runner - INFO - 状态检查[AI视频评论-执行后] 第 2/6 次: input_or_chat
2026-06-27 16:59:24,989 - dy.task_runner - INFO - 尝试关闭/返回当前状态[input_or_chat] -> 视频页
2026-06-27 16:59:26,203 - dy.task_runner - INFO - 收到暂停指令，任务挂起...
2026-06-27 16:59:26,710 - dy.task_runner - INFO - 状态检查[AI视频评论-执行后] 第 3/6 次: input_or_chat
2026-06-27 16:59:26,710 - dy.task_runner - INFO - 尝试关闭/返回当前状态[input_or_chat] -> 视频页
2026-06-27 16:59:27,284 - dy.task_runner - INFO - 收到结束指令，准备退出任务流...
2026-06-27 16:59:27,697 - dy.task_runner - INFO - 检测到结束指令，中断当前执行！
2026-06-27 16:59:27,697 - dy.task_runner - ERROR - 任务流执行异常: 用户手动结束了任务
2026-06-27 16:59:27,697 - dy.main_controller - INFO - 任务执行完毕，清理资源...
2026-06-27 16:59:27,697 - dy.main_controller - INFO - 资源清理完毕，安全退出。
2026-06-27 16:59:27,698 - root - INFO - <== API: 设备 V4DUT20422013309 任务被手动停止
2026-06-27 17:00:19,338 - root - INFO - 授权码验证通过，客户: test-customer，剩余积分: 187.84700000000015
2026-06-27 17:00:19,339 - root - INFO - ==> API: 开始初始化设备 V4DUT20422013309 的douyin平台任务
2026-06-27 17:00:19,339 - dy.main_controller - INFO - 初始化任务调度中心...
2026-06-27 17:00:19,379 - root - INFO - 当前 ADB 连接设备列表: ['V4DUT20422013309']
2026-06-27 17:00:19,379 - root - INFO - 使用传入的序列号: V4DUT20422013309
2026-06-27 17:00:19,380 - root - INFO - 正在向设备 V4DUT20422013309 挂载 UIAutomator2 引擎...
2026-06-27 17:00:19,560 - root - INFO - 设备 V4DUT20422013309 uiautomator2 引擎挂载成功。
2026-06-27 17:00:19,632 - root - INFO - 心跳检查 - 设备 V4DUT20422013309 屏幕状态: 亮起
2026-06-27 17:00:19,632 - dy.main_controller - INFO - 设备通讯正常，引擎挂载完毕。
2026-06-27 17:00:19,635 - dy.db_manager - INFO - 已连接数据库并校验当日数据表: records_20260627
2026-06-27 17:00:19,635 - dy.anti_detection - INFO - 🛡️ 防风控引擎已初始化
2026-06-27 17:00:19,635 - root - INFO - ==> API: 设备 V4DUT20422013309 已进入运行状态
2026-06-27 17:00:19,635 - dy.task_runner - INFO - === 任务流开始 ===
2026-06-27 17:00:19,635 - dy.db_manager - INFO - 已连接数据库并校验当日数据表: records_20260627
2026-06-27 17:00:19,636 - dy.task_runner - INFO - 📊 今日已处理视频: 20 个 | 点赞: 14 次 | 评论: 9 次 | 关注: 0 人
2026-06-27 17:00:19,636 - dy.main_controller - INFO - 调度中心正在拉起抖音 APP...
2026-06-27 17:00:19,636 - dy.core.app_mgr - INFO - 正在启动应用: com.ss.android.ugc.aweme
2026-06-27 17:00:20,188 - dy.core.app_mgr - INFO - 等待抖音进入前台，超时时间: 8秒
2026-06-27 17:00:20,641 - dy.core.app_mgr - INFO - 等待抖音进入前台，超时时间: 10秒
2026-06-27 17:00:21,266 - dy.main_controller - INFO - 调度器开始装载动作: EnsureHomeAction
2026-06-27 17:00:21,266 - dy.anti_detection - INFO - 🛡️ 防风控引擎已初始化
2026-06-27 17:00:21,266 - dy.actions.base_action - INFO - ==> 准备执行动作: [EnsureHomeAction]
2026-06-27 17:00:23,093 - root - INFO - 授权码验证通过，客户: test-customer，剩余积分: 187.84700000000015
2026-06-27 17:00:29,579 - dy.actions.navigation - INFO - ✅ 抖音首页加载成功
2026-06-27 17:00:30,390 - dy.actions.base_action - INFO - <== 动作执行完成: [EnsureHomeAction]
2026-06-27 17:00:30,390 - dy.main_controller - INFO - 抖音启动完成，准备就绪。
2026-06-27 17:00:30,919 - dy.anti_detection - INFO - 📱 设备指纹: {'android_id': '8750be44adec00a2', 'model': 'CDY-TN90', 'brand': 'HONOR', 'sdk': '29'}
2026-06-27 17:00:30,919 - dy.task_runner - INFO - 🧹 已清理设备自动化痕迹
2026-06-27 17:00:31,014 - dy.task_runner - INFO - 
>>> 开始处理关键词: 水杯 <<<
2026-06-27 17:00:31,014 - dy.main_controller - INFO - 调度器开始装载动作: EnterSearchAction
2026-06-27 17:00:31,014 - dy.anti_detection - INFO - 🛡️ 防风控引擎已初始化
2026-06-27 17:00:31,014 - dy.actions.base_action - INFO - ==> 准备执行动作: [EnterSearchAction]
2026-06-27 17:00:31,396 - dy.actions.navigation - INFO - 正在搜索关键词: 水杯
2026-06-27 17:00:32,310 - dy.actions.navigation - INFO - 通过 XPath 成功点击搜索按钮
2026-06-27 17:00:41,869 - dy.actions.navigation - INFO - 成功切换到'视频'页签
2026-06-27 17:00:43,039 - dy.actions.base_action - INFO - <== 动作执行完成: [EnterSearchAction]
2026-06-27 17:00:43,039 - dy.main_controller - INFO - 调度器开始装载动作: ApplyFiltersAction
2026-06-27 17:00:43,039 - dy.anti_detection - INFO - 🛡️ 防风控引擎已初始化
2026-06-27 17:00:43,039 - dy.actions.base_action - INFO - ==> 准备执行动作: [ApplyFiltersAction]
2026-06-27 17:00:43,389 - dy.actions.navigation - INFO - >>> 自动化配对成功：模式[latest] -> 点击按钮[最新发布] <<<
2026-06-27 17:00:46,038 - dy.actions.navigation - INFO - 已成功选择排序方式: 最新发布
2026-06-27 17:00:47,199 - dy.actions.navigation - INFO - 已点击选择: 还未看过
2026-06-27 17:00:51,995 - dy.actions.navigation - INFO - 已点击'视频'页签辅助收起面板
2026-06-27 17:00:53,741 - dy.actions.navigation - INFO - --- 工作流切换完全执行：最新发布 ---
2026-06-27 17:00:53,744 - dy.actions.base_action - INFO - <== 动作执行完成: [ApplyFiltersAction]
2026-06-27 17:00:53,744 - dy.main_controller - INFO - 调度器开始装载动作: EnterFirstVideoAction
2026-06-27 17:00:53,744 - dy.anti_detection - INFO - 🛡️ 防风控引擎已初始化
2026-06-27 17:00:53,744 - dy.actions.base_action - INFO - ==> 准备执行动作: [EnterFirstVideoAction]
2026-06-27 17:00:54,137 - dy.actions.navigation - INFO - 正在定位第一个视频...
2026-06-27 17:00:54,400 - dy.actions.navigation - INFO - 识别到视频文案: 家人们，这款#随行杯  绝了不仅好看能泡...
2026-06-27 17:00:55,921 - dy.actions.base_action - INFO - <== 动作执行完成: [EnterFirstVideoAction]
2026-06-27 17:00:58,927 - dy.db_manager - INFO - 已连接数据库并校验当日数据表: records_20260627
2026-06-27 17:00:58,927 - dy.task_runner - INFO - 
--- 正在处理第 1/5 个视频 ---
2026-06-27 17:01:00,303 - dy.task_runner - INFO - 状态检查[提取视频信息前] 第 1/4 次: video_page
2026-06-27 17:01:01,071 - dy.task_runner - INFO - 功能前状态[提取视频信息/分享链接]: video_page
2026-06-27 17:01:02,120 - dy.task_runner - INFO - 状态检查[提取视频信息/分享链接-执行前] 第 1/6 次: video_page
2026-06-27 17:01:02,120 - dy.main_controller - INFO - 调度器开始装载动作: GetCurrentVideoLinkAction
2026-06-27 17:01:02,120 - dy.anti_detection - INFO - 🛡️ 防风控引擎已初始化
2026-06-27 17:01:02,120 - dy.actions.base_action - INFO - ==> 准备执行动作: [GetCurrentVideoLinkAction]
2026-06-27 17:01:03,158 - dy.actions.interaction - INFO - 当前视频可见文案兜底: 家人们，这款#随行杯 绝了不仅好看能泡茶还是#大容量水杯 ，让你... 展开
2026-06-27 17:01:03,159 - dy.actions.interaction - WARNING - 稳定模式未打开分享面板提取链接，使用当前页面文案生成兜底视频标识: dy_visible_e5cde5065148c40d
2026-06-27 17:01:03,159 - dy.actions.base_action - INFO - <== 动作执行完成: [GetCurrentVideoLinkAction]
2026-06-27 17:01:04,360 - dy.task_runner - INFO - 功能后状态[提取视频信息/分享链接]: video_page
2026-06-27 17:01:05,767 - dy.task_runner - INFO - 状态检查[提取视频信息/分享链接-执行后] 第 1/6 次: video_page
2026-06-27 17:01:05,768 - dy.db_manager - INFO - 已连接数据库并校验当日数据表: records_20260627
2026-06-27 17:01:05,769 - dy.task_runner - INFO - 🎬 开始对新视频执行互动...
2026-06-27 17:01:05,769 - dy.task_runner - INFO - 📝 当前视频标题: 家人们，这款#随行杯 绝了不仅好看能泡茶还是#大容量水杯 ，让你... 展开
2026-06-27 17:01:06,763 - dy.task_runner - INFO - 功能前状态[点赞]: video_page
2026-06-27 17:01:07,552 - dy.task_runner - INFO - 状态检查[点赞-执行前] 第 1/6 次: video_page
2026-06-27 17:01:07,552 - dy.main_controller - INFO - 调度器开始装载动作: DoubleClickLikeAction
2026-06-27 17:01:07,552 - dy.anti_detection - INFO - 🛡️ 防风控引擎已初始化
2026-06-27 17:01:07,552 - dy.actions.base_action - INFO - ==> 准备执行动作: [DoubleClickLikeAction]
2026-06-27 17:01:08,730 - dy.actions.interaction - INFO - 已短按右侧喜欢按钮: (989, 1376)
2026-06-27 17:01:08,731 - dy.actions.base_action - INFO - <== 动作执行完成: [DoubleClickLikeAction]
2026-06-27 17:01:08,731 - dy.db_manager - INFO - 已连接数据库并校验当日数据表: records_20260627
2026-06-27 17:01:09,965 - dy.task_runner - INFO - 功能后状态[点赞]: video_page
2026-06-27 17:01:10,768 - dy.task_runner - INFO - 状态检查[点赞-执行后] 第 1/6 次: video_page
2026-06-27 17:01:13,002 - dy.task_runner - INFO - 功能前状态[评论区截流]: video_page
2026-06-27 17:01:14,064 - dy.task_runner - INFO - 状态检查[评论区截流-执行前] 第 1/6 次: video_page
2026-06-27 17:01:14,798 - dy.task_runner - INFO - 功能前状态[评论区AI截流/楼中楼回复]: video_page
2026-06-27 17:01:15,654 - dy.task_runner - INFO - 状态检查[评论区AI截流/楼中楼回复-执行前] 第 1/6 次: video_page
2026-06-27 17:01:15,655 - dy.main_controller - INFO - 调度器开始装载动作: OpenCommentSectionAction
2026-06-27 17:01:15,655 - dy.anti_detection - INFO - 🛡️ 防风控引擎已初始化
2026-06-27 17:01:15,655 - dy.actions.base_action - INFO - ==> 准备执行动作: [OpenCommentSectionAction]
2026-06-27 17:01:16,046 - dy.actions.commenting - INFO - 正在通过 content-desc 规律寻找主评论区按钮...
2026-06-27 17:01:16,718 - dy.actions.commenting - INFO - 当前视频可能为 0 评论
2026-06-27 17:01:19,203 - dy.actions.base_action - INFO - <== 动作执行完成: [OpenCommentSectionAction]
2026-06-27 17:01:19,879 - dy.task_runner - INFO - 功能中状态[打开评论区后]: input_or_chat
2026-06-27 17:01:19,879 - dy.main_controller - INFO - 调度器开始装载动作: ProcessCommentSectionAction
2026-06-27 17:01:19,879 - dy.anti_detection - INFO - 🛡️ 防风控引擎已初始化
2026-06-27 17:01:19,879 - dy.actions.base_action - INFO - ==> 准备执行动作: [ProcessCommentSectionAction]
2026-06-27 17:01:20,322 - dy.actions.commenting - INFO - 开始处理评论区内容...
2026-06-27 17:01:20,323 - dy.actions.commenting - INFO - 正在解析当前屏幕可见评论...
2026-06-27 17:01:46,155 - dy.actions.commenting - INFO - AI 已识别评论 8/20 条
2026-06-27 17:02:18,325 - dy.actions.commenting - INFO - 正在解析当前屏幕可见评论...
2026-06-27 17:02:22,004 - dy.actions.commenting - INFO - AI 已识别评论 9/20 条
2026-06-27 17:03:01,034 - dy.actions.commenting - INFO - 评论区处理完毕，关闭面板
2026-06-27 17:03:01,480 - dy.actions.commenting - INFO - 检测到评论输入框仍处于打开状态，执行返回关闭
2026-06-27 17:03:03,751 - dy.actions.commenting - INFO - 确认评论区面板已关闭
2026-06-27 17:03:03,751 - dy.actions.base_action - INFO - <== 动作执行完成: [ProcessCommentSectionAction]
2026-06-27 17:03:04,182 - dy.task_runner - INFO - 功能后状态[评论区AI截流/楼中楼回复]: video_page
2026-06-27 17:03:04,859 - dy.task_runner - INFO - 状态检查[评论区AI截流/楼中楼回复-执行后] 第 1/6 次: video_page
2026-06-27 17:03:05,591 - dy.task_runner - INFO - 功能后状态[评论区截流]: video_page
2026-06-27 17:03:06,159 - dy.task_runner - INFO - 状态检查[评论区截流-执行后] 第 1/6 次: video_page
2026-06-27 17:03:07,280 - dy.db_manager - INFO - 已连接数据库并校验当日数据表: records_20260627
2026-06-27 17:03:07,280 - dy.task_runner - INFO - 📊 实时数据 -> 视频:21 | 赞:15 | 评:9 | 关:0
2026-06-27 17:03:07,875 - dy.task_runner - INFO - 状态检查[滑动下一个视频前] 第 1/5 次: video_page
2026-06-27 17:03:07,875 - dy.main_controller - INFO - 调度器开始装载动作: SwipeNextVideoAction
2026-06-27 17:03:07,875 - dy.anti_detection - INFO - 🛡️ 防风控引擎已初始化
2026-06-27 17:03:07,875 - dy.actions.base_action - INFO - ==> 准备执行动作: [SwipeNextVideoAction]
2026-06-27 17:04:03,259 - dy.actions.base_action - INFO - <== 动作执行完成: [SwipeNextVideoAction]
2026-06-27 17:04:03,259 - dy.anti_detection - INFO - 模拟行为: 停顿思考 9.6s
2026-06-27 17:04:12,934 - dy.task_runner - INFO - 等待 7.6 秒后处理下一个视频...
2026-06-27 17:04:20,589 - dy.db_manager - INFO - 已连接数据库并校验当日数据表: records_20260627
2026-06-27 17:04:20,589 - dy.task_runner - INFO - 
--- 正在处理第 2/5 个视频 ---
2026-06-27 17:04:21,623 - dy.task_runner - INFO - 状态检查[提取视频信息前] 第 1/4 次: video_page
2026-06-27 17:04:22,013 - dy.task_runner - INFO - 功能前状态[提取视频信息/分享链接]: video_page
2026-06-27 17:04:22,615 - dy.task_runner - INFO - 状态检查[提取视频信息/分享链接-执行前] 第 1/6 次: video_page
2026-06-27 17:04:22,615 - dy.main_controller - INFO - 调度器开始装载动作: GetCurrentVideoLinkAction
2026-06-27 17:04:22,615 - dy.anti_detection - INFO - 🛡️ 防风控引擎已初始化
2026-06-27 17:04:22,615 - dy.actions.base_action - INFO - ==> 准备执行动作: [GetCurrentVideoLinkAction]
2026-06-27 17:04:23,768 - dy.actions.interaction - INFO - 当前视频可见文案兜底: 发条评论表达你的想法吧
2026-06-27 17:04:23,768 - dy.actions.interaction - WARNING - 稳定模式未打开分享面板提取链接，使用当前页面文案生成兜底视频标识: dy_visible_dd0daeb91ed07b3d
2026-06-27 17:04:23,768 - dy.actions.base_action - INFO - <== 动作执行完成: [GetCurrentVideoLinkAction]
2026-06-27 17:04:24,583 - dy.task_runner - INFO - 功能后状态[提取视频信息/分享链接]: video_page
2026-06-27 17:04:25,284 - dy.task_runner - INFO - 状态检查[提取视频信息/分享链接-执行后] 第 1/6 次: video_page
2026-06-27 17:04:25,285 - dy.db_manager - INFO - 已连接数据库并校验当日数据表: records_20260627
2026-06-27 17:04:25,287 - dy.task_runner - INFO - 🎬 开始对新视频执行互动...
2026-06-27 17:04:25,287 - dy.task_runner - INFO - 📝 当前视频标题: 发条评论表达你的想法吧
2026-06-27 17:04:25,655 - dy.task_runner - INFO - 功能前状态[点赞]: video_page
2026-06-27 17:04:26,231 - dy.task_runner - INFO - 状态检查[点赞-执行前] 第 1/6 次: video_page
2026-06-27 17:04:26,231 - dy.main_controller - INFO - 调度器开始装载动作: DoubleClickLikeAction
2026-06-27 17:04:26,231 - dy.anti_detection - INFO - 🛡️ 防风控引擎已初始化
2026-06-27 17:04:26,231 - dy.actions.base_action - INFO - ==> 准备执行动作: [DoubleClickLikeAction]
2026-06-27 17:04:27,052 - dy.actions.interaction - WARNING - 未在 UI 层级中找到未点赞喜欢按钮，跳过点赞
2026-06-27 17:04:27,052 - dy.actions.base_action - INFO - <== 动作执行完成: [DoubleClickLikeAction]
2026-06-27 17:04:27,997 - dy.task_runner - INFO - 功能后状态[点赞]: video_page
2026-06-27 17:04:28,723 - dy.task_runner - INFO - 状态检查[点赞-执行后] 第 1/6 次: video_page
2026-06-27 17:04:31,417 - dy.task_runner - INFO - 功能前状态[评论区截流]: video_page
2026-06-27 17:04:32,090 - dy.task_runner - INFO - 状态检查[评论区截流-执行前] 第 1/6 次: video_page
2026-06-27 17:04:32,526 - dy.task_runner - INFO - 功能前状态[评论区AI截流/楼中楼回复]: video_page
2026-06-27 17:04:33,226 - dy.task_runner - INFO - 状态检查[评论区AI截流/楼中楼回复-执行前] 第 1/6 次: video_page
2026-06-27 17:04:33,226 - dy.main_controller - INFO - 调度器开始装载动作: OpenCommentSectionAction
2026-06-27 17:04:33,226 - dy.anti_detection - INFO - 🛡️ 防风控引擎已初始化
2026-06-27 17:04:33,226 - dy.actions.base_action - INFO - ==> 准备执行动作: [OpenCommentSectionAction]
2026-06-27 17:04:33,707 - dy.actions.commenting - INFO - 正在通过 content-desc 规律寻找主评论区按钮...
2026-06-27 17:04:34,117 - dy.actions.commenting - WARNING - 未找到足够的评论按钮候选目标 (找到 0 个)。尝试兜底定位...
2026-06-27 17:04:35,961 - dy.actions.base_action - INFO - <== 动作执行完成: [OpenCommentSectionAction]
2026-06-27 17:04:37,063 - dy.task_runner - INFO - 功能中状态[打开评论区后]: video_page
2026-06-27 17:04:37,063 - dy.task_runner - WARNING - 评论区未可靠打开，当前状态: video_page
2026-06-27 17:04:37,727 - dy.task_runner - INFO - 状态检查[评论区AI截流/楼中楼回复-打开失败后] 第 1/6 次: video_page
2026-06-27 17:04:38,491 - dy.task_runner - INFO - 功能后状态[评论区截流]: video_page
2026-06-27 17:04:39,140 - dy.task_runner - INFO - 状态检查[评论区截流-执行后] 第 1/6 次: video_page
2026-06-27 17:04:40,431 - dy.db_manager - INFO - 已连接数据库并校验当日数据表: records_20260627
2026-06-27 17:04:40,431 - dy.task_runner - INFO - 📊 实时数据 -> 视频:22 | 赞:15 | 评:9 | 关:0
2026-06-27 17:04:41,126 - dy.task_runner - INFO - 状态检查[滑动下一个视频前] 第 1/5 次: video_page
2026-06-27 17:04:41,126 - dy.main_controller - INFO - 调度器开始装载动作: SwipeNextVideoAction
2026-06-27 17:04:41,126 - dy.anti_detection - INFO - 🛡️ 防风控引擎已初始化
2026-06-27 17:04:41,126 - dy.actions.base_action - INFO - ==> 准备执行动作: [SwipeNextVideoAction]
2026-06-27 17:05:36,605 - dy.actions.base_action - INFO - <== 动作执行完成: [SwipeNextVideoAction]
2026-06-27 17:05:36,717 - dy.task_runner - INFO - 等待 5.4 秒后处理下一个视频...
2026-06-27 17:05:42,077 - dy.db_manager - INFO - 已连接数据库并校验当日数据表: records_20260627
2026-06-27 17:05:42,078 - dy.task_runner - INFO - 
--- 正在处理第 3/5 个视频 ---
2026-06-27 17:05:43,252 - dy.task_runner - INFO - 状态检查[提取视频信息前] 第 1/4 次: video_page
2026-06-27 17:05:43,690 - dy.task_runner - INFO - 功能前状态[提取视频信息/分享链接]: video_page
2026-06-27 17:05:44,440 - dy.task_runner - INFO - 状态检查[提取视频信息/分享链接-执行前] 第 1/6 次: video_page
2026-06-27 17:05:44,441 - dy.main_controller - INFO - 调度器开始装载动作: GetCurrentVideoLinkAction
2026-06-27 17:05:44,441 - dy.anti_detection - INFO - 🛡️ 防风控引擎已初始化
2026-06-27 17:05:44,441 - dy.actions.base_action - INFO - ==> 准备执行动作: [GetCurrentVideoLinkAction]
2026-06-27 17:05:45,479 - dy.actions.interaction - INFO - 当前视频可见文案兜底: 发条评论表达你的想法吧
2026-06-27 17:05:45,480 - dy.actions.interaction - WARNING - 稳定模式未打开分享面板提取链接，使用当前页面文案生成兜底视频标识: dy_visible_dd0daeb91ed07b3d
2026-06-27 17:05:45,480 - dy.actions.base_action - INFO - <== 动作执行完成: [GetCurrentVideoLinkAction]
2026-06-27 17:05:46,204 - dy.task_runner - INFO - 功能后状态[提取视频信息/分享链接]: video_page
2026-06-27 17:05:46,981 - dy.task_runner - INFO - 状态检查[提取视频信息/分享链接-执行后] 第 1/6 次: video_page
2026-06-27 17:05:46,981 - dy.task_runner - WARNING - 检测到视频重复 (token一致)，可能已滑到底部
2026-06-27 17:05:46,981 - dy.task_runner - INFO - 结束当前关键词的视频循环
2026-06-27 17:05:46,981 - dy.main_controller - INFO - 调度器开始装载动作: ResetToSearchAction
2026-06-27 17:05:46,981 - dy.anti_detection - INFO - 🛡️ 防风控引擎已初始化
2026-06-27 17:05:46,981 - dy.actions.base_action - INFO - ==> 准备执行动作: [ResetToSearchAction]
2026-06-27 17:05:47,415 - dy.actions.navigation - INFO - 执行 5 次返回以重置到首页状态...
2026-06-27 17:05:56,442 - dy.actions.base_action - INFO - <== 动作执行完成: [ResetToSearchAction]
2026-06-27 17:05:56,442 - dy.task_runner - INFO - 
>>> 开始处理关键词: 永劫无间 <<<
2026-06-27 17:05:56,442 - dy.main_controller - INFO - 调度器开始装载动作: EnterSearchAction
2026-06-27 17:05:56,442 - dy.anti_detection - INFO - 🛡️ 防风控引擎已初始化
2026-06-27 17:05:56,442 - dy.actions.base_action - INFO - ==> 准备执行动作: [EnterSearchAction]
2026-06-27 17:05:56,934 - dy.actions.navigation - INFO - 正在搜索关键词: 永劫无间
2026-06-27 17:05:57,522 - dy.actions.navigation - INFO - 通过 XPath 成功点击搜索按钮
2026-06-27 17:06:05,308 - dy.actions.navigation - INFO - 成功切换到'视频'页签
2026-06-27 17:06:06,687 - dy.actions.base_action - INFO - <== 动作执行完成: [EnterSearchAction]
2026-06-27 17:06:06,687 - dy.main_controller - INFO - 调度器开始装载动作: ApplyFiltersAction
2026-06-27 17:06:06,687 - dy.anti_detection - INFO - 🛡️ 防风控引擎已初始化
2026-06-27 17:06:06,687 - dy.actions.base_action - INFO - ==> 准备执行动作: [ApplyFiltersAction]
2026-06-27 17:06:07,138 - dy.actions.navigation - INFO - >>> 自动化配对成功：模式[latest] -> 点击按钮[最新发布] <<<
2026-06-27 17:06:09,789 - dy.actions.navigation - INFO - 已成功选择排序方式: 最新发布
2026-06-27 17:06:11,315 - dy.actions.navigation - INFO - 已点击选择: 还未看过
2026-06-27 17:06:16,014 - dy.actions.navigation - INFO - 已点击'视频'页签辅助收起面板
2026-06-27 17:06:17,706 - dy.actions.navigation - INFO - --- 工作流切换完全执行：最新发布 ---
2026-06-27 17:06:17,709 - dy.actions.base_action - INFO - <== 动作执行完成: [ApplyFiltersAction]
2026-06-27 17:06:17,709 - dy.main_controller - INFO - 调度器开始装载动作: EnterFirstVideoAction
2026-06-27 17:06:17,709 - dy.anti_detection - INFO - 🛡️ 防风控引擎已初始化
2026-06-27 17:06:17,709 - dy.actions.base_action - INFO - ==> 准备执行动作: [EnterFirstVideoAction]
2026-06-27 17:06:18,158 - dy.actions.navigation - INFO - 正在定位第一个视频...
2026-06-27 17:06:18,419 - dy.actions.navigation - INFO - 识别到视频文案: 我要赢！#破防 #永劫无间手游 #永劫无...
2026-06-27 17:06:20,447 - dy.actions.base_action - INFO - <== 动作执行完成: [EnterFirstVideoAction]
2026-06-27 17:06:23,453 - dy.db_manager - INFO - 已连接数据库并校验当日数据表: records_20260627
2026-06-27 17:06:23,453 - dy.task_runner - INFO - 
--- 正在处理第 1/5 个视频 ---
2026-06-27 17:06:24,631 - dy.task_runner - INFO - 状态检查[提取视频信息前] 第 1/4 次: video_page
2026-06-27 17:06:24,958 - dy.task_runner - INFO - 功能前状态[提取视频信息/分享链接]: video_page
2026-06-27 17:06:25,596 - dy.task_runner - INFO - 状态检查[提取视频信息/分享链接-执行前] 第 1/6 次: video_page
2026-06-27 17:06:25,596 - dy.main_controller - INFO - 调度器开始装载动作: GetCurrentVideoLinkAction
2026-06-27 17:06:25,596 - dy.anti_detection - INFO - 🛡️ 防风控引擎已初始化
2026-06-27 17:06:25,596 - dy.actions.base_action - INFO - ==> 准备执行动作: [GetCurrentVideoLinkAction]
2026-06-27 17:06:26,769 - dy.actions.interaction - INFO - 当前视频可见文案兜底: 我要赢！#破防 #永劫无间手游 #永劫无间周年庆 #永劫双娇
2026-06-27 17:06:26,770 - dy.actions.interaction - WARNING - 稳定模式未打开分享面板提取链接，使用当前页面文案生成兜底视频标识: dy_visible_6ae89d1616687d68
2026-06-27 17:06:26,770 - dy.actions.base_action - INFO - <== 动作执行完成: [GetCurrentVideoLinkAction]
2026-06-27 17:06:27,925 - dy.task_runner - INFO - 功能后状态[提取视频信息/分享链接]: video_page
2026-06-27 17:06:28,651 - dy.task_runner - INFO - 状态检查[提取视频信息/分享链接-执行后] 第 1/6 次: video_page
2026-06-27 17:06:28,652 - dy.db_manager - INFO - 已连接数据库并校验当日数据表: records_20260627
2026-06-27 17:06:28,654 - dy.task_runner - INFO - 🎬 开始对新视频执行互动...
2026-06-27 17:06:28,655 - dy.task_runner - INFO - 📝 当前视频标题: 我要赢！#破防 #永劫无间手游 #永劫无间周年庆 #永劫双娇
2026-06-27 17:06:29,102 - dy.task_runner - INFO - 功能前状态[点赞]: video_page
2026-06-27 17:06:30,007 - dy.task_runner - INFO - 状态检查[点赞-执行前] 第 1/6 次: video_page
2026-06-27 17:06:30,007 - dy.main_controller - INFO - 调度器开始装载动作: DoubleClickLikeAction
2026-06-27 17:06:30,007 - dy.anti_detection - INFO - 🛡️ 防风控引擎已初始化
2026-06-27 17:06:30,007 - dy.actions.base_action - INFO - ==> 准备执行动作: [DoubleClickLikeAction]
2026-06-27 17:06:31,201 - dy.actions.interaction - INFO - 已短按右侧喜欢按钮: (990, 1377)
2026-06-27 17:06:31,201 - dy.actions.base_action - INFO - <== 动作执行完成: [DoubleClickLikeAction]
2026-06-27 17:06:31,201 - dy.db_manager - INFO - 已连接数据库并校验当日数据表: records_20260627
2026-06-27 17:06:32,197 - dy.task_runner - INFO - 功能后状态[点赞]: video_page
2026-06-27 17:06:32,938 - dy.task_runner - INFO - 状态检查[点赞-执行后] 第 1/6 次: video_page
2026-06-27 17:06:34,831 - dy.task_runner - INFO - 功能前状态[评论区截流]: video_page
2026-06-27 17:06:35,805 - dy.task_runner - INFO - 状态检查[评论区截流-执行前] 第 1/6 次: video_page
2026-06-27 17:06:36,420 - dy.task_runner - INFO - 功能前状态[评论区AI截流/楼中楼回复]: video_page
2026-06-27 17:06:37,115 - dy.task_runner - INFO - 状态检查[评论区AI截流/楼中楼回复-执行前] 第 1/6 次: video_page
2026-06-27 17:06:37,116 - dy.main_controller - INFO - 调度器开始装载动作: OpenCommentSectionAction
2026-06-27 17:06:37,116 - dy.anti_detection - INFO - 🛡️ 防风控引擎已初始化
2026-06-27 17:06:37,116 - dy.actions.base_action - INFO - ==> 准备执行动作: [OpenCommentSectionAction]
2026-06-27 17:06:37,518 - dy.actions.commenting - INFO - 正在通过 content-desc 规律寻找主评论区按钮...
2026-06-27 17:06:37,883 - dy.actions.commenting - INFO - 成功锁定评论区入口，当前评论数标识: 评论17，按钮
2026-06-27 17:06:40,376 - dy.actions.base_action - INFO - <== 动作执行完成: [OpenCommentSectionAction]
2026-06-27 17:06:41,493 - dy.task_runner - INFO - 功能中状态[打开评论区后]: home_or_search
2026-06-27 17:06:41,493 - dy.task_runner - WARNING - 评论区未可靠打开，当前状态: home_or_search
2026-06-27 17:06:42,277 - dy.task_runner - INFO - 状态检查[评论区AI截流/楼中楼回复-打开失败后] 第 1/6 次: home_or_search
2026-06-27 17:06:42,278 - dy.task_runner - INFO - 尝试关闭/返回当前状态[home_or_search] -> 视频页
2026-06-27 17:06:44,340 - dy.task_runner - INFO - 状态检查[评论区AI截流/楼中楼回复-打开失败后] 第 2/6 次: video_page
2026-06-27 17:06:45,887 - dy.task_runner - INFO - 功能后状态[评论区截流]: video_page
2026-06-27 17:06:46,831 - dy.task_runner - INFO - 状态检查[评论区截流-执行后] 第 1/6 次: video_page
2026-06-27 17:06:47,908 - dy.db_manager - INFO - 已连接数据库并校验当日数据表: records_20260627
2026-06-27 17:06:47,909 - dy.task_runner - INFO - 📊 实时数据 -> 视频:23 | 赞:16 | 评:9 | 关:0
2026-06-27 17:06:49,133 - dy.task_runner - INFO - 状态检查[滑动下一个视频前] 第 1/5 次: video_page
2026-06-27 17:06:49,133 - dy.main_controller - INFO - 调度器开始装载动作: SwipeNextVideoAction
2026-06-27 17:06:49,133 - dy.anti_detection - INFO - 🛡️ 防风控引擎已初始化
2026-06-27 17:06:49,133 - dy.actions.base_action - INFO - ==> 准备执行动作: [SwipeNextVideoAction]
2026-06-27 17:07:44,647 - dy.actions.base_action - INFO - <== 动作执行完成: [SwipeNextVideoAction]
2026-06-27 17:07:44,739 - dy.task_runner - INFO - 等待 5.2 秒后处理下一个视频...
2026-06-27 17:07:49,956 - dy.db_manager - INFO - 已连接数据库并校验当日数据表: records_20260627
2026-06-27 17:07:49,957 - dy.task_runner - INFO - 
--- 正在处理第 2/5 个视频 ---
2026-06-27 17:07:52,308 - dy.task_runner - INFO - 状态检查[提取视频信息前] 第 1/4 次: video_page
2026-06-27 17:07:53,529 - dy.task_runner - INFO - 功能前状态[提取视频信息/分享链接]: video_page
2026-06-27 17:07:54,830 - dy.task_runner - INFO - 状态检查[提取视频信息/分享链接-执行前] 第 1/6 次: video_page
2026-06-27 17:07:54,830 - dy.main_controller - INFO - 调度器开始装载动作: GetCurrentVideoLinkAction
2026-06-27 17:07:54,831 - dy.anti_detection - INFO - 🛡️ 防风控引擎已初始化
2026-06-27 17:07:54,831 - dy.actions.base_action - INFO - ==> 准备执行动作: [GetCurrentVideoLinkAction]
2026-06-27 17:07:56,349 - dy.actions.interaction - INFO - 当前视频可见文案兜底: 迦南御默宇闲id:95521600060163 助力良好游戏环境你我他 #没技... 展开
2026-06-27 17:07:56,349 - dy.actions.interaction - WARNING - 稳定模式未打开分享面板提取链接，使用当前页面文案生成兜底视频标识: dy_visible_0c1fa3ef4e0fcc1f
2026-06-27 17:07:56,349 - dy.actions.base_action - INFO - <== 动作执行完成: [GetCurrentVideoLinkAction]
2026-06-27 17:07:58,606 - dy.task_runner - INFO - 功能后状态[提取视频信息/分享链接]: video_page
2026-06-27 17:07:59,976 - dy.task_runner - INFO - 状态检查[提取视频信息/分享链接-执行后] 第 1/6 次: video_page
2026-06-27 17:07:59,979 - dy.db_manager - INFO - 已连接数据库并校验当日数据表: records_20260627
2026-06-27 17:07:59,981 - dy.task_runner - INFO - 🎬 开始对新视频执行互动...
2026-06-27 17:07:59,981 - dy.task_runner - INFO - 📝 当前视频标题: 迦南御默宇闲id:95521600060163 助力良好游戏环境你我他 #没技... 展开
2026-06-27 17:08:01,462 - dy.task_runner - INFO - 功能前状态[点赞]: video_page
2026-06-27 17:08:02,738 - dy.task_runner - INFO - 状态检查[点赞-执行前] 第 1/6 次: video_page
2026-06-27 17:08:02,738 - dy.main_controller - INFO - 调度器开始装载动作: DoubleClickLikeAction
2026-06-27 17:08:02,739 - dy.anti_detection - INFO - 🛡️ 防风控引擎已初始化
2026-06-27 17:08:02,739 - dy.actions.base_action - INFO - ==> 准备执行动作: [DoubleClickLikeAction]
2026-06-27 17:08:04,240 - dy.actions.interaction - INFO - 已短按右侧喜欢按钮: (989, 1378)
2026-06-27 17:08:04,240 - dy.actions.base_action - INFO - <== 动作执行完成: [DoubleClickLikeAction]
2026-06-27 17:08:04,241 - dy.db_manager - INFO - 已连接数据库并校验当日数据表: records_20260627
2026-06-27 17:08:06,042 - dy.task_runner - INFO - 功能后状态[点赞]: video_page
2026-06-27 17:08:07,425 - dy.task_runner - INFO - 状态检查[点赞-执行后] 第 1/6 次: video_page
2026-06-27 17:08:10,434 - dy.task_runner - INFO - 功能前状态[评论区截流]: video_page
2026-06-27 17:08:11,618 - dy.task_runner - INFO - 状态检查[评论区截流-执行前] 第 1/6 次: video_page
2026-06-27 17:08:12,549 - dy.task_runner - INFO - 功能前状态[评论区AI截流/楼中楼回复]: video_page
2026-06-27 17:08:14,157 - dy.task_runner - INFO - 状态检查[评论区AI截流/楼中楼回复-执行前] 第 1/6 次: video_page
2026-06-27 17:08:14,158 - dy.main_controller - INFO - 调度器开始装载动作: OpenCommentSectionAction
2026-06-27 17:08:14,158 - dy.anti_detection - INFO - 🛡️ 防风控引擎已初始化
2026-06-27 17:08:14,158 - dy.actions.base_action - INFO - ==> 准备执行动作: [OpenCommentSectionAction]
2026-06-27 17:08:14,600 - dy.actions.commenting - INFO - 正在通过 content-desc 规律寻找主评论区按钮...
2026-06-27 17:08:15,607 - dy.actions.commenting - INFO - 成功锁定评论区入口，当前评论数标识: 评论25，按钮
2026-06-27 17:08:18,466 - dy.actions.base_action - INFO - <== 动作执行完成: [OpenCommentSectionAction]
2026-06-27 17:08:19,660 - dy.task_runner - INFO - 功能中状态[打开评论区后]: home_or_search
2026-06-27 17:08:19,660 - dy.task_runner - WARNING - 评论区未可靠打开，当前状态: home_or_search
2026-06-27 17:08:20,398 - dy.task_runner - INFO - 状态检查[评论区AI截流/楼中楼回复-打开失败后] 第 1/6 次: home_or_search
2026-06-27 17:08:20,398 - dy.task_runner - INFO - 尝试关闭/返回当前状态[home_or_search] -> 视频页
2026-06-27 17:08:22,700 - dy.task_runner - INFO - 状态检查[评论区AI截流/楼中楼回复-打开失败后] 第 2/6 次: video_page
2026-06-27 17:08:24,618 - dy.task_runner - INFO - 功能后状态[评论区截流]: video_page
2026-06-27 17:08:26,132 - dy.task_runner - INFO - 状态检查[评论区截流-执行后] 第 1/6 次: video_page
2026-06-27 17:08:28,056 - dy.db_manager - INFO - 已连接数据库并校验当日数据表: records_20260627
2026-06-27 17:08:28,057 - dy.task_runner - INFO - 📊 实时数据 -> 视频:24 | 赞:17 | 评:9 | 关:0
2026-06-27 17:08:29,276 - dy.task_runner - INFO - 状态检查[滑动下一个视频前] 第 1/5 次: video_page
2026-06-27 17:08:29,277 - dy.main_controller - INFO - 调度器开始装载动作: SwipeNextVideoAction
2026-06-27 17:08:29,277 - dy.anti_detection - INFO - 🛡️ 防风控引擎已初始化
2026-06-27 17:08:29,277 - dy.actions.base_action - INFO - ==> 准备执行动作: [SwipeNextVideoAction]
2026-06-27 17:09:24,848 - dy.actions.base_action - INFO - <== 动作执行完成: [SwipeNextVideoAction]
2026-06-27 17:09:24,941 - dy.task_runner - INFO - 等待 7.5 秒后处理下一个视频...
2026-06-27 17:09:32,498 - dy.db_manager - INFO - 已连接数据库并校验当日数据表: records_20260627
2026-06-27 17:09:32,498 - dy.task_runner - INFO - 
--- 正在处理第 3/5 个视频 ---
2026-06-27 17:09:34,522 - dy.task_runner - INFO - 状态检查[提取视频信息前] 第 1/4 次: video_page
2026-06-27 17:09:35,757 - dy.task_runner - INFO - 功能前状态[提取视频信息/分享链接]: video_page
2026-06-27 17:09:37,045 - dy.task_runner - INFO - 状态检查[提取视频信息/分享链接-执行前] 第 1/6 次: video_page
2026-06-27 17:09:37,046 - dy.main_controller - INFO - 调度器开始装载动作: GetCurrentVideoLinkAction
2026-06-27 17:09:37,046 - dy.anti_detection - INFO - 🛡️ 防风控引擎已初始化
2026-06-27 17:09:37,046 - dy.actions.base_action - INFO - ==> 准备执行动作: [GetCurrentVideoLinkAction]
2026-06-27 17:09:38,585 - dy.actions.interaction - INFO - 当前视频可见文案兜底: 第18集 | 巫真最细焚决！一期视频学会当前最强英雄！ 巫真教学，从... 展开
2026-06-27 17:09:38,586 - dy.actions.interaction - WARNING - 稳定模式未打开分享面板提取链接，使用当前页面文案生成兜底视频标识: dy_visible_5fd0e3968b6210bd
2026-06-27 17:09:38,586 - dy.actions.base_action - INFO - <== 动作执行完成: [GetCurrentVideoLinkAction]
2026-06-27 17:09:40,936 - dy.task_runner - INFO - 功能后状态[提取视频信息/分享链接]: video_page
2026-06-27 17:09:42,063 - dy.task_runner - INFO - 状态检查[提取视频信息/分享链接-执行后] 第 1/6 次: video_page
2026-06-27 17:09:42,065 - dy.db_manager - INFO - 已连接数据库并校验当日数据表: records_20260627
2026-06-27 17:09:42,068 - dy.task_runner - INFO - 🎬 开始对新视频执行互动...
2026-06-27 17:09:42,068 - dy.task_runner - INFO - 📝 当前视频标题: 第18集 | 巫真最细焚决！一期视频学会当前最强英雄！ 巫真教学，从... 展开
2026-06-27 17:09:42,959 - dy.task_runner - INFO - 功能前状态[点赞]: video_page
2026-06-27 17:09:44,289 - dy.task_runner - INFO - 状态检查[点赞-执行前] 第 1/6 次: video_page
2026-06-27 17:09:44,289 - dy.main_controller - INFO - 调度器开始装载动作: DoubleClickLikeAction
2026-06-27 17:09:44,289 - dy.anti_detection - INFO - 🛡️ 防风控引擎已初始化
2026-06-27 17:09:44,289 - dy.actions.base_action - INFO - ==> 准备执行动作: [DoubleClickLikeAction]
2026-06-27 17:09:45,829 - dy.actions.interaction - INFO - 已短按右侧喜欢按钮: (990, 1257)
2026-06-27 17:09:45,829 - dy.actions.base_action - INFO - <== 动作执行完成: [DoubleClickLikeAction]
2026-06-27 17:09:45,830 - dy.db_manager - INFO - 已连接数据库并校验当日数据表: records_20260627
2026-06-27 17:09:47,648 - dy.task_runner - INFO - 功能后状态[点赞]: video_page
2026-06-27 17:09:49,051 - dy.task_runner - INFO - 状态检查[点赞-执行后] 第 1/6 次: video_page
2026-06-27 17:09:52,023 - dy.task_runner - INFO - 功能前状态[评论区截流]: video_page
2026-06-27 17:09:53,350 - dy.task_runner - INFO - 状态检查[评论区截流-执行前] 第 1/6 次: video_page
2026-06-27 17:09:54,414 - dy.task_runner - INFO - 功能前状态[评论区AI截流/楼中楼回复]: video_page
2026-06-27 17:09:55,536 - dy.task_runner - INFO - 状态检查[评论区AI截流/楼中楼回复-执行前] 第 1/6 次: video_page
2026-06-27 17:09:55,536 - dy.main_controller - INFO - 调度器开始装载动作: OpenCommentSectionAction
2026-06-27 17:09:55,536 - dy.anti_detection - INFO - 🛡️ 防风控引擎已初始化
2026-06-27 17:09:55,536 - dy.actions.base_action - INFO - ==> 准备执行动作: [OpenCommentSectionAction]
2026-06-27 17:09:55,977 - dy.actions.commenting - INFO - 正在通过 content-desc 规律寻找主评论区按钮...
2026-06-27 17:09:57,064 - dy.actions.commenting - INFO - 成功锁定评论区入口，当前评论数标识: 评论14，按钮
2026-06-27 17:09:59,180 - dy.actions.base_action - INFO - <== 动作执行完成: [OpenCommentSectionAction]
2026-06-27 17:10:00,764 - dy.task_runner - INFO - 功能中状态[打开评论区后]: home_or_search
2026-06-27 17:10:00,764 - dy.task_runner - WARNING - 评论区未可靠打开，当前状态: home_or_search
2026-06-27 17:10:01,726 - dy.task_runner - INFO - 状态检查[评论区AI截流/楼中楼回复-打开失败后] 第 1/6 次: home_or_search
2026-06-27 17:10:01,726 - dy.task_runner - INFO - 尝试关闭/返回当前状态[home_or_search] -> 视频页
2026-06-27 17:10:03,746 - dy.task_runner - INFO - 状态检查[评论区AI截流/楼中楼回复-打开失败后] 第 2/6 次: video_page
2026-06-27 17:10:05,922 - dy.task_runner - INFO - 功能后状态[评论区截流]: video_page
2026-06-27 17:10:07,021 - dy.task_runner - INFO - 状态检查[评论区截流-执行后] 第 1/6 次: video_page
2026-06-27 17:10:08,345 - dy.db_manager - INFO - 已连接数据库并校验当日数据表: records_20260627
2026-06-27 17:10:08,345 - dy.task_runner - INFO - 📊 实时数据 -> 视频:25 | 赞:18 | 评:9 | 关:0
2026-06-27 17:10:09,649 - dy.task_runner - INFO - 状态检查[滑动下一个视频前] 第 1/5 次: video_page
2026-06-27 17:10:09,649 - dy.main_controller - INFO - 调度器开始装载动作: SwipeNextVideoAction
2026-06-27 17:10:09,649 - dy.anti_detection - INFO - 🛡️ 防风控引擎已初始化
2026-06-27 17:10:09,649 - dy.actions.base_action - INFO - ==> 准备执行动作: [SwipeNextVideoAction]
2026-06-27 17:11:05,069 - dy.actions.base_action - INFO - <== 动作执行完成: [SwipeNextVideoAction]
2026-06-27 17:11:05,163 - dy.task_runner - INFO - 等待 5.6 秒后处理下一个视频...
2026-06-27 17:11:10,811 - dy.db_manager - INFO - 已连接数据库并校验当日数据表: records_20260627
2026-06-27 17:11:10,812 - dy.task_runner - INFO - 
--- 正在处理第 4/5 个视频 ---
2026-06-27 17:11:13,583 - dy.task_runner - INFO - 状态检查[提取视频信息前] 第 1/4 次: video_page
2026-06-27 17:11:14,603 - dy.task_runner - INFO - 功能前状态[提取视频信息/分享链接]: video_page
2026-06-27 17:11:16,288 - dy.task_runner - INFO - 状态检查[提取视频信息/分享链接-执行前] 第 1/6 次: video_page
2026-06-27 17:11:16,288 - dy.main_controller - INFO - 调度器开始装载动作: GetCurrentVideoLinkAction
2026-06-27 17:11:16,288 - dy.anti_detection - INFO - 🛡️ 防风控引擎已初始化
2026-06-27 17:11:16,288 - dy.actions.base_action - INFO - ==> 准备执行动作: [GetCurrentVideoLinkAction]
2026-06-27 17:11:17,905 - dy.actions.interaction - INFO - 当前视频可见文案兜底: 岳山凌波微步笑死我了 宛渠水下英雄技能测试#永劫无间2026周年... 展开
2026-06-27 17:11:17,906 - dy.actions.interaction - WARNING - 稳定模式未打开分享面板提取链接，使用当前页面文案生成兜底视频标识: dy_visible_72c8d1ecd6643517
2026-06-27 17:11:17,906 - dy.actions.base_action - INFO - <== 动作执行完成: [GetCurrentVideoLinkAction]
2026-06-27 17:11:20,390 - dy.task_runner - INFO - 功能后状态[提取视频信息/分享链接]: video_page
2026-06-27 17:11:21,908 - dy.task_runner - INFO - 状态检查[提取视频信息/分享链接-执行后] 第 1/6 次: video_page
2026-06-27 17:11:21,910 - dy.db_manager - INFO - 已连接数据库并校验当日数据表: records_20260627
2026-06-27 17:11:21,913 - dy.task_runner - INFO - 🎬 开始对新视频执行互动...
2026-06-27 17:11:21,913 - dy.task_runner - INFO - 📝 当前视频标题: 岳山凌波微步笑死我了 宛渠水下英雄技能测试#永劫无间2026周年... 展开
2026-06-27 17:11:23,131 - dy.task_runner - INFO - 功能前状态[点赞]: video_page
2026-06-27 17:11:24,730 - dy.task_runner - INFO - 状态检查[点赞-执行前] 第 1/6 次: video_page
2026-06-27 17:11:24,730 - dy.main_controller - INFO - 调度器开始装载动作: DoubleClickLikeAction
2026-06-27 17:11:24,731 - dy.anti_detection - INFO - 🛡️ 防风控引擎已初始化
2026-06-27 17:11:24,731 - dy.actions.base_action - INFO - ==> 准备执行动作: [DoubleClickLikeAction]
2026-06-27 17:11:26,503 - dy.actions.interaction - INFO - 已短按右侧喜欢按钮: (990, 1260)
2026-06-27 17:11:26,503 - dy.actions.base_action - INFO - <== 动作执行完成: [DoubleClickLikeAction]
2026-06-27 17:11:26,503 - dy.db_manager - INFO - 已连接数据库并校验当日数据表: records_20260627
2026-06-27 17:11:28,970 - dy.task_runner - INFO - 功能后状态[点赞]: video_page
2026-06-27 17:11:30,388 - dy.task_runner - INFO - 状态检查[点赞-执行后] 第 1/6 次: video_page
2026-06-27 17:11:33,612 - dy.task_runner - INFO - 功能前状态[评论区截流]: video_page
2026-06-27 17:11:34,868 - dy.task_runner - INFO - 状态检查[评论区截流-执行前] 第 1/6 次: video_page
2026-06-27 17:11:36,328 - dy.task_runner - INFO - 功能前状态[评论区AI截流/楼中楼回复]: video_page
2026-06-27 17:11:37,818 - dy.task_runner - INFO - 状态检查[评论区AI截流/楼中楼回复-执行前] 第 1/6 次: video_page
2026-06-27 17:11:37,818 - dy.main_controller - INFO - 调度器开始装载动作: OpenCommentSectionAction
2026-06-27 17:11:37,819 - dy.anti_detection - INFO - 🛡️ 防风控引擎已初始化
2026-06-27 17:11:37,819 - dy.actions.base_action - INFO - ==> 准备执行动作: [OpenCommentSectionAction]
2026-06-27 17:11:38,274 - dy.actions.commenting - INFO - 正在通过 content-desc 规律寻找主评论区按钮...
2026-06-27 17:11:39,433 - dy.actions.commenting - INFO - 成功锁定评论区入口，当前评论数标识: 评论293，按钮
2026-06-27 17:11:41,233 - dy.actions.base_action - INFO - <== 动作执行完成: [OpenCommentSectionAction]
2026-06-27 17:11:42,501 - dy.task_runner - INFO - 功能中状态[打开评论区后]: home_or_search
2026-06-27 17:11:42,501 - dy.task_runner - WARNING - 评论区未可靠打开，当前状态: home_or_search
2026-06-27 17:11:43,224 - dy.task_runner - INFO - 状态检查[评论区AI截流/楼中楼回复-打开失败后] 第 1/6 次: home_or_search
2026-06-27 17:11:43,224 - dy.task_runner - INFO - 尝试关闭/返回当前状态[home_or_search] -> 视频页
2026-06-27 17:11:45,925 - dy.task_runner - INFO - 状态检查[评论区AI截流/楼中楼回复-打开失败后] 第 2/6 次: video_page
2026-06-27 17:11:48,756 - dy.task_runner - INFO - 功能后状态[评论区截流]: video_page
2026-06-27 17:11:50,178 - dy.task_runner - INFO - 状态检查[评论区截流-执行后] 第 1/6 次: video_page
2026-06-27 17:11:51,432 - dy.db_manager - INFO - 已连接数据库并校验当日数据表: records_20260627
2026-06-27 17:11:51,433 - dy.task_runner - INFO - 📊 实时数据 -> 视频:26 | 赞:19 | 评:9 | 关:0
2026-06-27 17:11:53,225 - dy.task_runner - INFO - 状态检查[滑动下一个视频前] 第 1/5 次: video_page
2026-06-27 17:11:53,225 - dy.anti_detection - INFO - 模拟行为: 快速划过视频
2026-06-27 17:11:54,348 - dy.task_runner - INFO - 等待 7.2 秒后处理下一个视频...
2026-06-27 17:12:01,582 - dy.db_manager - INFO - 已连接数据库并校验当日数据表: records_20260627
2026-06-27 17:12:01,582 - dy.task_runner - INFO - 
--- 正在处理第 5/5 个视频 ---
2026-06-27 17:12:03,967 - dy.task_runner - INFO - 状态检查[提取视频信息前] 第 1/4 次: video_page
2026-06-27 17:12:04,969 - dy.task_runner - INFO - 功能前状态[提取视频信息/分享链接]: video_page
2026-06-27 17:12:06,228 - dy.task_runner - INFO - 状态检查[提取视频信息/分享链接-执行前] 第 1/6 次: video_page
2026-06-27 17:12:06,228 - dy.main_controller - INFO - 调度器开始装载动作: GetCurrentVideoLinkAction
2026-06-27 17:12:06,228 - dy.anti_detection - INFO - 🛡️ 防风控引擎已初始化
2026-06-27 17:12:06,228 - dy.actions.base_action - INFO - ==> 准备执行动作: [GetCurrentVideoLinkAction]
2026-06-27 17:12:08,068 - dy.actions.interaction - INFO - 当前视频可见文案兜底: 紫萍大王 天下无双！#永劫无间#殷紫萍玉髓冰心 #ooc
2026-06-27 17:12:08,068 - dy.actions.interaction - WARNING - 稳定模式未打开分享面板提取链接，使用当前页面文案生成兜底视频标识: dy_visible_fc3cc0898d61ba84
2026-06-27 17:12:08,069 - dy.actions.base_action - INFO - <== 动作执行完成: [GetCurrentVideoLinkAction]
2026-06-27 17:12:10,036 - dy.task_runner - INFO - 功能后状态[提取视频信息/分享链接]: video_page
2026-06-27 17:12:11,360 - dy.task_runner - INFO - 状态检查[提取视频信息/分享链接-执行后] 第 1/6 次: video_page
2026-06-27 17:12:11,362 - dy.db_manager - INFO - 已连接数据库并校验当日数据表: records_20260627
2026-06-27 17:12:11,364 - dy.task_runner - INFO - 🎬 开始对新视频执行互动...
2026-06-27 17:12:11,364 - dy.task_runner - INFO - 📝 当前视频标题: 紫萍大王 天下无双！#永劫无间#殷紫萍玉髓冰心 #ooc
2026-06-27 17:12:12,397 - dy.task_runner - INFO - 功能前状态[点赞]: video_page
2026-06-27 17:12:13,527 - dy.task_runner - INFO - 状态检查[点赞-执行前] 第 1/6 次: video_page
2026-06-27 17:12:13,527 - dy.main_controller - INFO - 调度器开始装载动作: DoubleClickLikeAction
2026-06-27 17:12:13,527 - dy.anti_detection - INFO - 🛡️ 防风控引擎已初始化
2026-06-27 17:12:13,527 - dy.actions.base_action - INFO - ==> 准备执行动作: [DoubleClickLikeAction]
2026-06-27 17:12:15,087 - dy.actions.interaction - INFO - 已短按右侧喜欢按钮: (989, 1381)
2026-06-27 17:12:15,087 - dy.actions.base_action - INFO - <== 动作执行完成: [DoubleClickLikeAction]
2026-06-27 17:12:15,088 - dy.db_manager - INFO - 已连接数据库并校验当日数据表: records_20260627
2026-06-27 17:12:16,532 - dy.task_runner - INFO - 功能后状态[点赞]: video_page
2026-06-27 17:12:17,833 - dy.task_runner - INFO - 状态检查[点赞-执行后] 第 1/6 次: video_page
2026-06-27 17:12:20,096 - dy.task_runner - INFO - 功能前状态[评论区截流]: video_page
2026-06-27 17:12:21,358 - dy.task_runner - INFO - 状态检查[评论区截流-执行前] 第 1/6 次: video_page
2026-06-27 17:12:22,338 - dy.task_runner - INFO - 功能前状态[评论区AI截流/楼中楼回复]: video_page
2026-06-27 17:12:23,938 - dy.task_runner - INFO - 状态检查[评论区AI截流/楼中楼回复-执行前] 第 1/6 次: video_page
2026-06-27 17:12:23,938 - dy.main_controller - INFO - 调度器开始装载动作: OpenCommentSectionAction
2026-06-27 17:12:23,938 - dy.anti_detection - INFO - 🛡️ 防风控引擎已初始化
2026-06-27 17:12:23,938 - dy.actions.base_action - INFO - ==> 准备执行动作: [OpenCommentSectionAction]
2026-06-27 17:12:24,310 - dy.actions.commenting - INFO - 正在通过 content-desc 规律寻找主评论区按钮...
2026-06-27 17:12:25,437 - dy.actions.commenting - INFO - 成功锁定评论区入口，当前评论数标识: 评论23，按钮
2026-06-27 17:12:28,468 - dy.actions.base_action - INFO - <== 动作执行完成: [OpenCommentSectionAction]
2026-06-27 17:12:29,858 - dy.task_runner - INFO - 功能中状态[打开评论区后]: video_page
2026-06-27 17:12:29,858 - dy.task_runner - WARNING - 评论区未可靠打开，当前状态: video_page
2026-06-27 17:12:30,743 - dy.task_runner - INFO - 状态检查[评论区AI截流/楼中楼回复-打开失败后] 第 1/6 次: video_page
2026-06-27 17:12:31,688 - dy.task_runner - INFO - 功能后状态[评论区截流]: video_page
2026-06-27 17:12:32,341 - dy.task_runner - INFO - 状态检查[评论区截流-执行后] 第 1/6 次: video_page
2026-06-27 17:12:34,616 - dy.db_manager - INFO - 已连接数据库并校验当日数据表: records_20260627
2026-06-27 17:12:34,617 - dy.task_runner - INFO - 📊 实时数据 -> 视频:27 | 赞:20 | 评:9 | 关:0
2026-06-27 17:12:35,592 - dy.task_runner - INFO - 状态检查[滑动下一个视频前] 第 1/5 次: video_page
2026-06-27 17:12:35,592 - dy.main_controller - INFO - 调度器开始装载动作: SwipeNextVideoAction
2026-06-27 17:12:35,593 - dy.anti_detection - INFO - 🛡️ 防风控引擎已初始化
2026-06-27 17:12:35,593 - dy.actions.base_action - INFO - ==> 准备执行动作: [SwipeNextVideoAction]
2026-06-27 17:13:31,144 - dy.actions.base_action - INFO - <== 动作执行完成: [SwipeNextVideoAction]
2026-06-27 17:13:31,217 - dy.task_runner - INFO - 等待 6.1 秒后处理下一个视频...
2026-06-27 17:13:37,302 - dy.main_controller - INFO - 调度器开始装载动作: ResetToSearchAction
2026-06-27 17:13:37,302 - dy.anti_detection - INFO - 🛡️ 防风控引擎已初始化
2026-06-27 17:13:37,302 - dy.actions.base_action - INFO - ==> 准备执行动作: [ResetToSearchAction]
2026-06-27 17:13:37,767 - dy.actions.navigation - INFO - 执行 5 次返回以重置到首页状态...
2026-06-27 17:13:46,545 - dy.actions.base_action - INFO - <== 动作执行完成: [ResetToSearchAction]
2026-06-27 17:13:46,545 - dy.task_runner - INFO - 
>>> 开始处理关键词: 三角洲 <<<
2026-06-27 17:13:46,545 - dy.main_controller - INFO - 调度器开始装载动作: EnterSearchAction
2026-06-27 17:13:46,545 - dy.anti_detection - INFO - 🛡️ 防风控引擎已初始化
2026-06-27 17:13:46,545 - dy.actions.base_action - INFO - ==> 准备执行动作: [EnterSearchAction]
2026-06-27 17:13:46,992 - dy.actions.navigation - INFO - 正在搜索关键词: 三角洲
2026-06-27 17:13:47,680 - dy.actions.navigation - INFO - 通过 XPath 成功点击搜索按钮
2026-06-27 17:13:56,533 - dy.actions.navigation - INFO - 成功切换到'视频'页签
2026-06-27 17:13:58,475 - dy.actions.base_action - INFO - <== 动作执行完成: [EnterSearchAction]
2026-06-27 17:13:58,475 - dy.main_controller - INFO - 调度器开始装载动作: ApplyFiltersAction
2026-06-27 17:13:58,475 - dy.anti_detection - INFO - 🛡️ 防风控引擎已初始化
2026-06-27 17:13:58,475 - dy.actions.base_action - INFO - ==> 准备执行动作: [ApplyFiltersAction]
2026-06-27 17:13:58,898 - dy.actions.navigation - INFO - >>> 自动化配对成功：模式[latest] -> 点击按钮[最新发布] <<<
2026-06-27 17:14:02,387 - dy.actions.navigation - INFO - 已成功选择排序方式: 最新发布
2026-06-27 17:14:03,481 - dy.actions.navigation - INFO - 已点击选择: 还未看过
2026-06-27 17:14:07,915 - dy.actions.navigation - INFO - 已点击'视频'页签辅助收起面板
2026-06-27 17:14:09,766 - dy.actions.navigation - INFO - --- 工作流切换完全执行：最新发布 ---
2026-06-27 17:14:09,769 - dy.actions.base_action - INFO - <== 动作执行完成: [ApplyFiltersAction]
2026-06-27 17:14:09,769 - dy.main_controller - INFO - 调度器开始装载动作: EnterFirstVideoAction
2026-06-27 17:14:09,769 - dy.anti_detection - INFO - 🛡️ 防风控引擎已初始化
2026-06-27 17:14:09,769 - dy.actions.base_action - INFO - ==> 准备执行动作: [EnterFirstVideoAction]
2026-06-27 17:14:10,222 - dy.actions.navigation - INFO - 正在定位第一个视频...
2026-06-27 17:14:10,559 - dy.actions.navigation - INFO - 识别到视频文案: 不出裂变赛季全红不结束（一）落地打牌打最...
2026-06-27 17:14:16,038 - dy.actions.base_action - INFO - <== 动作执行完成: [EnterFirstVideoAction]
2026-06-27 17:14:19,045 - dy.db_manager - INFO - 已连接数据库并校验当日数据表: records_20260627
2026-06-27 17:14:19,045 - dy.task_runner - INFO - 
--- 正在处理第 1/5 个视频 ---
2026-06-27 17:14:20,361 - dy.task_runner - INFO - 状态检查[提取视频信息前] 第 1/4 次: video_page
2026-06-27 17:14:20,869 - dy.task_runner - INFO - 功能前状态[提取视频信息/分享链接]: video_page
2026-06-27 17:14:21,613 - dy.task_runner - INFO - 状态检查[提取视频信息/分享链接-执行前] 第 1/6 次: video_page
2026-06-27 17:14:21,613 - dy.main_controller - INFO - 调度器开始装载动作: GetCurrentVideoLinkAction
2026-06-27 17:14:21,613 - dy.anti_detection - INFO - 🛡️ 防风控引擎已初始化
2026-06-27 17:14:21,613 - dy.actions.base_action - INFO - ==> 准备执行动作: [GetCurrentVideoLinkAction]
2026-06-27 17:14:22,830 - dy.actions.interaction - INFO - 当前视频可见文案兜底: 不出裂变赛季全红不结束（一）落地打牌打最后一队的来！@小里电... 展开
2026-06-27 17:14:22,831 - dy.actions.interaction - WARNING - 稳定模式未打开分享面板提取链接，使用当前页面文案生成兜底视频标识: dy_visible_5642460e6dfc0d4d
2026-06-27 17:14:22,831 - dy.actions.base_action - INFO - <== 动作执行完成: [GetCurrentVideoLinkAction]
2026-06-27 17:14:23,972 - dy.task_runner - INFO - 功能后状态[提取视频信息/分享链接]: video_page
2026-06-27 17:14:24,702 - dy.task_runner - INFO - 状态检查[提取视频信息/分享链接-执行后] 第 1/6 次: video_page
2026-06-27 17:14:24,702 - dy.db_manager - INFO - 已连接数据库并校验当日数据表: records_20260627
2026-06-27 17:14:24,704 - dy.task_runner - INFO - 🎬 开始对新视频执行互动...
2026-06-27 17:14:24,704 - dy.task_runner - INFO - 📝 当前视频标题: 不出裂变赛季全红不结束（一）落地打牌打最后一队的来！@小里电... 展开
2026-06-27 17:14:25,136 - dy.task_runner - INFO - 功能前状态[点赞]: video_page
2026-06-27 17:14:25,829 - dy.task_runner - INFO - 状态检查[点赞-执行前] 第 1/6 次: video_page
2026-06-27 17:14:25,829 - dy.main_controller - INFO - 调度器开始装载动作: DoubleClickLikeAction
2026-06-27 17:14:25,829 - dy.anti_detection - INFO - 🛡️ 防风控引擎已初始化
2026-06-27 17:14:25,829 - dy.actions.base_action - INFO - ==> 准备执行动作: [DoubleClickLikeAction]
2026-06-27 17:14:27,318 - dy.actions.interaction - INFO - 已短按右侧喜欢按钮: (990, 1257)
2026-06-27 17:14:27,318 - dy.actions.base_action - INFO - <== 动作执行完成: [DoubleClickLikeAction]
2026-06-27 17:14:27,325 - dy.db_manager - INFO - 已连接数据库并校验当日数据表: records_20260627
2026-06-27 17:14:28,158 - dy.task_runner - INFO - 功能后状态[点赞]: video_page
2026-06-27 17:14:29,083 - dy.task_runner - INFO - 状态检查[点赞-执行后] 第 1/6 次: video_page
2026-06-27 17:14:30,983 - dy.task_runner - INFO - 功能前状态[评论区截流]: video_page
2026-06-27 17:14:31,791 - dy.task_runner - INFO - 状态检查[评论区截流-执行前] 第 1/6 次: video_page
2026-06-27 17:14:32,386 - dy.task_runner - INFO - 功能前状态[评论区AI截流/楼中楼回复]: video_page
2026-06-27 17:14:33,118 - dy.task_runner - INFO - 状态检查[评论区AI截流/楼中楼回复-执行前] 第 1/6 次: video_page
2026-06-27 17:14:33,119 - dy.main_controller - INFO - 调度器开始装载动作: OpenCommentSectionAction
2026-06-27 17:14:33,119 - dy.anti_detection - INFO - 🛡️ 防风控引擎已初始化
2026-06-27 17:14:33,119 - dy.actions.base_action - INFO - ==> 准备执行动作: [OpenCommentSectionAction]
2026-06-27 17:14:33,591 - dy.actions.commenting - INFO - 正在通过 content-desc 规律寻找主评论区按钮...
2026-06-27 17:14:34,056 - dy.actions.commenting - INFO - 成功锁定评论区入口，当前评论数标识: 评论141，按钮
2026-06-27 17:14:35,918 - dy.actions.base_action - INFO - <== 动作执行完成: [OpenCommentSectionAction]
2026-06-27 17:14:36,689 - dy.task_runner - INFO - 功能中状态[打开评论区后]: home_or_search
2026-06-27 17:14:36,689 - dy.task_runner - WARNING - 评论区未可靠打开，当前状态: home_or_search
2026-06-27 17:14:37,308 - dy.task_runner - INFO - 状态检查[评论区AI截流/楼中楼回复-打开失败后] 第 1/6 次: home_or_search
2026-06-27 17:14:37,308 - dy.task_runner - INFO - 尝试关闭/返回当前状态[home_or_search] -> 视频页
2026-06-27 17:14:39,267 - dy.task_runner - INFO - 状态检查[评论区AI截流/楼中楼回复-打开失败后] 第 2/6 次: video_page
2026-06-27 17:14:40,556 - dy.task_runner - INFO - 功能后状态[评论区截流]: video_page
2026-06-27 17:14:41,377 - dy.task_runner - INFO - 状态检查[评论区截流-执行后] 第 1/6 次: video_page
2026-06-27 17:14:43,069 - dy.db_manager - INFO - 已连接数据库并校验当日数据表: records_20260627
2026-06-27 17:14:43,069 - dy.task_runner - INFO - 📊 实时数据 -> 视频:28 | 赞:21 | 评:9 | 关:0
2026-06-27 17:14:43,953 - dy.task_runner - INFO - 状态检查[滑动下一个视频前] 第 1/5 次: video_page
2026-06-27 17:14:43,953 - dy.main_controller - INFO - 调度器开始装载动作: SwipeNextVideoAction
2026-06-27 17:14:43,953 - dy.anti_detection - INFO - 🛡️ 防风控引擎已初始化
2026-06-27 17:14:43,953 - dy.actions.base_action - INFO - ==> 准备执行动作: [SwipeNextVideoAction]
2026-06-27 17:15:39,653 - dy.actions.base_action - INFO - <== 动作执行完成: [SwipeNextVideoAction]
2026-06-27 17:15:39,766 - dy.task_runner - INFO - 等待 7.6 秒后处理下一个视频...
2026-06-27 17:15:47,408 - dy.db_manager - INFO - 已连接数据库并校验当日数据表: records_20260627
2026-06-27 17:15:47,409 - dy.task_runner - INFO - 
--- 正在处理第 2/5 个视频 ---
2026-06-27 17:15:49,606 - dy.task_runner - INFO - 状态检查[提取视频信息前] 第 1/4 次: video_page
2026-06-27 17:15:50,590 - dy.task_runner - INFO - 功能前状态[提取视频信息/分享链接]: video_page
2026-06-27 17:15:51,869 - dy.task_runner - INFO - 状态检查[提取视频信息/分享链接-执行前] 第 1/6 次: video_page
2026-06-27 17:15:51,869 - dy.main_controller - INFO - 调度器开始装载动作: GetCurrentVideoLinkAction
2026-06-27 17:15:51,869 - dy.anti_detection - INFO - 🛡️ 防风控引擎已初始化
2026-06-27 17:15:51,869 - dy.actions.base_action - INFO - ==> 准备执行动作: [GetCurrentVideoLinkAction]
2026-06-27 17:15:53,491 - dy.actions.interaction - INFO - 当前视频可见文案兜底: 核电站露天刷卡点位 #三角洲行动#三角洲不可能挑战 #三角洲s10... 展开
2026-06-27 17:15:53,491 - dy.actions.interaction - WARNING - 稳定模式未打开分享面板提取链接，使用当前页面文案生成兜底视频标识: dy_visible_a830922fa3e807da
2026-06-27 17:15:53,492 - dy.actions.base_action - INFO - <== 动作执行完成: [GetCurrentVideoLinkAction]
2026-06-27 17:15:55,325 - dy.task_runner - INFO - 功能后状态[提取视频信息/分享链接]: video_page
2026-06-27 17:15:56,816 - dy.task_runner - INFO - 状态检查[提取视频信息/分享链接-执行后] 第 1/6 次: video_page
2026-06-27 17:15:56,816 - dy.db_manager - INFO - 已连接数据库并校验当日数据表: records_20260627
2026-06-27 17:15:56,818 - dy.task_runner - INFO - 🎬 开始对新视频执行互动...
2026-06-27 17:15:56,818 - dy.task_runner - INFO - 📝 当前视频标题: 核电站露天刷卡点位 #三角洲行动#三角洲不可能挑战 #三角洲s10... 展开
2026-06-27 17:15:57,717 - dy.task_runner - INFO - 功能前状态[点赞]: video_page
2026-06-27 17:15:58,792 - dy.task_runner - INFO - 状态检查[点赞-执行前] 第 1/6 次: video_page
2026-06-27 17:15:58,792 - dy.main_controller - INFO - 调度器开始装载动作: DoubleClickLikeAction
2026-06-27 17:15:58,792 - dy.anti_detection - INFO - 🛡️ 防风控引擎已初始化
2026-06-27 17:15:58,792 - dy.actions.base_action - INFO - ==> 准备执行动作: [DoubleClickLikeAction]
2026-06-27 17:16:00,587 - dy.actions.interaction - INFO - 已短按右侧喜欢按钮: (990, 1376)
2026-06-27 17:16:00,588 - dy.actions.base_action - INFO - <== 动作执行完成: [DoubleClickLikeAction]
2026-06-27 17:16:00,597 - dy.db_manager - INFO - 已连接数据库并校验当日数据表: records_20260627
2026-06-27 17:16:02,024 - dy.task_runner - INFO - 功能后状态[点赞]: video_page
2026-06-27 17:16:03,072 - dy.task_runner - INFO - 状态检查[点赞-执行后] 第 1/6 次: video_page
2026-06-27 17:16:05,157 - dy.task_runner - INFO - 功能前状态[评论区截流]: video_page
2026-06-27 17:16:06,159 - dy.task_runner - INFO - 状态检查[评论区截流-执行前] 第 1/6 次: video_page
2026-06-27 17:16:06,911 - dy.task_runner - INFO - 功能前状态[评论区AI截流/楼中楼回复]: video_page
2026-06-27 17:16:07,749 - dy.task_runner - INFO - 状态检查[评论区AI截流/楼中楼回复-执行前] 第 1/6 次: video_page
2026-06-27 17:16:07,750 - dy.main_controller - INFO - 调度器开始装载动作: OpenCommentSectionAction
2026-06-27 17:16:07,750 - dy.anti_detection - INFO - 🛡️ 防风控引擎已初始化
2026-06-27 17:16:07,750 - dy.actions.base_action - INFO - ==> 准备执行动作: [OpenCommentSectionAction]
2026-06-27 17:16:08,136 - dy.actions.commenting - INFO - 正在通过 content-desc 规律寻找主评论区按钮...
2026-06-27 17:16:09,324 - dy.actions.commenting - INFO - 成功锁定评论区入口，当前评论数标识: 评论12，按钮
2026-06-27 17:16:12,333 - dy.actions.base_action - INFO - <== 动作执行完成: [OpenCommentSectionAction]
2026-06-27 17:16:13,544 - dy.task_runner - INFO - 功能中状态[打开评论区后]: home_or_search
2026-06-27 17:16:13,544 - dy.task_runner - WARNING - 评论区未可靠打开，当前状态: home_or_search
2026-06-27 17:16:14,446 - dy.task_runner - INFO - 状态检查[评论区AI截流/楼中楼回复-打开失败后] 第 1/6 次: home_or_search
2026-06-27 17:16:14,446 - dy.task_runner - INFO - 尝试关闭/返回当前状态[home_or_search] -> 视频页
2026-06-27 17:16:16,737 - dy.task_runner - INFO - 状态检查[评论区AI截流/楼中楼回复-打开失败后] 第 2/6 次: video_page
2026-06-27 17:16:18,697 - dy.task_runner - INFO - 功能后状态[评论区截流]: video_page
2026-06-27 17:16:19,759 - dy.task_runner - INFO - 状态检查[评论区截流-执行后] 第 1/6 次: video_page
2026-06-27 17:16:20,776 - dy.db_manager - INFO - 已连接数据库并校验当日数据表: records_20260627
2026-06-27 17:16:20,777 - dy.task_runner - INFO - 📊 实时数据 -> 视频:29 | 赞:22 | 评:9 | 关:0
2026-06-27 17:16:22,010 - dy.task_runner - INFO - 状态检查[滑动下一个视频前] 第 1/5 次: video_page
2026-06-27 17:16:22,010 - dy.main_controller - INFO - 调度器开始装载动作: SwipeNextVideoAction
2026-06-27 17:16:22,010 - dy.anti_detection - INFO - 🛡️ 防风控引擎已初始化
2026-06-27 17:16:22,010 - dy.actions.base_action - INFO - ==> 准备执行动作: [SwipeNextVideoAction]
2026-06-27 17:17:17,289 - dy.actions.base_action - INFO - <== 动作执行完成: [SwipeNextVideoAction]
2026-06-27 17:17:17,362 - dy.task_runner - INFO - 等待 7.6 秒后处理下一个视频...
2026-06-27 17:17:24,986 - dy.db_manager - INFO - 已连接数据库并校验当日数据表: records_20260627
2026-06-27 17:17:24,986 - dy.task_runner - INFO - 
--- 正在处理第 3/5 个视频 ---
2026-06-27 17:17:27,332 - dy.task_runner - INFO - 状态检查[提取视频信息前] 第 1/4 次: video_page
2026-06-27 17:17:28,110 - dy.task_runner - INFO - 功能前状态[提取视频信息/分享链接]: video_page
2026-06-27 17:17:29,161 - dy.task_runner - INFO - 状态检查[提取视频信息/分享链接-执行前] 第 1/6 次: video_page
2026-06-27 17:17:29,161 - dy.main_controller - INFO - 调度器开始装载动作: GetCurrentVideoLinkAction
2026-06-27 17:17:29,161 - dy.anti_detection - INFO - 🛡️ 防风控引擎已初始化
2026-06-27 17:17:29,161 - dy.actions.base_action - INFO - ==> 准备执行动作: [GetCurrentVideoLinkAction]
2026-06-27 17:17:30,684 - dy.actions.interaction - INFO - 当前视频可见文案兜底: 威龙 单三 12s 全局清图思路解析 #三角洲行动 #三角洲s10裂变新... 展开
2026-06-27 17:17:30,685 - dy.actions.interaction - WARNING - 稳定模式未打开分享面板提取链接，使用当前页面文案生成兜底视频标识: dy_visible_f87d163a57e39096
2026-06-27 17:17:30,685 - dy.actions.base_action - INFO - <== 动作执行完成: [GetCurrentVideoLinkAction]
2026-06-27 17:17:32,826 - dy.task_runner - INFO - 功能后状态[提取视频信息/分享链接]: video_page
2026-06-27 17:17:34,188 - dy.task_runner - INFO - 状态检查[提取视频信息/分享链接-执行后] 第 1/6 次: video_page
2026-06-27 17:17:34,189 - dy.db_manager - INFO - 已连接数据库并校验当日数据表: records_20260627
2026-06-27 17:17:34,191 - dy.task_runner - INFO - 🎬 开始对新视频执行互动...
2026-06-27 17:17:34,191 - dy.task_runner - INFO - 📝 当前视频标题: 威龙 单三 12s 全局清图思路解析 #三角洲行动 #三角洲s10裂变新... 展开
2026-06-27 17:17:35,146 - dy.task_runner - INFO - 功能前状态[点赞]: video_page
2026-06-27 17:17:36,172 - dy.task_runner - INFO - 状态检查[点赞-执行前] 第 1/6 次: video_page
2026-06-27 17:17:36,172 - dy.main_controller - INFO - 调度器开始装载动作: DoubleClickLikeAction
2026-06-27 17:17:36,172 - dy.anti_detection - INFO - 🛡️ 防风控引擎已初始化
2026-06-27 17:17:36,172 - dy.actions.base_action - INFO - ==> 准备执行动作: [DoubleClickLikeAction]
2026-06-27 17:17:37,545 - dy.actions.interaction - INFO - 已短按右侧喜欢按钮: (990, 1257)
2026-06-27 17:17:37,545 - dy.actions.base_action - INFO - <== 动作执行完成: [DoubleClickLikeAction]
2026-06-27 17:17:37,545 - dy.db_manager - INFO - 已连接数据库并校验当日数据表: records_20260627
2026-06-27 17:17:38,793 - dy.task_runner - INFO - 功能后状态[点赞]: video_page
2026-06-27 17:17:39,946 - dy.task_runner - INFO - 状态检查[点赞-执行后] 第 1/6 次: video_page
2026-06-27 17:17:42,614 - dy.task_runner - INFO - 功能前状态[评论区截流]: video_page
2026-06-27 17:17:43,748 - dy.task_runner - INFO - 状态检查[评论区截流-执行前] 第 1/6 次: video_page
2026-06-27 17:17:44,616 - dy.task_runner - INFO - 功能前状态[评论区AI截流/楼中楼回复]: video_page
2026-06-27 17:17:45,560 - dy.task_runner - INFO - 状态检查[评论区AI截流/楼中楼回复-执行前] 第 1/6 次: video_page
2026-06-27 17:17:45,560 - dy.main_controller - INFO - 调度器开始装载动作: OpenCommentSectionAction
2026-06-27 17:17:45,560 - dy.anti_detection - INFO - 🛡️ 防风控引擎已初始化
2026-06-27 17:17:45,560 - dy.actions.base_action - INFO - ==> 准备执行动作: [OpenCommentSectionAction]
2026-06-27 17:17:45,993 - dy.actions.commenting - INFO - 正在通过 content-desc 规律寻找主评论区按钮...
2026-06-27 17:17:47,023 - dy.actions.commenting - INFO - 成功锁定评论区入口，当前评论数标识: 评论86，按钮
2026-06-27 17:17:48,982 - dy.actions.base_action - INFO - <== 动作执行完成: [OpenCommentSectionAction]
2026-06-27 17:17:49,775 - dy.task_runner - INFO - 功能中状态[打开评论区后]: home_or_search
2026-06-27 17:17:49,775 - dy.task_runner - WARNING - 评论区未可靠打开，当前状态: home_or_search
2026-06-27 17:17:50,519 - dy.task_runner - INFO - 状态检查[评论区AI截流/楼中楼回复-打开失败后] 第 1/6 次: home_or_search
2026-06-27 17:17:50,519 - dy.task_runner - INFO - 尝试关闭/返回当前状态[home_or_search] -> 视频页
2026-06-27 17:17:52,497 - dy.task_runner - INFO - 状态检查[评论区AI截流/楼中楼回复-打开失败后] 第 2/6 次: video_page
2026-06-27 17:17:54,595 - dy.task_runner - INFO - 功能后状态[评论区截流]: video_page
2026-06-27 17:17:55,800 - dy.task_runner - INFO - 状态检查[评论区截流-执行后] 第 1/6 次: video_page
2026-06-27 17:17:57,514 - dy.db_manager - INFO - 已连接数据库并校验当日数据表: records_20260627
2026-06-27 17:17:57,514 - dy.task_runner - INFO - 📊 实时数据 -> 视频:30 | 赞:23 | 评:9 | 关:0
2026-06-27 17:17:58,696 - dy.task_runner - INFO - 状态检查[滑动下一个视频前] 第 1/5 次: video_page
2026-06-27 17:17:58,698 - dy.main_controller - INFO - 调度器开始装载动作: SwipeNextVideoAction
2026-06-27 17:17:58,698 - dy.anti_detection - INFO - 🛡️ 防风控引擎已初始化
2026-06-27 17:17:58,698 - dy.actions.base_action - INFO - ==> 准备执行动作: [SwipeNextVideoAction]
2026-06-27 17:18:54,453 - dy.actions.base_action - INFO - <== 动作执行完成: [SwipeNextVideoAction]
2026-06-27 17:18:54,453 - dy.anti_detection - INFO - 模拟行为: 停顿思考 9.8s
2026-06-27 17:19:04,362 - dy.task_runner - INFO - 等待 5.8 秒后处理下一个视频...
2026-06-27 17:19:10,207 - dy.db_manager - INFO - 已连接数据库并校验当日数据表: records_20260627
2026-06-27 17:19:10,208 - dy.task_runner - INFO - 
--- 正在处理第 4/5 个视频 ---
2026-06-27 17:19:12,576 - dy.task_runner - INFO - 状态检查[提取视频信息前] 第 1/4 次: video_page
2026-06-27 17:19:13,666 - dy.task_runner - INFO - 功能前状态[提取视频信息/分享链接]: video_page
2026-06-27 17:19:14,993 - dy.task_runner - INFO - 状态检查[提取视频信息/分享链接-执行前] 第 1/6 次: video_page
2026-06-27 17:19:14,993 - dy.main_controller - INFO - 调度器开始装载动作: GetCurrentVideoLinkAction
2026-06-27 17:19:14,993 - dy.anti_detection - INFO - 🛡️ 防风控引擎已初始化
2026-06-27 17:19:14,993 - dy.actions.base_action - INFO - ==> 准备执行动作: [GetCurrentVideoLinkAction]
2026-06-27 17:19:16,977 - dy.actions.interaction - INFO - 当前视频可见文案兜底: s10裂变新赛季新地图核电站AZ3最夯蹲老六阴人狙击点位能架住整... 展开
2026-06-27 17:19:16,977 - dy.actions.interaction - WARNING - 稳定模式未打开分享面板提取链接，使用当前页面文案生成兜底视频标识: dy_visible_ef7a8b4b2a3b4965
2026-06-27 17:19:16,977 - dy.actions.base_action - INFO - <== 动作执行完成: [GetCurrentVideoLinkAction]
2026-06-27 17:19:18,365 - dy.task_runner - INFO - 功能后状态[提取视频信息/分享链接]: video_page
2026-06-27 17:19:19,376 - dy.task_runner - INFO - 状态检查[提取视频信息/分享链接-执行后] 第 1/6 次: video_page
2026-06-27 17:19:19,377 - dy.db_manager - INFO - 已连接数据库并校验当日数据表: records_20260627
2026-06-27 17:19:19,379 - dy.task_runner - INFO - 🎬 开始对新视频执行互动...
2026-06-27 17:19:19,379 - dy.task_runner - INFO - 📝 当前视频标题: s10裂变新赛季新地图核电站AZ3最夯蹲老六阴人狙击点位能架住整... 展开
2026-06-27 17:19:20,130 - dy.task_runner - INFO - 功能前状态[点赞]: video_page
2026-06-27 17:19:21,194 - dy.task_runner - INFO - 状态检查[点赞-执行前] 第 1/6 次: video_page
2026-06-27 17:19:21,194 - dy.main_controller - INFO - 调度器开始装载动作: DoubleClickLikeAction
2026-06-27 17:19:21,194 - dy.anti_detection - INFO - 🛡️ 防风控引擎已初始化
2026-06-27 17:19:21,194 - dy.actions.base_action - INFO - ==> 准备执行动作: [DoubleClickLikeAction]
2026-06-27 17:19:22,601 - dy.actions.interaction - INFO - 已短按右侧喜欢按钮: (989, 1254)
2026-06-27 17:19:22,602 - dy.actions.base_action - INFO - <== 动作执行完成: [DoubleClickLikeAction]
2026-06-27 17:19:22,603 - dy.db_manager - INFO - 已连接数据库并校验当日数据表: records_20260627
2026-06-27 17:19:23,892 - dy.task_runner - INFO - 功能后状态[点赞]: video_page
2026-06-27 17:19:24,825 - dy.task_runner - INFO - 状态检查[点赞-执行后] 第 1/6 次: video_page
2026-06-27 17:19:26,998 - dy.task_runner - INFO - 功能前状态[评论区截流]: video_page
2026-06-27 17:19:28,012 - dy.task_runner - INFO - 状态检查[评论区截流-执行前] 第 1/6 次: video_page
2026-06-27 17:19:28,849 - dy.task_runner - INFO - 功能前状态[评论区AI截流/楼中楼回复]: video_page
2026-06-27 17:19:29,861 - dy.task_runner - INFO - 状态检查[评论区AI截流/楼中楼回复-执行前] 第 1/6 次: video_page
2026-06-27 17:19:29,861 - dy.main_controller - INFO - 调度器开始装载动作: OpenCommentSectionAction
2026-06-27 17:19:29,861 - dy.anti_detection - INFO - 🛡️ 防风控引擎已初始化
2026-06-27 17:19:29,861 - dy.actions.base_action - INFO - ==> 准备执行动作: [OpenCommentSectionAction]
2026-06-27 17:19:30,309 - dy.actions.commenting - INFO - 正在通过 content-desc 规律寻找主评论区按钮...
2026-06-27 17:19:31,081 - dy.actions.commenting - INFO - 成功锁定评论区入口，当前评论数标识: 评论210，按钮
2026-06-27 17:19:33,162 - dy.actions.base_action - INFO - <== 动作执行完成: [OpenCommentSectionAction]
2026-06-27 17:19:34,162 - dy.task_runner - INFO - 功能中状态[打开评论区后]: home_or_search
2026-06-27 17:19:34,162 - dy.task_runner - WARNING - 评论区未可靠打开，当前状态: home_or_search
2026-06-27 17:19:34,936 - dy.task_runner - INFO - 状态检查[评论区AI截流/楼中楼回复-打开失败后] 第 1/6 次: home_or_search
2026-06-27 17:19:34,936 - dy.task_runner - INFO - 尝试关闭/返回当前状态[home_or_search] -> 视频页
2026-06-27 17:19:36,889 - dy.task_runner - INFO - 状态检查[评论区AI截流/楼中楼回复-打开失败后] 第 2/6 次: video_page
2026-06-27 17:19:38,336 - dy.task_runner - INFO - 功能后状态[评论区截流]: video_page
2026-06-27 17:19:39,183 - dy.task_runner - INFO - 状态检查[评论区截流-执行后] 第 1/6 次: video_page
2026-06-27 17:19:41,125 - dy.db_manager - INFO - 已连接数据库并校验当日数据表: records_20260627
2026-06-27 17:19:41,125 - dy.task_runner - INFO - 📊 实时数据 -> 视频:31 | 赞:24 | 评:9 | 关:0
2026-06-27 17:19:42,104 - dy.task_runner - INFO - 状态检查[滑动下一个视频前] 第 1/5 次: video_page
2026-06-27 17:19:42,105 - dy.main_controller - INFO - 调度器开始装载动作: SwipeNextVideoAction
2026-06-27 17:19:42,105 - dy.anti_detection - INFO - 🛡️ 防风控引擎已初始化
2026-06-27 17:19:42,105 - dy.actions.base_action - INFO - ==> 准备执行动作: [SwipeNextVideoAction]
2026-06-27 17:19:45,672 - dy.actions.base_action - INFO - <== 动作执行完成: [SwipeNextVideoAction]
2026-06-27 17:19:45,781 - dy.task_runner - INFO - 等待 6.8 秒后处理下一个视频...
2026-06-27 17:19:52,540 - dy.db_manager - INFO - 已连接数据库并校验当日数据表: records_20260627
2026-06-27 17:19:52,541 - dy.task_runner - INFO - 
--- 正在处理第 5/5 个视频 ---
2026-06-27 17:19:54,739 - dy.task_runner - INFO - 状态检查[提取视频信息前] 第 1/4 次: video_page
2026-06-27 17:19:55,776 - dy.task_runner - INFO - 功能前状态[提取视频信息/分享链接]: video_page
2026-06-27 17:19:57,007 - dy.task_runner - INFO - 状态检查[提取视频信息/分享链接-执行前] 第 1/6 次: video_page
2026-06-27 17:19:57,007 - dy.main_controller - INFO - 调度器开始装载动作: GetCurrentVideoLinkAction
2026-06-27 17:19:57,007 - dy.anti_detection - INFO - 🛡️ 防风控引擎已初始化
2026-06-27 17:19:57,007 - dy.actions.base_action - INFO - ==> 准备执行动作: [GetCurrentVideoLinkAction]
2026-06-27 17:19:59,007 - dy.actions.interaction - INFO - 当前视频可见文案兜底: s10裂变新赛季新地图核电站AZ3最夯蹲老六阴人狙击点位能架住整... 展开
2026-06-27 17:19:59,008 - dy.actions.interaction - WARNING - 稳定模式未打开分享面板提取链接，使用当前页面文案生成兜底视频标识: dy_visible_ef7a8b4b2a3b4965
2026-06-27 17:19:59,008 - dy.actions.base_action - INFO - <== 动作执行完成: [GetCurrentVideoLinkAction]
2026-06-27 17:20:01,059 - dy.task_runner - INFO - 功能后状态[提取视频信息/分享链接]: video_page
2026-06-27 17:20:02,673 - dy.task_runner - INFO - 状态检查[提取视频信息/分享链接-执行后] 第 1/6 次: video_page
2026-06-27 17:20:02,673 - dy.task_runner - WARNING - 检测到视频重复 (token一致)，可能已滑到底部
2026-06-27 17:20:02,673 - dy.task_runner - INFO - 结束当前关键词的视频循环
2026-06-27 17:20:02,673 - dy.main_controller - INFO - 调度器开始装载动作: ResetToSearchAction
2026-06-27 17:20:02,673 - dy.anti_detection - INFO - 🛡️ 防风控引擎已初始化
2026-06-27 17:20:02,673 - dy.actions.base_action - INFO - ==> 准备执行动作: [ResetToSearchAction]
2026-06-27 17:20:03,066 - dy.actions.navigation - INFO - 执行 5 次返回以重置到首页状态...
2026-06-27 17:20:10,965 - dy.actions.base_action - INFO - <== 动作执行完成: [ResetToSearchAction]
2026-06-27 17:20:10,965 - dy.task_runner - INFO - 
>>> 开始处理关键词: 键盘 <<<
2026-06-27 17:20:10,965 - dy.main_controller - INFO - 调度器开始装载动作: EnterSearchAction
2026-06-27 17:20:10,965 - dy.anti_detection - INFO - 🛡️ 防风控引擎已初始化
2026-06-27 17:20:10,965 - dy.actions.base_action - INFO - ==> 准备执行动作: [EnterSearchAction]
2026-06-27 17:20:11,418 - dy.actions.navigation - INFO - 正在搜索关键词: 键盘
2026-06-27 17:20:12,366 - dy.actions.navigation - INFO - 通过 XPath 成功点击搜索按钮
2026-06-27 17:20:19,722 - dy.actions.navigation - INFO - 成功切换到'视频'页签
2026-06-27 17:20:21,251 - dy.actions.base_action - INFO - <== 动作执行完成: [EnterSearchAction]
2026-06-27 17:20:21,251 - dy.main_controller - INFO - 调度器开始装载动作: ApplyFiltersAction
2026-06-27 17:20:21,251 - dy.anti_detection - INFO - 🛡️ 防风控引擎已初始化
2026-06-27 17:20:21,251 - dy.actions.base_action - INFO - ==> 准备执行动作: [ApplyFiltersAction]
2026-06-27 17:20:21,686 - dy.actions.navigation - INFO - >>> 自动化配对成功：模式[latest] -> 点击按钮[最新发布] <<<
2026-06-27 17:20:24,251 - dy.actions.navigation - INFO - 已成功选择排序方式: 最新发布
2026-06-27 17:20:25,711 - dy.actions.navigation - INFO - 已点击选择: 还未看过
2026-06-27 17:20:29,084 - dy.actions.navigation - INFO - 已点击'视频'页签辅助收起面板
2026-06-27 17:20:31,197 - dy.actions.navigation - INFO - --- 工作流切换完全执行：最新发布 ---
2026-06-27 17:20:31,199 - dy.actions.base_action - INFO - <== 动作执行完成: [ApplyFiltersAction]
2026-06-27 17:20:31,199 - dy.main_controller - INFO - 调度器开始装载动作: EnterFirstVideoAction
2026-06-27 17:20:31,199 - dy.anti_detection - INFO - 🛡️ 防风控引擎已初始化
2026-06-27 17:20:31,199 - dy.actions.base_action - INFO - ==> 准备执行动作: [EnterFirstVideoAction]
2026-06-27 17:20:31,646 - dy.actions.navigation - INFO - 正在定位第一个视频...
2026-06-27 17:20:31,967 - dy.actions.navigation - INFO - 识别到视频文案: 温柔版小猫 #客制化键盘 #键盘发光 #...
2026-06-27 17:20:33,084 - dy.actions.base_action - INFO - <== 动作执行完成: [EnterFirstVideoAction]
2026-06-27 17:20:36,089 - dy.db_manager - INFO - 已连接数据库并校验当日数据表: records_20260627
2026-06-27 17:20:36,089 - dy.task_runner - INFO - 
--- 正在处理第 1/5 个视频 ---
2026-06-27 17:20:38,128 - dy.task_runner - INFO - 状态检查[提取视频信息前] 第 1/4 次: video_page
2026-06-27 17:20:38,950 - dy.task_runner - INFO - 功能前状态[提取视频信息/分享链接]: video_page
2026-06-27 17:20:39,885 - dy.task_runner - INFO - 状态检查[提取视频信息/分享链接-执行前] 第 1/6 次: video_page
2026-06-27 17:20:39,885 - dy.main_controller - INFO - 调度器开始装载动作: GetCurrentVideoLinkAction
2026-06-27 17:20:39,885 - dy.anti_detection - INFO - 🛡️ 防风控引擎已初始化
2026-06-27 17:20:39,885 - dy.actions.base_action - INFO - ==> 准备执行动作: [GetCurrentVideoLinkAction]
2026-06-27 17:20:41,212 - dy.actions.interaction - INFO - 当前视频可见文案兜底: 温柔版小猫 #客制化键盘 #键盘发光 #游戏外设 #佐赫zh100 #氛围感
2026-06-27 17:20:41,212 - dy.actions.interaction - WARNING - 稳定模式未打开分享面板提取链接，使用当前页面文案生成兜底视频标识: dy_visible_6b03beda64ed2da9
2026-06-27 17:20:41,212 - dy.actions.base_action - INFO - <== 动作执行完成: [GetCurrentVideoLinkAction]
2026-06-27 17:20:42,774 - dy.task_runner - INFO - 功能后状态[提取视频信息/分享链接]: video_page
2026-06-27 17:20:43,790 - dy.task_runner - INFO - 状态检查[提取视频信息/分享链接-执行后] 第 1/6 次: video_page
2026-06-27 17:20:43,791 - dy.db_manager - INFO - 已连接数据库并校验当日数据表: records_20260627
2026-06-27 17:20:43,794 - dy.task_runner - INFO - 🎬 开始对新视频执行互动...
2026-06-27 17:20:43,794 - dy.task_runner - INFO - 📝 当前视频标题: 温柔版小猫 #客制化键盘 #键盘发光 #游戏外设 #佐赫zh100 #氛围感
2026-06-27 17:20:44,846 - dy.task_runner - INFO - 功能前状态[点赞]: video_page
2026-06-27 17:20:46,121 - dy.task_runner - INFO - 状态检查[点赞-执行前] 第 1/6 次: video_page
2026-06-27 17:20:46,121 - dy.main_controller - INFO - 调度器开始装载动作: DoubleClickLikeAction
2026-06-27 17:20:46,121 - dy.anti_detection - INFO - 🛡️ 防风控引擎已初始化
2026-06-27 17:20:46,121 - dy.actions.base_action - INFO - ==> 准备执行动作: [DoubleClickLikeAction]
2026-06-27 17:20:47,492 - dy.actions.interaction - INFO - 已短按右侧喜欢按钮: (990, 1377)
2026-06-27 17:20:47,492 - dy.actions.base_action - INFO - <== 动作执行完成: [DoubleClickLikeAction]
2026-06-27 17:20:47,499 - dy.db_manager - INFO - 已连接数据库并校验当日数据表: records_20260627
2026-06-27 17:20:48,231 - dy.task_runner - INFO - 功能后状态[点赞]: video_page
2026-06-27 17:20:49,736 - dy.task_runner - INFO - 状态检查[点赞-执行后] 第 1/6 次: video_page
2026-06-27 17:20:51,731 - dy.task_runner - INFO - 功能前状态[评论区截流]: video_page
2026-06-27 17:20:52,499 - dy.task_runner - INFO - 状态检查[评论区截流-执行前] 第 1/6 次: video_page
2026-06-27 17:20:53,313 - dy.task_runner - INFO - 功能前状态[评论区AI截流/楼中楼回复]: video_page
2026-06-27 17:20:54,409 - dy.task_runner - INFO - 状态检查[评论区AI截流/楼中楼回复-执行前] 第 1/6 次: video_page
2026-06-27 17:20:54,410 - dy.main_controller - INFO - 调度器开始装载动作: OpenCommentSectionAction
2026-06-27 17:20:54,410 - dy.anti_detection - INFO - 🛡️ 防风控引擎已初始化
2026-06-27 17:20:54,410 - dy.actions.base_action - INFO - ==> 准备执行动作: [OpenCommentSectionAction]
2026-06-27 17:20:54,854 - dy.actions.commenting - INFO - 正在通过 content-desc 规律寻找主评论区按钮...
2026-06-27 17:20:55,645 - dy.actions.commenting - INFO - 当前视频可能为 0 评论
2026-06-27 17:20:58,546 - dy.actions.base_action - INFO - <== 动作执行完成: [OpenCommentSectionAction]
2026-06-27 17:20:59,268 - dy.task_runner - INFO - 功能中状态[打开评论区后]: input_or_chat
2026-06-27 17:20:59,268 - dy.main_controller - INFO - 调度器开始装载动作: ProcessCommentSectionAction
2026-06-27 17:20:59,268 - dy.anti_detection - INFO - 🛡️ 防风控引擎已初始化
2026-06-27 17:20:59,268 - dy.actions.base_action - INFO - ==> 准备执行动作: [ProcessCommentSectionAction]
2026-06-27 17:20:59,623 - dy.actions.commenting - INFO - 开始处理评论区内容...
2026-06-27 17:20:59,623 - dy.actions.commenting - INFO - 正在解析当前屏幕可见评论...
2026-06-27 17:21:17,086 - dy.actions.commenting - INFO - AI 已识别评论 5/20 条
2026-06-27 17:22:33,200 - dy.actions.commenting - INFO - 正在解析当前屏幕可见评论...
2026-06-27 17:22:36,944 - dy.actions.commenting - INFO - AI 已识别评论 6/20 条
2026-06-27 17:23:34,190 - dy.actions.commenting - INFO - 评论区处理完毕，关闭面板
2026-06-27 17:23:35,036 - dy.actions.commenting - INFO - 检测到评论输入框仍处于打开状态，执行返回关闭
2026-06-27 17:23:39,009 - dy.actions.commenting - INFO - 确认评论区面板已关闭
2026-06-27 17:23:39,010 - dy.actions.base_action - INFO - <== 动作执行完成: [ProcessCommentSectionAction]
2026-06-27 17:23:39,495 - dy.task_runner - INFO - 功能后状态[评论区AI截流/楼中楼回复]: input_or_chat
2026-06-27 17:23:40,165 - dy.task_runner - INFO - 状态检查[评论区AI截流/楼中楼回复-执行后] 第 1/6 次: input_or_chat
2026-06-27 17:23:40,165 - dy.task_runner - INFO - 尝试关闭/返回当前状态[input_or_chat] -> 视频页
2026-06-27 17:23:41,866 - dy.task_runner - INFO - 状态检查[评论区AI截流/楼中楼回复-执行后] 第 2/6 次: home_or_search
2026-06-27 17:23:41,866 - dy.task_runner - INFO - 尝试关闭/返回当前状态[home_or_search] -> 视频页
2026-06-27 17:23:43,832 - dy.task_runner - INFO - 状态检查[评论区AI截流/楼中楼回复-执行后] 第 3/6 次: video_page
2026-06-27 17:23:45,432 - dy.task_runner - INFO - 功能后状态[评论区截流]: video_page
2026-06-27 17:23:46,628 - dy.task_runner - INFO - 状态检查[评论区截流-执行后] 第 1/6 次: video_page
2026-06-27 17:23:48,671 - dy.db_manager - INFO - 已连接数据库并校验当日数据表: records_20260627
2026-06-27 17:23:48,671 - dy.task_runner - INFO - 📊 实时数据 -> 视频:32 | 赞:25 | 评:9 | 关:0
2026-06-27 17:23:50,104 - dy.task_runner - INFO - 状态检查[滑动下一个视频前] 第 1/5 次: video_page
2026-06-27 17:23:50,104 - dy.main_controller - INFO - 调度器开始装载动作: SwipeNextVideoAction
2026-06-27 17:23:50,104 - dy.anti_detection - INFO - 🛡️ 防风控引擎已初始化
2026-06-27 17:23:50,104 - dy.actions.base_action - INFO - ==> 准备执行动作: [SwipeNextVideoAction]
2026-06-27 17:24:45,859 - dy.actions.base_action - INFO - <== 动作执行完成: [SwipeNextVideoAction]
2026-06-27 17:24:45,946 - dy.task_runner - INFO - 等待 7.7 秒后处理下一个视频...
2026-06-27 17:24:53,649 - dy.db_manager - INFO - 已连接数据库并校验当日数据表: records_20260627
2026-06-27 17:24:53,650 - dy.task_runner - INFO - 
--- 正在处理第 2/5 个视频 ---
2026-06-27 17:24:53,893 - dy.task_runner - WARNING - 检测到抖音视频长按菜单，执行返回关闭
2026-06-27 17:24:56,286 - dy.task_runner - INFO - 状态检查[提取视频信息前] 第 1/4 次: video_page
2026-06-27 17:24:57,051 - dy.task_runner - INFO - 功能前状态[提取视频信息/分享链接]: video_page
2026-06-27 17:24:58,315 - dy.task_runner - INFO - 状态检查[提取视频信息/分享链接-执行前] 第 1/6 次: video_page
2026-06-27 17:24:58,316 - dy.main_controller - INFO - 调度器开始装载动作: GetCurrentVideoLinkAction
2026-06-27 17:24:58,316 - dy.anti_detection - INFO - 🛡️ 防风控引擎已初始化
2026-06-27 17:24:58,316 - dy.actions.base_action - INFO - ==> 准备执行动作: [GetCurrentVideoLinkAction]
2026-06-27 17:24:59,996 - dy.actions.interaction - INFO - 当前视频可见文案兜底: 温柔版小猫 #客制化键盘 #键盘发光 #游戏外设 #佐赫zh100 #氛围感
2026-06-27 17:24:59,997 - dy.actions.interaction - WARNING - 稳定模式未打开分享面板提取链接，使用当前页面文案生成兜底视频标识: dy_visible_6b03beda64ed2da9
2026-06-27 17:24:59,997 - dy.actions.base_action - INFO - <== 动作执行完成: [GetCurrentVideoLinkAction]
2026-06-27 17:25:01,888 - dy.task_runner - INFO - 功能后状态[提取视频信息/分享链接]: video_page
2026-06-27 17:25:03,161 - dy.task_runner - INFO - 状态检查[提取视频信息/分享链接-执行后] 第 1/6 次: video_page
2026-06-27 17:25:03,161 - dy.task_runner - WARNING - 检测到视频重复 (token一致)，可能已滑到底部
2026-06-27 17:25:03,161 - dy.task_runner - INFO - 结束当前关键词的视频循环
2026-06-27 17:25:03,161 - dy.main_controller - INFO - 调度器开始装载动作: ResetToSearchAction
2026-06-27 17:25:03,161 - dy.anti_detection - INFO - 🛡️ 防风控引擎已初始化
2026-06-27 17:25:03,161 - dy.actions.base_action - INFO - ==> 准备执行动作: [ResetToSearchAction]
2026-06-27 17:25:03,616 - dy.actions.navigation - INFO - 执行 5 次返回以重置到首页状态...
2026-06-27 17:25:11,617 - dy.actions.base_action - INFO - <== 动作执行完成: [ResetToSearchAction]
2026-06-27 17:25:11,617 - dy.task_runner - INFO - 
>>> 开始处理关键词: 手机 <<<
2026-06-27 17:25:11,617 - dy.main_controller - INFO - 调度器开始装载动作: EnterSearchAction
2026-06-27 17:25:11,617 - dy.anti_detection - INFO - 🛡️ 防风控引擎已初始化
2026-06-27 17:25:11,617 - dy.actions.base_action - INFO - ==> 准备执行动作: [EnterSearchAction]
2026-06-27 17:25:12,016 - dy.actions.navigation - INFO - 正在搜索关键词: 手机
2026-06-27 17:25:12,947 - dy.actions.navigation - INFO - 通过 XPath 成功点击搜索按钮
2026-06-27 17:25:19,704 - dy.actions.navigation - INFO - 成功切换到'视频'页签
2026-06-27 17:25:20,708 - dy.actions.base_action - INFO - <== 动作执行完成: [EnterSearchAction]
2026-06-27 17:25:20,708 - dy.main_controller - INFO - 调度器开始装载动作: ApplyFiltersAction
2026-06-27 17:25:20,708 - dy.anti_detection - INFO - 🛡️ 防风控引擎已初始化
2026-06-27 17:25:20,708 - dy.actions.base_action - INFO - ==> 准备执行动作: [ApplyFiltersAction]
2026-06-27 17:25:21,174 - dy.actions.navigation - INFO - >>> 自动化配对成功：模式[latest] -> 点击按钮[最新发布] <<<
2026-06-27 17:25:23,983 - dy.actions.navigation - INFO - 已成功选择排序方式: 最新发布
2026-06-27 17:25:25,396 - dy.actions.navigation - INFO - 已点击选择: 还未看过
2026-06-27 17:25:30,127 - dy.actions.navigation - INFO - 已点击'视频'页签辅助收起面板
2026-06-27 17:25:32,400 - dy.actions.navigation - INFO - --- 工作流切换完全执行：最新发布 ---
2026-06-27 17:25:32,402 - dy.actions.base_action - INFO - <== 动作执行完成: [ApplyFiltersAction]
2026-06-27 17:25:32,402 - dy.main_controller - INFO - 调度器开始装载动作: EnterFirstVideoAction
2026-06-27 17:25:32,402 - dy.anti_detection - INFO - 🛡️ 防风控引擎已初始化
2026-06-27 17:25:32,402 - dy.actions.base_action - INFO - ==> 准备执行动作: [EnterFirstVideoAction]
2026-06-27 17:25:32,805 - dy.actions.navigation - INFO - 正在定位第一个视频...
2026-06-27 17:25:33,098 - dy.actions.navigation - INFO - 识别到视频文案: 你们的手机是什么样的葡萄 #华为 #鸿蒙...
2026-06-27 17:25:34,426 - dy.actions.base_action - INFO - <== 动作执行完成: [EnterFirstVideoAction]
2026-06-27 17:25:37,430 - dy.db_manager - INFO - 已连接数据库并校验当日数据表: records_20260627
2026-06-27 17:25:37,431 - dy.task_runner - INFO - 
--- 正在处理第 1/5 个视频 ---
2026-06-27 17:25:38,988 - dy.task_runner - INFO - 状态检查[提取视频信息前] 第 1/4 次: video_page
2026-06-27 17:25:39,607 - dy.task_runner - INFO - 功能前状态[提取视频信息/分享链接]: video_page
2026-06-27 17:25:40,517 - dy.task_runner - INFO - 状态检查[提取视频信息/分享链接-执行前] 第 1/6 次: video_page
2026-06-27 17:25:40,518 - dy.main_controller - INFO - 调度器开始装载动作: GetCurrentVideoLinkAction
2026-06-27 17:25:40,518 - dy.anti_detection - INFO - 🛡️ 防风控引擎已初始化
2026-06-27 17:25:40,518 - dy.actions.base_action - INFO - ==> 准备执行动作: [GetCurrentVideoLinkAction]
2026-06-27 17:25:41,829 - dy.actions.interaction - INFO - 当前视频可见文案兜底: 你们的手机是什么样的葡萄 #华为 #鸿蒙越用越香 #玩机技巧 #iPho... 展开
2026-06-27 17:25:41,830 - dy.actions.interaction - WARNING - 稳定模式未打开分享面板提取链接，使用当前页面文案生成兜底视频标识: dy_visible_e676ba0edd833d8c
2026-06-27 17:25:41,830 - dy.actions.base_action - INFO - <== 动作执行完成: [GetCurrentVideoLinkAction]
2026-06-27 17:25:43,535 - dy.task_runner - INFO - 功能后状态[提取视频信息/分享链接]: video_page
2026-06-27 17:25:44,406 - dy.task_runner - INFO - 状态检查[提取视频信息/分享链接-执行后] 第 1/6 次: video_page
2026-06-27 17:25:44,407 - dy.db_manager - INFO - 已连接数据库并校验当日数据表: records_20260627
2026-06-27 17:25:45,774 - dy.task_runner - INFO - 🎬 开始对新视频执行互动...
2026-06-27 17:25:45,774 - dy.task_runner - INFO - 📝 当前视频标题: 你们的手机是什么样的葡萄 #华为 #鸿蒙越用越香 #玩机技巧 #iPho... 展开
2026-06-27 17:25:46,257 - dy.task_runner - INFO - 功能前状态[点赞]: video_page
2026-06-27 17:25:46,971 - dy.task_runner - INFO - 状态检查[点赞-执行前] 第 1/6 次: video_page
2026-06-27 17:25:46,971 - dy.main_controller - INFO - 调度器开始装载动作: DoubleClickLikeAction
2026-06-27 17:25:46,972 - dy.anti_detection - INFO - 🛡️ 防风控引擎已初始化
2026-06-27 17:25:46,972 - dy.actions.base_action - INFO - ==> 准备执行动作: [DoubleClickLikeAction]
2026-06-27 17:25:48,384 - dy.actions.interaction - INFO - 已短按右侧喜欢按钮: (989, 1378)
2026-06-27 17:25:48,384 - dy.actions.base_action - INFO - <== 动作执行完成: [DoubleClickLikeAction]
2026-06-27 17:25:48,409 - dy.db_manager - INFO - 已连接数据库并校验当日数据表: records_20260627
2026-06-27 17:25:49,551 - dy.task_runner - INFO - 功能后状态[点赞]: video_page
2026-06-27 17:25:50,325 - dy.task_runner - INFO - 状态检查[点赞-执行后] 第 1/6 次: video_page
2026-06-27 17:25:53,442 - dy.task_runner - INFO - 功能前状态[评论区截流]: video_page
2026-06-27 17:25:54,343 - dy.task_runner - INFO - 状态检查[评论区截流-执行前] 第 1/6 次: video_page
2026-06-27 17:25:55,036 - dy.task_runner - INFO - 功能前状态[评论区AI截流/楼中楼回复]: video_page
2026-06-27 17:25:55,863 - dy.task_runner - INFO - 状态检查[评论区AI截流/楼中楼回复-执行前] 第 1/6 次: video_page
2026-06-27 17:25:55,863 - dy.main_controller - INFO - 调度器开始装载动作: OpenCommentSectionAction
2026-06-27 17:25:55,863 - dy.anti_detection - INFO - 🛡️ 防风控引擎已初始化
2026-06-27 17:25:55,864 - dy.actions.base_action - INFO - ==> 准备执行动作: [OpenCommentSectionAction]
2026-06-27 17:25:56,320 - dy.actions.commenting - INFO - 正在通过 content-desc 规律寻找主评论区按钮...
2026-06-27 17:25:57,427 - dy.actions.commenting - INFO - 成功锁定评论区入口，当前评论数标识: 评论31，按钮
2026-06-27 17:25:59,598 - dy.actions.base_action - INFO - <== 动作执行完成: [OpenCommentSectionAction]
2026-06-27 17:26:00,557 - dy.task_runner - INFO - 功能中状态[打开评论区后]: home_or_search
2026-06-27 17:26:00,557 - dy.task_runner - WARNING - 评论区未可靠打开，当前状态: home_or_search
2026-06-27 17:26:01,083 - dy.task_runner - INFO - 状态检查[评论区AI截流/楼中楼回复-打开失败后] 第 1/6 次: home_or_search
2026-06-27 17:26:01,083 - dy.task_runner - INFO - 尝试关闭/返回当前状态[home_or_search] -> 视频页
2026-06-27 17:26:03,436 - dy.task_runner - INFO - 状态检查[评论区AI截流/楼中楼回复-打开失败后] 第 2/6 次: video_page
2026-06-27 17:26:05,059 - dy.task_runner - INFO - 功能后状态[评论区截流]: video_page
2026-06-27 17:26:05,872 - dy.task_runner - INFO - 状态检查[评论区截流-执行后] 第 1/6 次: video_page
2026-06-27 17:26:07,716 - dy.db_manager - INFO - 已连接数据库并校验当日数据表: records_20260627
2026-06-27 17:26:07,718 - dy.task_runner - INFO - 📊 实时数据 -> 视频:33 | 赞:26 | 评:9 | 关:0
2026-06-27 17:26:08,823 - dy.task_runner - INFO - 状态检查[滑动下一个视频前] 第 1/5 次: video_page
2026-06-27 17:26:08,823 - dy.main_controller - INFO - 调度器开始装载动作: SwipeNextVideoAction
2026-06-27 17:26:08,823 - dy.anti_detection - INFO - 🛡️ 防风控引擎已初始化
2026-06-27 17:26:08,823 - dy.actions.base_action - INFO - ==> 准备执行动作: [SwipeNextVideoAction]
2026-06-27 17:26:11,457 - dy.db_manager - INFO - 已连接数据库并校验当日数据表: records_20260627
2026-06-27 17:26:11,578 - dy.db_manager - INFO - 已连接数据库并校验当日数据表: records_20260627
2026-06-27 17:27:04,334 - dy.actions.base_action - INFO - <== 动作执行完成: [SwipeNextVideoAction]
2026-06-27 17:27:04,439 - dy.task_runner - INFO - 等待 7.3 秒后处理下一个视频...
2026-06-27 17:27:11,711 - dy.db_manager - INFO - 已连接数据库并校验当日数据表: records_20260627
2026-06-27 17:27:11,711 - dy.task_runner - INFO - 
--- 正在处理第 2/5 个视频 ---
2026-06-27 17:27:11,896 - dy.task_runner - WARNING - 检测到抖音视频长按菜单，执行返回关闭
2026-06-27 17:27:13,964 - dy.task_runner - INFO - 状态检查[提取视频信息前] 第 1/4 次: video_page
2026-06-27 17:27:14,796 - dy.task_runner - INFO - 功能前状态[提取视频信息/分享链接]: video_page
2026-06-27 17:27:15,925 - dy.task_runner - INFO - 状态检查[提取视频信息/分享链接-执行前] 第 1/6 次: video_page
2026-06-27 17:27:15,925 - dy.main_controller - INFO - 调度器开始装载动作: GetCurrentVideoLinkAction
2026-06-27 17:27:15,925 - dy.anti_detection - INFO - 🛡️ 防风控引擎已初始化
2026-06-27 17:27:15,925 - dy.actions.base_action - INFO - ==> 准备执行动作: [GetCurrentVideoLinkAction]
2026-06-27 17:27:17,419 - dy.actions.interaction - INFO - 当前视频可见文案兜底: 你们的手机是什么样的葡萄 #华为 #鸿蒙越用越香 #玩机技巧 #iPho... 展开
2026-06-27 17:27:17,419 - dy.actions.interaction - WARNING - 稳定模式未打开分享面板提取链接，使用当前页面文案生成兜底视频标识: dy_visible_e676ba0edd833d8c
2026-06-27 17:27:17,419 - dy.actions.base_action - INFO - <== 动作执行完成: [GetCurrentVideoLinkAction]
2026-06-27 17:27:18,931 - dy.task_runner - INFO - 功能后状态[提取视频信息/分享链接]: video_page
2026-06-27 17:27:19,804 - dy.task_runner - INFO - 状态检查[提取视频信息/分享链接-执行后] 第 1/6 次: video_page
2026-06-27 17:27:19,804 - dy.task_runner - WARNING - 检测到视频重复 (token一致)，可能已滑到底部
2026-06-27 17:27:19,804 - dy.task_runner - INFO - 结束当前关键词的视频循环
2026-06-27 17:27:19,804 - dy.main_controller - INFO - 调度器开始装载动作: ResetToSearchAction
2026-06-27 17:27:19,804 - dy.anti_detection - INFO - 🛡️ 防风控引擎已初始化
2026-06-27 17:27:19,804 - dy.actions.base_action - INFO - ==> 准备执行动作: [ResetToSearchAction]
2026-06-27 17:27:20,238 - dy.actions.navigation - INFO - 执行 5 次返回以重置到首页状态...
2026-06-27 17:27:28,802 - dy.actions.base_action - INFO - <== 动作执行完成: [ResetToSearchAction]
2026-06-27 17:27:28,802 - dy.task_runner - INFO - 
>>> 开始处理关键词: 鼠标 <<<
2026-06-27 17:27:28,802 - dy.main_controller - INFO - 调度器开始装载动作: EnterSearchAction
2026-06-27 17:27:28,802 - dy.anti_detection - INFO - 🛡️ 防风控引擎已初始化
2026-06-27 17:27:28,802 - dy.actions.base_action - INFO - ==> 准备执行动作: [EnterSearchAction]
2026-06-27 17:27:29,249 - dy.actions.navigation - INFO - 正在搜索关键词: 鼠标
2026-06-27 17:27:30,239 - dy.actions.navigation - INFO - 通过 XPath 成功点击搜索按钮
2026-06-27 17:27:37,642 - dy.actions.navigation - INFO - 成功切换到'视频'页签
2026-06-27 17:27:38,455 - dy.actions.base_action - INFO - <== 动作执行完成: [EnterSearchAction]
2026-06-27 17:27:38,455 - dy.main_controller - INFO - 调度器开始装载动作: ApplyFiltersAction
2026-06-27 17:27:38,455 - dy.anti_detection - INFO - 🛡️ 防风控引擎已初始化
2026-06-27 17:27:38,455 - dy.actions.base_action - INFO - ==> 准备执行动作: [ApplyFiltersAction]
2026-06-27 17:27:38,822 - dy.actions.navigation - INFO - >>> 自动化配对成功：模式[latest] -> 点击按钮[最新发布] <<<
2026-06-27 17:27:41,559 - dy.actions.navigation - INFO - 已成功选择排序方式: 最新发布
2026-06-27 17:27:42,554 - dy.actions.navigation - INFO - 已点击选择: 还未看过
2026-06-27 17:27:45,927 - dy.actions.navigation - INFO - 已点击'视频'页签辅助收起面板
2026-06-27 17:27:48,038 - dy.actions.navigation - INFO - --- 工作流切换完全执行：最新发布 ---
2026-06-27 17:27:48,040 - dy.actions.base_action - INFO - <== 动作执行完成: [ApplyFiltersAction]
2026-06-27 17:27:48,040 - dy.main_controller - INFO - 调度器开始装载动作: EnterFirstVideoAction
2026-06-27 17:27:48,040 - dy.anti_detection - INFO - 🛡️ 防风控引擎已初始化
2026-06-27 17:27:48,040 - dy.actions.base_action - INFO - ==> 准备执行动作: [EnterFirstVideoAction]
2026-06-27 17:27:48,429 - dy.actions.navigation - INFO - 正在定位第一个视频...
2026-06-27 17:27:48,660 - dy.actions.navigation - INFO - 识别到视频文案: 烈空U2 V2大师版，中大手专属利器 拥...
2026-06-27 17:27:50,760 - dy.actions.base_action - INFO - <== 动作执行完成: [EnterFirstVideoAction]
2026-06-27 17:27:53,764 - dy.db_manager - INFO - 已连接数据库并校验当日数据表: records_20260627
2026-06-27 17:27:53,764 - dy.task_runner - INFO - 
--- 正在处理第 1/5 个视频 ---
2026-06-27 17:27:55,025 - dy.task_runner - INFO - 状态检查[提取视频信息前] 第 1/4 次: video_page
2026-06-27 17:27:55,521 - dy.task_runner - INFO - 功能前状态[提取视频信息/分享链接]: video_page
2026-06-27 17:27:56,628 - dy.task_runner - INFO - 状态检查[提取视频信息/分享链接-执行前] 第 1/6 次: video_page
2026-06-27 17:27:56,628 - dy.main_controller - INFO - 调度器开始装载动作: GetCurrentVideoLinkAction
2026-06-27 17:27:56,628 - dy.anti_detection - INFO - 🛡️ 防风控引擎已初始化
2026-06-27 17:27:56,629 - dy.actions.base_action - INFO - ==> 准备执行动作: [GetCurrentVideoLinkAction]
2026-06-27 17:27:58,030 - dy.actions.interaction - INFO - 当前视频可见文案兜底: 烈空U2 V2大师版，中大手专属利器 拥有3950 Ultra+54主控，双8... 展开
2026-06-27 17:27:58,031 - dy.actions.interaction - WARNING - 稳定模式未打开分享面板提取链接，使用当前页面文案生成兜底视频标识: dy_visible_81e1bf2ee9d09d36
2026-06-27 17:27:58,031 - dy.actions.base_action - INFO - <== 动作执行完成: [GetCurrentVideoLinkAction]
2026-06-27 17:27:59,216 - dy.task_runner - INFO - 功能后状态[提取视频信息/分享链接]: video_page
2026-06-27 17:27:59,908 - dy.task_runner - INFO - 状态检查[提取视频信息/分享链接-执行后] 第 1/6 次: video_page
2026-06-27 17:27:59,909 - dy.db_manager - INFO - 已连接数据库并校验当日数据表: records_20260627
2026-06-27 17:27:59,911 - dy.task_runner - INFO - 🎬 开始对新视频执行互动...
2026-06-27 17:27:59,911 - dy.task_runner - INFO - 📝 当前视频标题: 烈空U2 V2大师版，中大手专属利器 拥有3950 Ultra+54主控，双8... 展开
2026-06-27 17:28:00,352 - dy.task_runner - INFO - 功能前状态[点赞]: video_page
2026-06-27 17:28:01,349 - dy.task_runner - INFO - 状态检查[点赞-执行前] 第 1/6 次: video_page
2026-06-27 17:28:01,349 - dy.main_controller - INFO - 调度器开始装载动作: DoubleClickLikeAction
2026-06-27 17:28:01,349 - dy.anti_detection - INFO - 🛡️ 防风控引擎已初始化
2026-06-27 17:28:01,350 - dy.actions.base_action - INFO - ==> 准备执行动作: [DoubleClickLikeAction]
2026-06-27 17:28:02,259 - dy.actions.interaction - INFO - 已短按右侧喜欢按钮: (990, 1377)
2026-06-27 17:28:02,259 - dy.actions.base_action - INFO - <== 动作执行完成: [DoubleClickLikeAction]
2026-06-27 17:28:02,266 - dy.db_manager - INFO - 已连接数据库并校验当日数据表: records_20260627
2026-06-27 17:28:03,096 - dy.task_runner - INFO - 功能后状态[点赞]: video_page
2026-06-27 17:28:03,927 - dy.task_runner - INFO - 状态检查[点赞-执行后] 第 1/6 次: video_page
2026-06-27 17:28:05,971 - dy.task_runner - INFO - 功能前状态[评论区截流]: video_page
2026-06-27 17:28:06,757 - dy.task_runner - INFO - 状态检查[评论区截流-执行前] 第 1/6 次: video_page
2026-06-27 17:28:07,282 - dy.task_runner - INFO - 功能前状态[评论区AI截流/楼中楼回复]: video_page
2026-06-27 17:28:08,076 - dy.task_runner - INFO - 状态检查[评论区AI截流/楼中楼回复-执行前] 第 1/6 次: video_page
2026-06-27 17:28:08,077 - dy.main_controller - INFO - 调度器开始装载动作: OpenCommentSectionAction
2026-06-27 17:28:08,077 - dy.anti_detection - INFO - 🛡️ 防风控引擎已初始化
2026-06-27 17:28:08,077 - dy.actions.base_action - INFO - ==> 准备执行动作: [OpenCommentSectionAction]
2026-06-27 17:28:08,514 - dy.actions.commenting - INFO - 正在通过 content-desc 规律寻找主评论区按钮...
2026-06-27 17:28:09,397 - dy.actions.commenting - INFO - 成功锁定评论区入口，当前评论数标识: 评论4，按钮
2026-06-27 17:28:12,255 - dy.actions.base_action - INFO - <== 动作执行完成: [OpenCommentSectionAction]
2026-06-27 17:28:13,364 - dy.task_runner - INFO - 功能中状态[打开评论区后]: comment_panel
2026-06-27 17:28:13,364 - dy.main_controller - INFO - 调度器开始装载动作: ProcessCommentSectionAction
2026-06-27 17:28:13,364 - dy.anti_detection - INFO - 🛡️ 防风控引擎已初始化
2026-06-27 17:28:13,364 - dy.actions.base_action - INFO - ==> 准备执行动作: [ProcessCommentSectionAction]
2026-06-27 17:28:13,858 - dy.actions.commenting - INFO - 开始处理评论区内容...
2026-06-27 17:28:13,859 - dy.actions.commenting - INFO - 正在解析当前屏幕可见评论...
2026-06-27 17:29:04,125 - dy.actions.commenting - INFO - AI 已识别评论 15/20 条
2026-06-27 17:29:04,911 - dy.actions.commenting - INFO - 已滑到底部，没有更多评论
2026-06-27 17:29:04,911 - dy.actions.commenting - INFO - 评论区处理完毕，关闭面板
2026-06-27 17:29:05,355 - dy.actions.commenting - INFO - 检测到评论输入框仍处于打开状态，执行返回关闭
2026-06-27 17:29:08,862 - dy.actions.commenting - INFO - 确认评论区面板已关闭
2026-06-27 17:29:08,862 - dy.actions.base_action - INFO - <== 动作执行完成: [ProcessCommentSectionAction]
2026-06-27 17:29:09,446 - dy.task_runner - INFO - 功能后状态[评论区AI截流/楼中楼回复]: video_page
2026-06-27 17:29:10,556 - dy.task_runner - INFO - 状态检查[评论区AI截流/楼中楼回复-执行后] 第 1/6 次: video_page
2026-06-27 17:29:12,197 - dy.task_runner - INFO - 功能后状态[评论区截流]: video_page
2026-06-27 17:29:13,076 - dy.task_runner - INFO - 状态检查[评论区截流-执行后] 第 1/6 次: video_page
2026-06-27 17:29:14,676 - dy.db_manager - INFO - 已连接数据库并校验当日数据表: records_20260627
2026-06-27 17:29:14,677 - dy.task_runner - INFO - 📊 实时数据 -> 视频:34 | 赞:27 | 评:9 | 关:0
2026-06-27 17:29:15,694 - dy.task_runner - INFO - 状态检查[滑动下一个视频前] 第 1/5 次: video_page
2026-06-27 17:29:15,694 - dy.main_controller - INFO - 调度器开始装载动作: SwipeNextVideoAction
2026-06-27 17:29:15,694 - dy.anti_detection - INFO - 🛡️ 防风控引擎已初始化
2026-06-27 17:29:15,694 - dy.actions.base_action - INFO - ==> 准备执行动作: [SwipeNextVideoAction]
2026-06-27 17:30:11,278 - dy.actions.base_action - INFO - <== 动作执行完成: [SwipeNextVideoAction]
2026-06-27 17:30:11,377 - dy.task_runner - INFO - 等待 6.3 秒后处理下一个视频...
2026-06-27 17:30:17,668 - dy.db_manager - INFO - 已连接数据库并校验当日数据表: records_20260627
2026-06-27 17:30:17,669 - dy.task_runner - INFO - 
--- 正在处理第 2/5 个视频 ---
2026-06-27 17:30:17,868 - dy.task_runner - WARNING - 检测到抖音视频长按菜单，执行返回关闭
2026-06-27 17:30:19,702 - dy.task_runner - INFO - 状态检查[提取视频信息前] 第 1/4 次: video_page
2026-06-27 17:30:20,498 - dy.task_runner - INFO - 功能前状态[提取视频信息/分享链接]: video_page
2026-06-27 17:30:21,254 - dy.task_runner - INFO - 状态检查[提取视频信息/分享链接-执行前] 第 1/6 次: video_page
2026-06-27 17:30:21,254 - dy.main_controller - INFO - 调度器开始装载动作: GetCurrentVideoLinkAction
2026-06-27 17:30:21,254 - dy.anti_detection - INFO - 🛡️ 防风控引擎已初始化
2026-06-27 17:30:21,254 - dy.actions.base_action - INFO - ==> 准备执行动作: [GetCurrentVideoLinkAction]
2026-06-27 17:30:22,545 - dy.actions.interaction - INFO - 当前视频可见文案兜底: 烈空U2 V2大师版，中大手专属利器 拥有3950 Ultra+54主控，双8... 展开
2026-06-27 17:30:22,546 - dy.actions.interaction - WARNING - 稳定模式未打开分享面板提取链接，使用当前页面文案生成兜底视频标识: dy_visible_81e1bf2ee9d09d36
2026-06-27 17:30:22,546 - dy.actions.base_action - INFO - <== 动作执行完成: [GetCurrentVideoLinkAction]
2026-06-27 17:30:23,992 - dy.task_runner - INFO - 功能后状态[提取视频信息/分享链接]: video_page
2026-06-27 17:30:24,859 - dy.task_runner - INFO - 状态检查[提取视频信息/分享链接-执行后] 第 1/6 次: video_page
2026-06-27 17:30:24,859 - dy.task_runner - WARNING - 检测到视频重复 (token一致)，可能已滑到底部
2026-06-27 17:30:24,859 - dy.task_runner - INFO - 结束当前关键词的视频循环
2026-06-27 17:30:24,859 - dy.main_controller - INFO - 调度器开始装载动作: ResetToSearchAction
2026-06-27 17:30:24,859 - dy.anti_detection - INFO - 🛡️ 防风控引擎已初始化
2026-06-27 17:30:24,860 - dy.actions.base_action - INFO - ==> 准备执行动作: [ResetToSearchAction]
2026-06-27 17:30:25,263 - dy.actions.navigation - INFO - 执行 5 次返回以重置到首页状态...
2026-06-27 17:30:33,917 - dy.actions.base_action - INFO - <== 动作执行完成: [ResetToSearchAction]
2026-06-27 17:30:33,917 - dy.task_runner - INFO - 
>>> 开始处理关键词: 耳机 <<<
2026-06-27 17:30:33,917 - dy.main_controller - INFO - 调度器开始装载动作: EnterSearchAction
2026-06-27 17:30:33,917 - dy.anti_detection - INFO - 🛡️ 防风控引擎已初始化
2026-06-27 17:30:33,917 - dy.actions.base_action - INFO - ==> 准备执行动作: [EnterSearchAction]
2026-06-27 17:30:34,306 - dy.actions.navigation - INFO - 正在搜索关键词: 耳机
2026-06-27 17:30:35,171 - dy.actions.navigation - INFO - 通过 XPath 成功点击搜索按钮
2026-06-27 17:30:44,505 - dy.actions.navigation - INFO - 成功切换到'视频'页签
2026-06-27 17:30:45,692 - dy.actions.base_action - INFO - <== 动作执行完成: [EnterSearchAction]
2026-06-27 17:30:45,692 - dy.main_controller - INFO - 调度器开始装载动作: ApplyFiltersAction
2026-06-27 17:30:45,693 - dy.anti_detection - INFO - 🛡️ 防风控引擎已初始化
2026-06-27 17:30:45,693 - dy.actions.base_action - INFO - ==> 准备执行动作: [ApplyFiltersAction]
2026-06-27 17:30:46,084 - dy.actions.base_action - WARNING - 应用 com.ss.android.ugc.aweme 不在前台，尝试拉起...
2026-06-27 17:30:46,084 - dy.core.app_mgr - INFO - 正在启动应用: com.ss.android.ugc.aweme
2026-06-27 17:30:46,450 - dy.core.app_mgr - INFO - 等待抖音进入前台，超时时间: 8秒
2026-06-27 17:30:46,928 - dy.core.app_mgr - INFO - 等待抖音进入前台，超时时间: 10秒
2026-06-27 17:30:47,500 - dy.actions.navigation - INFO - >>> 自动化配对成功：模式[latest] -> 点击按钮[最新发布] <<<
2026-06-27 17:30:52,488 - dy.actions.navigation - WARNING - 未找到筛选按钮，无法设置排序工作流
2026-06-27 17:30:52,489 - dy.actions.base_action - INFO - <== 动作执行完成: [ApplyFiltersAction]
2026-06-27 17:30:52,489 - dy.task_runner - WARNING - 筛选未成功应用，继续使用当前搜索结果
2026-06-27 17:30:52,489 - dy.main_controller - INFO - 调度器开始装载动作: EnterFirstVideoAction
2026-06-27 17:30:52,489 - dy.anti_detection - INFO - 🛡️ 防风控引擎已初始化
2026-06-27 17:30:52,489 - dy.actions.base_action - INFO - ==> 准备执行动作: [EnterFirstVideoAction]
2026-06-27 17:30:52,745 - dy.actions.navigation - INFO - 正在定位第一个视频...
2026-06-27 17:30:56,258 - dy.db_manager - INFO - 已连接数据库并校验当日数据表: records_20260627
2026-06-27 17:31:01,384 - dy.actions.navigation - WARNING - 未找到特征文案，尝试点击默认视频位置
2026-06-27 17:31:04,445 - dy.actions.base_action - INFO - <== 动作执行完成: [EnterFirstVideoAction]
2026-06-27 17:31:07,450 - dy.db_manager - INFO - 已连接数据库并校验当日数据表: records_20260627
2026-06-27 17:31:07,451 - dy.task_runner - INFO - 
--- 正在处理第 1/5 个视频 ---
2026-06-27 17:31:10,617 - dy.task_runner - INFO - 状态检查[提取视频信息前] 第 1/4 次: video_page
2026-06-27 17:31:12,036 - dy.task_runner - INFO - 功能前状态[提取视频信息/分享链接]: video_page
2026-06-27 17:31:14,112 - dy.task_runner - INFO - 状态检查[提取视频信息/分享链接-执行前] 第 1/6 次: video_page
2026-06-27 17:31:14,112 - dy.main_controller - INFO - 调度器开始装载动作: GetCurrentVideoLinkAction
2026-06-27 17:31:14,112 - dy.anti_detection - INFO - 🛡️ 防风控引擎已初始化
2026-06-27 17:31:14,112 - dy.actions.base_action - INFO - ==> 准备执行动作: [GetCurrentVideoLinkAction]
2026-06-27 17:31:16,410 - dy.actions.interaction - INFO - 当前视频可见文案兜底: 模仿我姐姐 >
2026-06-27 17:31:16,411 - dy.actions.interaction - WARNING - 稳定模式未打开分享面板提取链接，使用当前页面文案生成兜底视频标识: dy_visible_85f8812a3fe53d74
2026-06-27 17:31:16,411 - dy.actions.base_action - INFO - <== 动作执行完成: [GetCurrentVideoLinkAction]
2026-06-27 17:31:20,167 - dy.task_runner - INFO - 功能后状态[提取视频信息/分享链接]: video_page
2026-06-27 17:31:21,787 - dy.task_runner - INFO - 状态检查[提取视频信息/分享链接-执行后] 第 1/6 次: video_page
2026-06-27 17:31:21,788 - dy.db_manager - INFO - 已连接数据库并校验当日数据表: records_20260627
2026-06-27 17:31:21,790 - dy.task_runner - INFO - 🎬 开始对新视频执行互动...
2026-06-27 17:31:21,790 - dy.task_runner - INFO - 📝 当前视频标题: 模仿我姐姐 >
2026-06-27 17:31:21,806 - dy.db_manager - INFO - 已连接数据库并校验当日数据表: records_20260627
2026-06-27 17:31:21,814 - dy.db_manager - INFO - 已连接数据库并校验当日数据表: records_20260627
2026-06-27 17:31:24,034 - dy.task_runner - INFO - 功能前状态[点赞]: video_page
2026-06-27 17:31:25,969 - dy.task_runner - INFO - 状态检查[点赞-执行前] 第 1/6 次: video_page
2026-06-27 17:31:25,969 - dy.main_controller - INFO - 调度器开始装载动作: DoubleClickLikeAction
2026-06-27 17:31:25,969 - dy.anti_detection - INFO - 🛡️ 防风控引擎已初始化
2026-06-27 17:31:25,970 - dy.actions.base_action - INFO - ==> 准备执行动作: [DoubleClickLikeAction]
2026-06-27 17:31:27,758 - dy.actions.interaction - INFO - 已短按右侧喜欢按钮: (987, 1374)
2026-06-27 17:31:27,758 - dy.actions.base_action - INFO - <== 动作执行完成: [DoubleClickLikeAction]
2026-06-27 17:31:27,759 - dy.db_manager - INFO - 已连接数据库并校验当日数据表: records_20260627
2026-06-27 17:31:28,818 - dy.task_runner - INFO - 收到暂停指令，任务挂起...
2026-06-27 17:31:30,368 - dy.task_runner - INFO - 功能后状态[点赞]: video_page
2026-06-27 17:32:44,744 - root - INFO - 授权码验证通过，客户: test-customer，剩余积分: 183.94100000000026
2026-06-27 17:32:56,078 - dy.task_runner - INFO - 收到继续指令，任务恢复执行...
2026-06-27 17:32:56,864 - dy.task_runner - INFO - 状态检查[点赞-执行后] 第 1/6 次: home_or_search
2026-06-27 17:32:56,864 - dy.task_runner - INFO - 尝试关闭/返回当前状态[home_or_search] -> 视频页
2026-06-27 17:32:59,163 - dy.task_runner - INFO - 状态检查[点赞-执行后] 第 2/6 次: home_or_search
2026-06-27 17:32:59,163 - dy.task_runner - INFO - 尝试关闭/返回当前状态[home_or_search] -> 视频页
2026-06-27 17:33:01,437 - dy.task_runner - INFO - 状态检查[点赞-执行后] 第 3/6 次: home_or_search
2026-06-27 17:33:01,437 - dy.task_runner - INFO - 尝试关闭/返回当前状态[home_or_search] -> 视频页
2026-06-27 17:33:03,801 - dy.task_runner - INFO - 状态检查[点赞-执行后] 第 4/6 次: home_or_search
2026-06-27 17:33:03,801 - dy.task_runner - INFO - 尝试关闭/返回当前状态[home_or_search] -> 视频页
2026-06-27 17:33:05,413 - root - INFO - 授权码验证通过，客户: test-customer，剩余积分: 183.94100000000026
2026-06-27 17:33:06,090 - dy.task_runner - INFO - 状态检查[点赞-执行后] 第 5/6 次: home_or_search
2026-06-27 17:33:06,090 - dy.task_runner - INFO - 尝试关闭/返回当前状态[home_or_search] -> 视频页
2026-06-27 17:33:08,389 - dy.task_runner - INFO - 状态检查[点赞-执行后] 第 6/6 次: home_or_search
2026-06-27 17:33:08,389 - dy.task_runner - WARNING - 恢复视频页失败[点赞-执行后]，最终状态: home_or_search
2026-06-27 17:33:08,389 - dy.task_runner - WARNING - 功能[点赞]后恢复失败，跳过当前视频剩余功能
2026-06-27 17:33:10,735 - dy.task_runner - INFO - 功能前状态[评论区截流]: home_or_search
2026-06-27 17:33:11,174 - dy.task_runner - INFO - 状态检查[评论区截流-执行前] 第 1/6 次: home_or_search
2026-06-27 17:33:11,174 - dy.task_runner - INFO - 尝试关闭/返回当前状态[home_or_search] -> 视频页
2026-06-27 17:33:13,381 - dy.task_runner - INFO - 状态检查[评论区截流-执行前] 第 2/6 次: home_or_search
2026-06-27 17:33:13,381 - dy.task_runner - INFO - 尝试关闭/返回当前状态[home_or_search] -> 视频页
2026-06-27 17:33:15,703 - dy.task_runner - INFO - 状态检查[评论区截流-执行前] 第 3/6 次: home_or_search
2026-06-27 17:33:15,703 - dy.task_runner - INFO - 尝试关闭/返回当前状态[home_or_search] -> 视频页
2026-06-27 17:33:17,984 - dy.task_runner - INFO - 状态检查[评论区截流-执行前] 第 4/6 次: home_or_search
2026-06-27 17:33:17,984 - dy.task_runner - INFO - 尝试关闭/返回当前状态[home_or_search] -> 视频页
2026-06-27 17:33:20,324 - dy.task_runner - INFO - 状态检查[评论区截流-执行前] 第 5/6 次: home_or_search
2026-06-27 17:33:20,324 - dy.task_runner - INFO - 尝试关闭/返回当前状态[home_or_search] -> 视频页
2026-06-27 17:33:21,686 - dy.task_runner - INFO - 状态检查[评论区截流-执行前] 第 6/6 次: home_or_search
2026-06-27 17:33:21,686 - dy.task_runner - WARNING - 恢复视频页失败[评论区截流-执行前]，最终状态: home_or_search
2026-06-27 17:33:21,686 - dy.task_runner - WARNING - 跳过功能[评论区截流]：执行前无法确认视频页
2026-06-27 17:33:21,686 - dy.pipeline - WARNING - 评论区截流异常
2026-06-27 17:33:23,040 - dy.db_manager - INFO - 已连接数据库并校验当日数据表: records_20260627
2026-06-27 17:33:23,041 - dy.task_runner - INFO - 📊 实时数据 -> 视频:35 | 赞:28 | 评:9 | 关:0
2026-06-27 17:33:23,429 - dy.task_runner - INFO - 状态检查[滑动下一个视频前] 第 1/5 次: home_or_search
2026-06-27 17:33:23,429 - dy.task_runner - INFO - 尝试关闭/返回当前状态[home_or_search] -> 视频页
2026-06-27 17:33:25,628 - dy.task_runner - INFO - 状态检查[滑动下一个视频前] 第 2/5 次: home_or_search
2026-06-27 17:33:25,628 - dy.task_runner - INFO - 尝试关闭/返回当前状态[home_or_search] -> 视频页
2026-06-27 17:33:28,505 - dy.task_runner - INFO - 状态检查[滑动下一个视频前] 第 3/5 次: home_or_search
2026-06-27 17:33:28,505 - dy.task_runner - INFO - 尝试关闭/返回当前状态[home_or_search] -> 视频页
2026-06-27 17:33:32,092 - dy.task_runner - INFO - 状态检查[滑动下一个视频前] 第 4/5 次: home_or_search
2026-06-27 17:33:32,092 - dy.task_runner - INFO - 尝试关闭/返回当前状态[home_or_search] -> 视频页
2026-06-27 17:33:33,761 - dy.task_runner - INFO - 状态检查[滑动下一个视频前] 第 5/5 次: home_or_search
2026-06-27 17:33:33,761 - dy.task_runner - WARNING - 恢复视频页失败[滑动下一个视频前]，最终状态: home_or_search
2026-06-27 17:33:33,761 - dy.task_runner - WARNING - 尝试重置并重进视频流: 滑动前恢复失败
2026-06-27 17:33:33,761 - dy.main_controller - INFO - 调度器开始装载动作: ResetToSearchAction
2026-06-27 17:33:33,761 - dy.anti_detection - INFO - 🛡️ 防风控引擎已初始化
2026-06-27 17:33:33,761 - dy.actions.base_action - INFO - ==> 准备执行动作: [ResetToSearchAction]
2026-06-27 17:33:34,111 - dy.actions.base_action - WARNING - 应用 com.ss.android.ugc.aweme 不在前台，尝试拉起...
2026-06-27 17:33:34,111 - dy.core.app_mgr - INFO - 正在启动应用: com.ss.android.ugc.aweme
2026-06-27 17:33:34,539 - dy.core.app_mgr - INFO - 等待抖音进入前台，超时时间: 8秒
2026-06-27 17:33:35,085 - dy.core.app_mgr - INFO - 等待抖音进入前台，超时时间: 10秒
2026-06-27 17:33:35,633 - dy.actions.navigation - INFO - 执行 5 次返回以重置到首页状态...
2026-06-27 17:33:48,584 - dy.actions.base_action - INFO - <== 动作执行完成: [ResetToSearchAction]
2026-06-27 17:33:49,585 - dy.main_controller - INFO - 调度器开始装载动作: EnterSearchAction
2026-06-27 17:33:49,585 - dy.anti_detection - INFO - 🛡️ 防风控引擎已初始化
2026-06-27 17:33:49,585 - dy.actions.base_action - INFO - ==> 准备执行动作: [EnterSearchAction]
2026-06-27 17:33:49,901 - dy.actions.base_action - WARNING - 应用 com.ss.android.ugc.aweme 不在前台，尝试拉起...
2026-06-27 17:33:49,901 - dy.core.app_mgr - INFO - 正在启动应用: com.ss.android.ugc.aweme
2026-06-27 17:33:50,347 - dy.core.app_mgr - INFO - 等待抖音进入前台，超时时间: 8秒
2026-06-27 17:33:50,981 - dy.core.app_mgr - INFO - 等待抖音进入前台，超时时间: 10秒
2026-06-27 17:33:51,473 - dy.actions.navigation - INFO - 正在搜索关键词: 耳机
2026-06-27 17:33:52,404 - dy.actions.navigation - INFO - 通过 XPath 成功点击搜索按钮
2026-06-27 17:33:55,244 - retry.api - WARNING - AdbBroadcastError: broadcast ADB_KEYBOARD_CLEAR_TEXT failed: None in uiautomator2._input.InputMethodMixIn._must_broadcast, retrying in 1 seconds...
2026-06-27 17:34:01,999 - dy.actions.navigation - INFO - 成功切换到'视频'页签
2026-06-27 17:34:02,911 - dy.actions.base_action - INFO - <== 动作执行完成: [EnterSearchAction]
2026-06-27 17:34:02,911 - dy.main_controller - INFO - 调度器开始装载动作: ApplyFiltersAction
2026-06-27 17:34:02,911 - dy.anti_detection - INFO - 🛡️ 防风控引擎已初始化
2026-06-27 17:34:02,911 - dy.actions.base_action - INFO - ==> 准备执行动作: [ApplyFiltersAction]
2026-06-27 17:34:03,258 - dy.actions.navigation - INFO - >>> 自动化配对成功：模式[latest] -> 点击按钮[最新发布] <<<
2026-06-27 17:34:06,278 - dy.actions.navigation - INFO - 已成功选择排序方式: 最新发布
2026-06-27 17:34:06,777 - dy.task_runner - INFO - 收到暂停指令，任务挂起...
2026-06-27 17:34:07,607 - dy.actions.navigation - INFO - 已点击选择: 还未看过
2026-06-27 17:34:11,577 - dy.task_runner - INFO - 收到结束指令，准备退出任务流...
2026-06-27 17:34:11,607 - dy.actions.navigation - INFO - 已点击'视频'页签辅助收起面板
2026-06-27 17:34:13,446 - dy.actions.navigation - INFO - --- 工作流切换完全执行：最新发布 ---
2026-06-27 17:34:13,448 - dy.actions.base_action - INFO - <== 动作执行完成: [ApplyFiltersAction]
2026-06-27 17:34:13,449 - dy.main_controller - INFO - 调度器开始装载动作: EnterFirstVideoAction
2026-06-27 17:34:13,449 - dy.anti_detection - INFO - 🛡️ 防风控引擎已初始化
2026-06-27 17:34:13,449 - dy.actions.base_action - INFO - ==> 准备执行动作: [EnterFirstVideoAction]
2026-06-27 17:34:13,831 - dy.actions.navigation - INFO - 正在定位第一个视频...
2026-06-27 17:34:14,022 - dy.actions.navigation - INFO - 识别到视频文案: 它不只是一副耳机，而是你的音乐避难所，也...
2026-06-27 17:34:15,530 - dy.actions.base_action - INFO - <== 动作执行完成: [EnterFirstVideoAction]
2026-06-27 17:34:15,530 - dy.task_runner - INFO - 检测到结束指令，中断当前执行！
2026-06-27 17:34:15,530 - dy.task_runner - ERROR - 任务流执行异常: 用户手动结束了任务
2026-06-27 17:34:15,530 - dy.main_controller - INFO - 任务执行完毕，清理资源...
2026-06-27 17:34:15,530 - dy.main_controller - INFO - 资源清理完毕，安全退出。
2026-06-27 17:34:15,530 - root - INFO - <== API: 设备 V4DUT20422013309 任务被手动停止
2026-06-27 17:35:31,303 - root - INFO - 授权码验证通过，客户: test-customer，剩余积分: 183.94100000000026
2026-06-27 17:35:31,303 - root - INFO - ==> API: 开始初始化设备 V4DUT20422013309 的douyin平台任务
2026-06-27 17:35:31,303 - dy.main_controller - INFO - 初始化任务调度中心...
2026-06-27 17:35:31,341 - root - INFO - 当前 ADB 连接设备列表: ['V4DUT20422013309']
2026-06-27 17:35:31,341 - root - INFO - 使用传入的序列号: V4DUT20422013309
2026-06-27 17:35:31,342 - root - INFO - 正在向设备 V4DUT20422013309 挂载 UIAutomator2 引擎...
2026-06-27 17:35:31,553 - root - INFO - 设备 V4DUT20422013309 uiautomator2 引擎挂载成功。
2026-06-27 17:35:31,660 - root - INFO - 心跳检查 - 设备 V4DUT20422013309 屏幕状态: 亮起
2026-06-27 17:35:31,661 - dy.main_controller - INFO - 设备通讯正常，引擎挂载完毕。
2026-06-27 17:35:31,669 - dy.db_manager - INFO - 已连接数据库并校验当日数据表: records_20260627
2026-06-27 17:35:31,669 - dy.anti_detection - INFO - 🛡️ 防风控引擎已初始化
2026-06-27 17:35:31,669 - root - INFO - ==> API: 设备 V4DUT20422013309 已进入运行状态
2026-06-27 17:35:31,669 - dy.task_runner - INFO - === 任务流开始 ===
2026-06-27 17:35:31,670 - dy.db_manager - INFO - 已连接数据库并校验当日数据表: records_20260627
2026-06-27 17:35:31,670 - dy.task_runner - INFO - 📊 今日已处理视频: 35 个 | 点赞: 28 次 | 评论: 9 次 | 关注: 0 人
2026-06-27 17:35:31,670 - dy.main_controller - INFO - 调度中心正在拉起抖音 APP...
2026-06-27 17:35:31,670 - dy.core.app_mgr - INFO - 正在启动应用: com.ss.android.ugc.aweme
2026-06-27 17:35:32,124 - dy.core.app_mgr - INFO - 等待抖音进入前台，超时时间: 8秒
2026-06-27 17:35:32,572 - dy.core.app_mgr - INFO - 等待抖音进入前台，超时时间: 10秒
2026-06-27 17:35:33,183 - dy.main_controller - INFO - 调度器开始装载动作: EnsureHomeAction
2026-06-27 17:35:33,183 - dy.anti_detection - INFO - 🛡️ 防风控引擎已初始化
2026-06-27 17:35:33,183 - dy.actions.base_action - INFO - ==> 准备执行动作: [EnsureHomeAction]
2026-06-27 17:35:40,483 - dy.actions.navigation - INFO - ✅ 抖音首页加载成功
2026-06-27 17:35:41,964 - dy.actions.base_action - INFO - <== 动作执行完成: [EnsureHomeAction]
2026-06-27 17:35:41,964 - dy.main_controller - INFO - 抖音启动完成，准备就绪。
2026-06-27 17:35:42,418 - dy.anti_detection - INFO - 📱 设备指纹: {'android_id': '8750be44adec00a2', 'model': 'CDY-TN90', 'brand': 'HONOR', 'sdk': '29'}
2026-06-27 17:35:42,418 - dy.task_runner - INFO - 🧹 已清理设备自动化痕迹
2026-06-27 17:35:42,495 - dy.task_runner - INFO - 
>>> 开始处理关键词: 装修 <<<
2026-06-27 17:35:42,495 - dy.main_controller - INFO - 调度器开始装载动作: EnterSearchAction
2026-06-27 17:35:42,495 - dy.anti_detection - INFO - 🛡️ 防风控引擎已初始化
2026-06-27 17:35:42,495 - dy.actions.base_action - INFO - ==> 准备执行动作: [EnterSearchAction]
2026-06-27 17:35:42,862 - dy.actions.navigation - INFO - 正在搜索关键词: 装修
2026-06-27 17:35:43,815 - dy.actions.navigation - INFO - 通过 XPath 成功点击搜索按钮
2026-06-27 17:35:56,002 - dy.actions.navigation - INFO - 成功切换到'视频'页签
2026-06-27 17:35:57,633 - dy.actions.base_action - INFO - <== 动作执行完成: [EnterSearchAction]
2026-06-27 17:35:57,634 - dy.main_controller - INFO - 调度器开始装载动作: ApplyFiltersAction
2026-06-27 17:35:57,634 - dy.anti_detection - INFO - 🛡️ 防风控引擎已初始化
2026-06-27 17:35:57,634 - dy.actions.base_action - INFO - ==> 准备执行动作: [ApplyFiltersAction]
2026-06-27 17:35:58,287 - dy.actions.navigation - INFO - >>> 自动化配对成功：模式[latest] -> 点击按钮[最新发布] <<<
2026-06-27 17:35:58,622 - dy.db_manager - INFO - 已连接数据库并校验当日数据表: records_20260627
2026-06-27 17:36:01,513 - dy.actions.navigation - INFO - 已成功选择排序方式: 最新发布
2026-06-27 17:36:02,758 - dy.actions.navigation - INFO - 已点击选择: 还未看过
2026-06-27 17:36:07,205 - dy.actions.navigation - INFO - 已点击'视频'页签辅助收起面板
2026-06-27 17:36:08,525 - dy.actions.navigation - INFO - --- 工作流切换完全执行：最新发布 ---
2026-06-27 17:36:08,527 - dy.actions.base_action - INFO - <== 动作执行完成: [ApplyFiltersAction]
2026-06-27 17:36:08,527 - dy.main_controller - INFO - 调度器开始装载动作: EnterFirstVideoAction
2026-06-27 17:36:08,527 - dy.anti_detection - INFO - 🛡️ 防风控引擎已初始化
2026-06-27 17:36:08,528 - dy.actions.base_action - INFO - ==> 准备执行动作: [EnterFirstVideoAction]
2026-06-27 17:36:08,962 - dy.actions.navigation - INFO - 正在定位第一个视频...
2026-06-27 17:36:09,189 - dy.actions.navigation - INFO - 识别到视频文案: 沉浸式装修新一代su7 硅胶5件套#小米...
2026-06-27 17:36:11,128 - dy.actions.base_action - INFO - <== 动作执行完成: [EnterFirstVideoAction]
2026-06-27 17:36:14,131 - dy.db_manager - INFO - 已连接数据库并校验当日数据表: records_20260627
2026-06-27 17:36:14,131 - dy.task_runner - INFO - 
--- 正在处理第 1/5 个视频 ---
2026-06-27 17:36:15,754 - dy.task_runner - INFO - 状态检查[提取视频信息前] 第 1/4 次: video_page
2026-06-27 17:36:16,537 - dy.task_runner - INFO - 功能前状态[提取视频信息/分享链接]: video_page
2026-06-27 17:36:17,631 - dy.task_runner - INFO - 状态检查[提取视频信息/分享链接-执行前] 第 1/6 次: video_page
2026-06-27 17:36:17,631 - dy.main_controller - INFO - 调度器开始装载动作: GetCurrentVideoLinkAction
2026-06-27 17:36:17,631 - dy.anti_detection - INFO - 🛡️ 防风控引擎已初始化
2026-06-27 17:36:17,631 - dy.actions.base_action - INFO - ==> 准备执行动作: [GetCurrentVideoLinkAction]
2026-06-27 17:36:19,044 - dy.actions.interaction - INFO - 当前视频可见文案兜底: 第 12 集 | 沉浸式装修新一代su7 硅胶5件套#小米汽车 #su7 #沉浸式... 展开
2026-06-27 17:36:19,044 - dy.actions.interaction - WARNING - 稳定模式未打开分享面板提取链接，使用当前页面文案生成兜底视频标识: dy_visible_d987c42188647222
2026-06-27 17:36:19,044 - dy.actions.base_action - INFO - <== 动作执行完成: [GetCurrentVideoLinkAction]
2026-06-27 17:36:20,322 - dy.task_runner - INFO - 功能后状态[提取视频信息/分享链接]: video_page
2026-06-27 17:36:21,323 - dy.task_runner - INFO - 状态检查[提取视频信息/分享链接-执行后] 第 1/6 次: video_page
2026-06-27 17:36:21,323 - dy.db_manager - INFO - 已连接数据库并校验当日数据表: records_20260627
2026-06-27 17:36:21,324 - dy.task_runner - INFO - 🎬 开始对新视频执行互动...
2026-06-27 17:36:21,324 - dy.task_runner - INFO - 📝 当前视频标题: 第 12 集 | 沉浸式装修新一代su7 硅胶5件套#小米汽车 #su7 #沉浸式... 展开
2026-06-27 17:36:22,152 - dy.task_runner - INFO - 功能前状态[点赞]: video_page
2026-06-27 17:36:23,179 - dy.task_runner - INFO - 状态检查[点赞-执行前] 第 1/6 次: video_page
2026-06-27 17:36:23,179 - dy.main_controller - INFO - 调度器开始装载动作: DoubleClickLikeAction
2026-06-27 17:36:23,179 - dy.anti_detection - INFO - 🛡️ 防风控引擎已初始化
2026-06-27 17:36:23,179 - dy.actions.base_action - INFO - ==> 准备执行动作: [DoubleClickLikeAction]
2026-06-27 17:36:24,270 - dy.actions.interaction - INFO - 已短按右侧喜欢按钮: (989, 1256)
2026-06-27 17:36:24,270 - dy.actions.base_action - INFO - <== 动作执行完成: [DoubleClickLikeAction]
2026-06-27 17:36:24,278 - dy.db_manager - INFO - 已连接数据库并校验当日数据表: records_20260627
2026-06-27 17:36:25,148 - dy.task_runner - INFO - 功能后状态[点赞]: video_page
2026-06-27 17:36:26,180 - dy.task_runner - INFO - 状态检查[点赞-执行后] 第 1/6 次: video_page
2026-06-27 17:36:28,160 - dy.task_runner - INFO - 功能前状态[私域获客]: video_page
2026-06-27 17:36:29,193 - dy.task_runner - INFO - 状态检查[私域获客-执行前] 第 1/6 次: video_page
2026-06-27 17:36:29,193 - dy.main_controller - INFO - 调度器开始装载动作: FollowAuthorAction
2026-06-27 17:36:29,193 - dy.anti_detection - INFO - 🛡️ 防风控引擎已初始化
2026-06-27 17:36:29,194 - dy.actions.base_action - INFO - ==> 准备执行动作: [FollowAuthorAction]
2026-06-27 17:37:29,121 - dy.actions.interaction - INFO - 作者粉丝数: 未知
2026-06-27 17:37:31,194 - dy.actions.interaction - INFO - 未找到'关注'按钮，可能已经关注过了
2026-06-27 17:37:31,194 - dy.actions.interaction - INFO - 作者粉丝数(None)未达到私信阈值(1.0)，跳过私信
2026-06-27 17:37:31,536 - dy.actions.interaction - INFO - 尝试返回视频页... (1/2)
2026-06-27 17:37:39,312 - dy.actions.interaction - INFO - 确认已经回到视频页
2026-06-27 17:37:39,312 - dy.actions.base_action - INFO - <== 动作执行完成: [FollowAuthorAction]
2026-06-27 17:37:40,858 - dy.task_runner - INFO - 功能后状态[私域获客]: video_page
2026-06-27 17:37:41,954 - dy.task_runner - INFO - 状态检查[私域获客-执行后] 第 1/6 次: video_page
2026-06-27 17:37:44,293 - dy.task_runner - INFO - 功能前状态[AI视频评论]: video_page
2026-06-27 17:37:45,617 - dy.task_runner - INFO - 状态检查[AI视频评论-执行前] 第 1/6 次: video_page
2026-06-27 17:37:49,775 - dy.db_manager - INFO - 已连接数据库并校验当日数据表: records_20260627
2026-06-27 17:37:49,776 - dy.pipeline - INFO - AI 生成回复: 改装得很细腻
2026-06-27 17:37:49,776 - dy.main_controller - INFO - 调度器开始装载动作: PostCommentAction
2026-06-27 17:37:49,776 - dy.anti_detection - INFO - 🛡️ 防风控引擎已初始化
2026-06-27 17:37:49,776 - dy.actions.base_action - INFO - ==> 准备执行动作: [PostCommentAction]
2026-06-27 17:37:50,206 - dy.actions.commenting - INFO - 准备发布视频评论: 改装得很细腻
2026-06-27 17:37:58,194 - dy.actions.commenting - INFO - 视频评论: 发送按钮未就绪，重试 1/3
2026-06-27 17:38:02,613 - dy.actions.commenting - INFO - 视频评论: 发送按钮未就绪，重试 2/3
2026-06-27 17:38:07,530 - dy.actions.commenting - INFO - 视频评论: 发送按钮未就绪，重试 3/3
2026-06-27 17:38:08,375 - dy.actions.commenting - INFO - 视频评论: 尝试回车键发送
2026-06-27 17:38:12,867 - dy.actions.commenting - INFO - 检测到评论输入框仍处于打开状态，执行返回关闭
2026-06-27 17:38:14,986 - dy.actions.base_action - INFO - <== 动作执行完成: [PostCommentAction]
2026-06-27 17:38:16,401 - dy.task_runner - INFO - 功能后状态[AI视频评论]: video_page
2026-06-27 17:38:17,662 - dy.task_runner - INFO - 状态检查[AI视频评论-执行后] 第 1/6 次: video_page
2026-06-27 17:38:20,413 - dy.task_runner - INFO - 功能前状态[评论区截流]: video_page
2026-06-27 17:38:21,686 - dy.task_runner - INFO - 状态检查[评论区截流-执行前] 第 1/6 次: video_page
2026-06-27 17:38:22,624 - dy.task_runner - INFO - 功能前状态[评论区AI截流/楼中楼回复]: video_page
2026-06-27 17:38:23,692 - dy.task_runner - INFO - 状态检查[评论区AI截流/楼中楼回复-执行前] 第 1/6 次: video_page
2026-06-27 17:38:23,692 - dy.main_controller - INFO - 调度器开始装载动作: OpenCommentSectionAction
2026-06-27 17:38:23,692 - dy.anti_detection - INFO - 🛡️ 防风控引擎已初始化
2026-06-27 17:38:23,692 - dy.actions.base_action - INFO - ==> 准备执行动作: [OpenCommentSectionAction]
2026-06-27 17:38:24,163 - dy.actions.commenting - INFO - 正在通过 content-desc 规律寻找主评论区按钮...
2026-06-27 17:38:24,855 - dy.actions.commenting - INFO - 成功锁定评论区入口，当前评论数标识: 评论9，按钮
2026-06-27 17:38:27,740 - dy.actions.base_action - INFO - <== 动作执行完成: [OpenCommentSectionAction]
2026-06-27 17:38:28,518 - dy.task_runner - INFO - 功能中状态[打开评论区后]: comment_panel
2026-06-27 17:38:28,518 - dy.main_controller - INFO - 调度器开始装载动作: ProcessCommentSectionAction
2026-06-27 17:38:28,518 - dy.anti_detection - INFO - 🛡️ 防风控引擎已初始化
2026-06-27 17:38:28,519 - dy.actions.base_action - INFO - ==> 准备执行动作: [ProcessCommentSectionAction]
2026-06-27 17:38:28,924 - dy.actions.commenting - INFO - 开始处理评论区内容...
2026-06-27 17:38:28,924 - dy.actions.commenting - INFO - 正在解析当前屏幕可见评论...
2026-06-27 17:38:53,262 - dy.actions.commenting - INFO - 🎯 AI 识别到意向评论: 无线充电硅胶垫哪里买的呀
2026-06-27 17:38:56,557 - dy.actions.commenting - INFO - 回复内容: 可以看看主页哦，有详细介绍。
2026-06-27 17:39:05,506 - dy.actions.commenting - INFO - 楼中楼回复: 发送按钮未就绪，重试 1/3
2026-06-27 17:39:09,530 - dy.actions.commenting - INFO - 楼中楼回复: 发送按钮未就绪，重试 2/3
2026-06-27 17:39:14,149 - dy.actions.commenting - INFO - 楼中楼回复: 发送按钮未就绪，重试 3/3
2026-06-27 17:39:14,661 - dy.actions.commenting - INFO - 楼中楼回复: 尝试回车键发送
2026-06-27 17:39:19,219 - dy.actions.commenting - INFO - 检测到评论输入框仍处于打开状态，执行返回关闭
2026-06-27 17:39:27,040 - dy.actions.commenting - INFO - AI 已识别评论 7/20 条
2026-06-27 17:40:25,055 - dy.actions.commenting - INFO - 正在解析当前屏幕可见评论...
2026-06-27 17:40:43,914 - dy.actions.commenting - INFO - AI 已识别评论 13/20 条
2026-06-27 17:40:50,013 - dy.actions.commenting - INFO - 评论区处理完毕，关闭面板
2026-06-27 17:40:50,745 - dy.actions.commenting - INFO - 检测到评论输入框仍处于打开状态，执行返回关闭
2026-06-27 17:40:53,774 - dy.actions.commenting - INFO - 确认评论区面板已关闭
2026-06-27 17:40:53,774 - dy.actions.base_action - INFO - <== 动作执行完成: [ProcessCommentSectionAction]
2026-06-27 17:40:54,014 - dy.task_runner - INFO - 功能后状态[评论区AI截流/楼中楼回复]: input_or_chat
2026-06-27 17:40:54,530 - dy.task_runner - INFO - 状态检查[评论区AI截流/楼中楼回复-执行后] 第 1/6 次: input_or_chat
2026-06-27 17:40:54,530 - dy.task_runner - INFO - 尝试关闭/返回当前状态[input_or_chat] -> 视频页
2026-06-27 17:40:56,002 - dy.task_runner - INFO - 状态检查[评论区AI截流/楼中楼回复-执行后] 第 2/6 次: input_or_chat
2026-06-27 17:40:56,002 - dy.task_runner - INFO - 尝试关闭/返回当前状态[input_or_chat] -> 视频页
2026-06-27 17:40:57,594 - dy.task_runner - INFO - 状态检查[评论区AI截流/楼中楼回复-执行后] 第 3/6 次: input_or_chat
2026-06-27 17:40:57,595 - dy.task_runner - INFO - 尝试关闭/返回当前状态[input_or_chat] -> 视频页
2026-06-27 17:40:59,180 - dy.task_runner - INFO - 状态检查[评论区AI截流/楼中楼回复-执行后] 第 4/6 次: input_or_chat
2026-06-27 17:40:59,180 - dy.task_runner - INFO - 尝试关闭/返回当前状态[input_or_chat] -> 视频页
2026-06-27 17:41:01,520 - dy.task_runner - INFO - 状态检查[评论区AI截流/楼中楼回复-执行后] 第 5/6 次: video_page
2026-06-27 17:41:02,628 - dy.task_runner - INFO - 功能后状态[评论区截流]: video_page
2026-06-27 17:41:03,502 - dy.task_runner - INFO - 状态检查[评论区截流-执行后] 第 1/6 次: video_page
2026-06-27 17:41:03,510 - dy.db_manager - INFO - 已连接数据库并校验当日数据表: records_20260627
2026-06-27 17:41:03,510 - dy.task_runner - INFO - 📊 实时数据 -> 视频:36 | 赞:29 | 评:9 | 关:0
2026-06-27 17:41:04,397 - dy.task_runner - INFO - 状态检查[滑动下一个视频前] 第 1/5 次: video_page
2026-06-27 17:41:04,397 - dy.main_controller - INFO - 调度器开始装载动作: SwipeNextVideoAction
2026-06-27 17:41:04,397 - dy.anti_detection - INFO - 🛡️ 防风控引擎已初始化
2026-06-27 17:41:04,397 - dy.actions.base_action - INFO - ==> 准备执行动作: [SwipeNextVideoAction]
2026-06-27 17:41:59,957 - dy.actions.base_action - INFO - <== 动作执行完成: [SwipeNextVideoAction]
2026-06-27 17:42:00,059 - dy.task_runner - INFO - 等待 8.0 秒后处理下一个视频...
2026-06-27 17:42:08,022 - dy.db_manager - INFO - 已连接数据库并校验当日数据表: records_20260627
2026-06-27 17:42:08,023 - dy.task_runner - INFO - 
--- 正在处理第 2/5 个视频 ---
2026-06-27 17:42:08,174 - dy.task_runner - WARNING - 检测到抖音视频长按菜单，执行返回关闭
2026-06-27 17:42:10,179 - dy.task_runner - INFO - 状态检查[提取视频信息前] 第 1/4 次: video_page
2026-06-27 17:42:10,782 - dy.task_runner - INFO - 功能前状态[提取视频信息/分享链接]: video_page
2026-06-27 17:42:11,579 - dy.task_runner - INFO - 状态检查[提取视频信息/分享链接-执行前] 第 1/6 次: video_page
2026-06-27 17:42:11,579 - dy.main_controller - INFO - 调度器开始装载动作: GetCurrentVideoLinkAction
2026-06-27 17:42:11,579 - dy.anti_detection - INFO - 🛡️ 防风控引擎已初始化
2026-06-27 17:42:11,579 - dy.actions.base_action - INFO - ==> 准备执行动作: [GetCurrentVideoLinkAction]
2026-06-27 17:42:12,790 - dy.actions.interaction - INFO - 当前视频可见文案兜底: 骗你的 我怎么舍得打你们呢 #一二三摇2 >
2026-06-27 17:42:12,790 - dy.actions.interaction - WARNING - 稳定模式未打开分享面板提取链接，使用当前页面文案生成兜底视频标识: dy_visible_d1af0da224cbad5c
2026-06-27 17:42:12,790 - dy.actions.base_action - INFO - <== 动作执行完成: [GetCurrentVideoLinkAction]
2026-06-27 17:42:14,010 - dy.task_runner - INFO - 功能后状态[提取视频信息/分享链接]: video_page
2026-06-27 17:42:14,831 - dy.task_runner - INFO - 状态检查[提取视频信息/分享链接-执行后] 第 1/6 次: video_page
2026-06-27 17:42:14,832 - dy.db_manager - INFO - 已连接数据库并校验当日数据表: records_20260627
2026-06-27 17:42:14,832 - dy.task_runner - INFO - 🎬 开始对新视频执行互动...
2026-06-27 17:42:14,832 - dy.task_runner - INFO - 📝 当前视频标题: 骗你的 我怎么舍得打你们呢 #一二三摇2 >
2026-06-27 17:42:15,433 - dy.task_runner - INFO - 功能前状态[点赞]: video_page
2026-06-27 17:42:16,102 - dy.task_runner - INFO - 状态检查[点赞-执行前] 第 1/6 次: video_page
2026-06-27 17:42:16,102 - dy.main_controller - INFO - 调度器开始装载动作: DoubleClickLikeAction
2026-06-27 17:42:16,102 - dy.anti_detection - INFO - 🛡️ 防风控引擎已初始化
2026-06-27 17:42:16,102 - dy.actions.base_action - INFO - ==> 准备执行动作: [DoubleClickLikeAction]
2026-06-27 17:42:17,218 - dy.actions.interaction - INFO - 已短按右侧喜欢按钮: (990, 1377)
2026-06-27 17:42:17,219 - dy.actions.base_action - INFO - <== 动作执行完成: [DoubleClickLikeAction]
2026-06-27 17:42:17,225 - dy.db_manager - INFO - 已连接数据库并校验当日数据表: records_20260627
2026-06-27 17:42:18,161 - dy.task_runner - INFO - 功能后状态[点赞]: video_page
2026-06-27 17:42:19,019 - dy.task_runner - INFO - 状态检查[点赞-执行后] 第 1/6 次: video_page
2026-06-27 17:42:21,686 - dy.task_runner - INFO - 功能前状态[私域获客]: video_page
2026-06-27 17:42:22,540 - dy.task_runner - INFO - 状态检查[私域获客-执行前] 第 1/6 次: video_page
2026-06-27 17:42:22,540 - dy.main_controller - INFO - 调度器开始装载动作: FollowAuthorAction
2026-06-27 17:42:22,541 - dy.anti_detection - INFO - 🛡️ 防风控引擎已初始化
2026-06-27 17:42:22,541 - dy.actions.base_action - INFO - ==> 准备执行动作: [FollowAuthorAction]
2026-06-27 17:43:20,873 - dy.actions.interaction - INFO - 作者粉丝数: 未知
2026-06-27 17:43:22,953 - dy.actions.interaction - INFO - 未找到'关注'按钮，可能已经关注过了
2026-06-27 17:43:22,955 - dy.actions.interaction - INFO - 作者粉丝数(None)未达到私信阈值(1.0)，跳过私信
2026-06-27 17:43:23,342 - dy.actions.interaction - INFO - 尝试返回视频页... (1/2)
2026-06-27 17:43:26,786 - dy.actions.interaction - INFO - 确认已经回到视频页
2026-06-27 17:43:26,786 - dy.actions.base_action - INFO - <== 动作执行完成: [FollowAuthorAction]
2026-06-27 17:43:27,994 - dy.task_runner - INFO - 功能后状态[私域获客]: video_page
2026-06-27 17:43:28,854 - dy.task_runner - INFO - 状态检查[私域获客-执行后] 第 1/6 次: video_page
2026-06-27 17:43:30,849 - dy.task_runner - INFO - 功能前状态[AI视频评论]: video_page
2026-06-27 17:43:31,667 - dy.task_runner - INFO - 状态检查[AI视频评论-执行前] 第 1/6 次: video_page
2026-06-27 17:43:35,772 - dy.db_manager - INFO - 已连接数据库并校验当日数据表: records_20260627
2026-06-27 17:43:35,773 - dy.pipeline - INFO - AI 生成回复: 装修再累也舍不得打你～
2026-06-27 17:43:35,773 - dy.main_controller - INFO - 调度器开始装载动作: PostCommentAction
2026-06-27 17:43:35,773 - dy.anti_detection - INFO - 🛡️ 防风控引擎已初始化
2026-06-27 17:43:35,773 - dy.actions.base_action - INFO - ==> 准备执行动作: [PostCommentAction]
2026-06-27 17:43:36,222 - dy.actions.commenting - INFO - 准备发布视频评论: 装修再累也舍不得打你～
2026-06-27 17:43:45,604 - dy.actions.commenting - WARNING - 未找到视频页底部的评论输入框
2026-06-27 17:43:45,604 - dy.actions.base_action - INFO - <== 动作执行完成: [PostCommentAction]
2026-06-27 17:43:46,914 - dy.task_runner - INFO - 功能后状态[AI视频评论]: video_page
2026-06-27 17:43:47,713 - dy.task_runner - INFO - 状态检查[AI视频评论-执行后] 第 1/6 次: video_page
2026-06-27 17:43:50,881 - dy.task_runner - INFO - 功能前状态[评论区截流]: video_page
2026-06-27 17:43:51,812 - dy.task_runner - INFO - 状态检查[评论区截流-执行前] 第 1/6 次: video_page
2026-06-27 17:43:52,380 - dy.task_runner - INFO - 功能前状态[评论区AI截流/楼中楼回复]: video_page
2026-06-27 17:43:53,268 - dy.task_runner - INFO - 状态检查[评论区AI截流/楼中楼回复-执行前] 第 1/6 次: video_page
2026-06-27 17:43:53,269 - dy.main_controller - INFO - 调度器开始装载动作: OpenCommentSectionAction
2026-06-27 17:43:53,269 - dy.anti_detection - INFO - 🛡️ 防风控引擎已初始化
2026-06-27 17:43:53,269 - dy.actions.base_action - INFO - ==> 准备执行动作: [OpenCommentSectionAction]
2026-06-27 17:43:53,661 - dy.actions.commenting - INFO - 正在通过 content-desc 规律寻找主评论区按钮...
2026-06-27 17:43:54,194 - dy.actions.commenting - INFO - 成功锁定评论区入口，当前评论数标识: 评论693，按钮
2026-06-27 17:43:56,527 - dy.actions.base_action - INFO - <== 动作执行完成: [OpenCommentSectionAction]
2026-06-27 17:43:57,451 - dy.task_runner - INFO - 功能中状态[打开评论区后]: home_or_search
2026-06-27 17:43:57,451 - dy.task_runner - WARNING - 评论区未可靠打开，当前状态: home_or_search
2026-06-27 17:43:58,144 - dy.task_runner - INFO - 状态检查[评论区AI截流/楼中楼回复-打开失败后] 第 1/6 次: home_or_search
2026-06-27 17:43:58,144 - dy.task_runner - INFO - 尝试关闭/返回当前状态[home_or_search] -> 视频页
2026-06-27 17:44:00,156 - dy.task_runner - INFO - 状态检查[评论区AI截流/楼中楼回复-打开失败后] 第 2/6 次: video_page
2026-06-27 17:44:01,417 - dy.task_runner - INFO - 功能后状态[评论区截流]: video_page
2026-06-27 17:44:02,317 - dy.task_runner - INFO - 状态检查[评论区截流-执行后] 第 1/6 次: video_page
2026-06-27 17:44:02,324 - dy.db_manager - INFO - 已连接数据库并校验当日数据表: records_20260627
2026-06-27 17:44:02,325 - dy.task_runner - INFO - 📊 实时数据 -> 视频:37 | 赞:30 | 评:9 | 关:0
2026-06-27 17:44:03,228 - dy.task_runner - INFO - 状态检查[滑动下一个视频前] 第 1/5 次: video_page
2026-06-27 17:44:03,228 - dy.main_controller - INFO - 调度器开始装载动作: SwipeNextVideoAction
2026-06-27 17:44:03,228 - dy.anti_detection - INFO - 🛡️ 防风控引擎已初始化
2026-06-27 17:44:03,228 - dy.actions.base_action - INFO - ==> 准备执行动作: [SwipeNextVideoAction]
2026-06-27 17:44:58,777 - dy.actions.base_action - INFO - <== 动作执行完成: [SwipeNextVideoAction]
2026-06-27 17:44:58,870 - dy.task_runner - INFO - 等待 6.6 秒后处理下一个视频...
2026-06-27 17:45:05,441 - dy.db_manager - INFO - 已连接数据库并校验当日数据表: records_20260627
2026-06-27 17:45:05,441 - dy.task_runner - INFO - 
--- 正在处理第 3/5 个视频 ---
2026-06-27 17:45:05,652 - dy.task_runner - WARNING - 检测到抖音视频长按菜单，执行返回关闭
2026-06-27 17:45:07,954 - dy.task_runner - INFO - 状态检查[提取视频信息前] 第 1/4 次: video_page
2026-06-27 17:45:08,686 - dy.task_runner - INFO - 功能前状态[提取视频信息/分享链接]: video_page
2026-06-27 17:45:09,506 - dy.task_runner - INFO - 状态检查[提取视频信息/分享链接-执行前] 第 1/6 次: video_page
2026-06-27 17:45:09,506 - dy.main_controller - INFO - 调度器开始装载动作: GetCurrentVideoLinkAction
2026-06-27 17:45:09,506 - dy.anti_detection - INFO - 🛡️ 防风控引擎已初始化
2026-06-27 17:45:09,506 - dy.actions.base_action - INFO - ==> 准备执行动作: [GetCurrentVideoLinkAction]
2026-06-27 17:45:10,747 - dy.actions.interaction - INFO - 当前视频可见文案兜底: 骗你的 我怎么舍得打你们呢 #一二三摇2 >
2026-06-27 17:45:10,748 - dy.actions.interaction - WARNING - 稳定模式未打开分享面板提取链接，使用当前页面文案生成兜底视频标识: dy_visible_d1af0da224cbad5c
2026-06-27 17:45:10,748 - dy.actions.base_action - INFO - <== 动作执行完成: [GetCurrentVideoLinkAction]
2026-06-27 17:45:12,067 - dy.task_runner - INFO - 功能后状态[提取视频信息/分享链接]: video_page
2026-06-27 17:45:12,913 - dy.task_runner - INFO - 状态检查[提取视频信息/分享链接-执行后] 第 1/6 次: video_page
2026-06-27 17:45:12,914 - dy.task_runner - WARNING - 检测到视频重复 (token一致)，可能已滑到底部
2026-06-27 17:45:12,914 - dy.task_runner - INFO - 结束当前关键词的视频循环
2026-06-27 17:45:12,914 - dy.main_controller - INFO - 调度器开始装载动作: ResetToSearchAction
2026-06-27 17:45:12,914 - dy.anti_detection - INFO - 🛡️ 防风控引擎已初始化
2026-06-27 17:45:12,914 - dy.actions.base_action - INFO - ==> 准备执行动作: [ResetToSearchAction]
2026-06-27 17:45:13,294 - dy.actions.navigation - INFO - 执行 5 次返回以重置到首页状态...
2026-06-27 17:45:23,238 - dy.actions.base_action - INFO - <== 动作执行完成: [ResetToSearchAction]
2026-06-27 17:45:23,238 - dy.task_runner - INFO - 
>>> 开始处理关键词: 二手手机 <<<
2026-06-27 17:45:23,238 - dy.main_controller - INFO - 调度器开始装载动作: EnterSearchAction
2026-06-27 17:45:23,238 - dy.anti_detection - INFO - 🛡️ 防风控引擎已初始化
2026-06-27 17:45:23,238 - dy.actions.base_action - INFO - ==> 准备执行动作: [EnterSearchAction]
2026-06-27 17:45:23,569 - dy.actions.base_action - WARNING - 应用 com.ss.android.ugc.aweme 不在前台，尝试拉起...
2026-06-27 17:45:23,569 - dy.core.app_mgr - INFO - 正在启动应用: com.ss.android.ugc.aweme
2026-06-27 17:45:24,050 - dy.core.app_mgr - INFO - 等待抖音进入前台，超时时间: 8秒
2026-06-27 17:45:24,573 - dy.core.app_mgr - INFO - 等待抖音进入前台，超时时间: 10秒
2026-06-27 17:45:25,103 - dy.actions.navigation - INFO - 正在搜索关键词: 二手手机
2026-06-27 17:45:25,936 - dy.actions.navigation - INFO - 通过 XPath 成功点击搜索按钮
2026-06-27 17:45:34,914 - dy.actions.navigation - INFO - 成功切换到'视频'页签
2026-06-27 17:45:35,721 - dy.actions.base_action - INFO - <== 动作执行完成: [EnterSearchAction]
2026-06-27 17:45:35,721 - dy.main_controller - INFO - 调度器开始装载动作: ApplyFiltersAction
2026-06-27 17:45:35,721 - dy.anti_detection - INFO - 🛡️ 防风控引擎已初始化
2026-06-27 17:45:35,721 - dy.actions.base_action - INFO - ==> 准备执行动作: [ApplyFiltersAction]
2026-06-27 17:45:36,026 - dy.actions.navigation - INFO - >>> 自动化配对成功：模式[latest] -> 点击按钮[最新发布] <<<
2026-06-27 17:45:38,266 - dy.actions.navigation - INFO - 已成功选择排序方式: 最新发布
2026-06-27 17:45:39,630 - dy.actions.navigation - INFO - 已点击选择: 还未看过
2026-06-27 17:45:41,116 - dy.db_manager - INFO - 已连接数据库并校验当日数据表: records_20260627
2026-06-27 17:45:41,123 - dy.db_manager - INFO - 已连接数据库并校验当日数据表: records_20260627
2026-06-27 17:45:43,962 - dy.actions.navigation - INFO - 已点击'视频'页签辅助收起面板
2026-06-27 17:45:50,918 - dy.actions.navigation - INFO - --- 工作流切换完全执行：最新发布 ---
2026-06-27 17:45:50,921 - dy.actions.base_action - INFO - <== 动作执行完成: [ApplyFiltersAction]
2026-06-27 17:45:50,921 - dy.main_controller - INFO - 调度器开始装载动作: EnterFirstVideoAction
2026-06-27 17:45:50,922 - dy.anti_detection - INFO - 🛡️ 防风控引擎已初始化
2026-06-27 17:45:50,922 - dy.actions.base_action - INFO - ==> 准备执行动作: [EnterFirstVideoAction]
2026-06-27 17:45:51,346 - dy.actions.navigation - INFO - 正在定位第一个视频...
2026-06-27 17:45:51,662 - dy.actions.navigation - INFO - 识别到视频文案: #回收二手手机 #回收监管机 #上门回收...
2026-06-27 17:45:52,878 - dy.actions.base_action - INFO - <== 动作执行完成: [EnterFirstVideoAction]
2026-06-27 17:45:55,881 - dy.db_manager - INFO - 已连接数据库并校验当日数据表: records_20260627
2026-06-27 17:45:55,882 - dy.task_runner - INFO - 
--- 正在处理第 1/5 个视频 ---
2026-06-27 17:45:57,460 - dy.task_runner - INFO - 状态检查[提取视频信息前] 第 1/4 次: video_page
2026-06-27 17:45:58,020 - dy.task_runner - INFO - 功能前状态[提取视频信息/分享链接]: video_page
2026-06-27 17:45:59,026 - dy.task_runner - INFO - 状态检查[提取视频信息/分享链接-执行前] 第 1/6 次: video_page
2026-06-27 17:45:59,026 - dy.main_controller - INFO - 调度器开始装载动作: GetCurrentVideoLinkAction
2026-06-27 17:45:59,026 - dy.anti_detection - INFO - 🛡️ 防风控引擎已初始化
2026-06-27 17:45:59,026 - dy.actions.base_action - INFO - ==> 准备执行动作: [GetCurrentVideoLinkAction]
2026-06-27 17:46:00,228 - dy.actions.interaction - INFO - 当前视频可见文案兜底: #回收二手手机 #回收监管机 #上门回收手机 今日特价
2026-06-27 17:46:00,228 - dy.actions.interaction - WARNING - 稳定模式未打开分享面板提取链接，使用当前页面文案生成兜底视频标识: dy_visible_37c3612c7884a719
2026-06-27 17:46:00,229 - dy.actions.base_action - INFO - <== 动作执行完成: [GetCurrentVideoLinkAction]
2026-06-27 17:46:01,410 - dy.task_runner - INFO - 功能后状态[提取视频信息/分享链接]: video_page
2026-06-27 17:46:02,163 - dy.task_runner - INFO - 状态检查[提取视频信息/分享链接-执行后] 第 1/6 次: video_page
2026-06-27 17:46:02,164 - dy.db_manager - INFO - 已连接数据库并校验当日数据表: records_20260627
2026-06-27 17:46:02,164 - dy.task_runner - INFO - 🎬 开始对新视频执行互动...
2026-06-27 17:46:02,164 - dy.task_runner - INFO - 📝 当前视频标题: #回收二手手机 #回收监管机 #上门回收手机 今日特价
2026-06-27 17:46:02,635 - dy.task_runner - INFO - 功能前状态[点赞]: video_page
2026-06-27 17:46:03,632 - dy.task_runner - INFO - 状态检查[点赞-执行前] 第 1/6 次: video_page
2026-06-27 17:46:03,632 - dy.main_controller - INFO - 调度器开始装载动作: DoubleClickLikeAction
2026-06-27 17:46:03,632 - dy.anti_detection - INFO - 🛡️ 防风控引擎已初始化
2026-06-27 17:46:03,632 - dy.actions.base_action - INFO - ==> 准备执行动作: [DoubleClickLikeAction]
2026-06-27 17:46:04,826 - dy.actions.interaction - INFO - 已短按右侧喜欢按钮: (990, 1377)
2026-06-27 17:46:04,826 - dy.actions.base_action - INFO - <== 动作执行完成: [DoubleClickLikeAction]
2026-06-27 17:46:04,832 - dy.db_manager - INFO - 已连接数据库并校验当日数据表: records_20260627
2026-06-27 17:46:05,650 - dy.task_runner - INFO - 功能后状态[点赞]: video_page
2026-06-27 17:46:06,543 - dy.task_runner - INFO - 状态检查[点赞-执行后] 第 1/6 次: video_page
2026-06-27 17:46:08,637 - dy.task_runner - INFO - 功能前状态[私域获客]: video_page
2026-06-27 17:46:09,248 - dy.task_runner - INFO - 状态检查[私域获客-执行前] 第 1/6 次: video_page
2026-06-27 17:46:09,248 - dy.main_controller - INFO - 调度器开始装载动作: FollowAuthorAction
2026-06-27 17:46:09,248 - dy.anti_detection - INFO - 🛡️ 防风控引擎已初始化
2026-06-27 17:46:09,248 - dy.actions.base_action - INFO - ==> 准备执行动作: [FollowAuthorAction]
2026-06-27 17:46:29,582 - dy.db_manager - INFO - 已连接数据库并校验当日数据表: records_20260627
2026-06-27 17:47:08,462 - dy.actions.interaction - INFO - 作者粉丝数: 未知
2026-06-27 17:47:10,612 - dy.actions.interaction - INFO - 未找到'关注'按钮，可能已经关注过了
2026-06-27 17:47:10,612 - dy.actions.interaction - INFO - 作者粉丝数(None)未达到私信阈值(1.0)，跳过私信
2026-06-27 17:47:10,951 - dy.actions.interaction - INFO - 尝试返回视频页... (1/2)
2026-06-27 17:47:19,514 - dy.actions.interaction - INFO - 确认已经回到视频页
2026-06-27 17:47:19,515 - dy.actions.base_action - INFO - <== 动作执行完成: [FollowAuthorAction]
2026-06-27 17:47:21,122 - dy.task_runner - INFO - 功能后状态[私域获客]: video_page
2026-06-27 17:47:21,978 - dy.task_runner - INFO - 状态检查[私域获客-执行后] 第 1/6 次: video_page
2026-06-27 17:47:23,494 - dy.task_runner - INFO - 功能前状态[AI视频评论]: video_page
2026-06-27 17:47:24,429 - dy.task_runner - INFO - 状态检查[AI视频评论-执行前] 第 1/6 次: video_page
2026-06-27 17:47:27,868 - dy.db_manager - INFO - 已连接数据库并校验当日数据表: records_20260627
2026-06-27 17:47:27,868 - dy.pipeline - INFO - AI 生成回复: 上门回收真方便
2026-06-27 17:47:27,868 - dy.main_controller - INFO - 调度器开始装载动作: PostCommentAction
2026-06-27 17:47:27,868 - dy.anti_detection - INFO - 🛡️ 防风控引擎已初始化
2026-06-27 17:47:27,868 - dy.actions.base_action - INFO - ==> 准备执行动作: [PostCommentAction]
2026-06-27 17:47:28,296 - dy.actions.commenting - INFO - 准备发布视频评论: 上门回收真方便
2026-06-27 17:47:35,650 - dy.actions.commenting - INFO - 视频评论: 发送按钮未就绪，重试 1/3
2026-06-27 17:47:41,260 - dy.actions.commenting - INFO - 视频评论: 发送按钮未就绪，重试 2/3
2026-06-27 17:47:46,485 - dy.actions.commenting - INFO - 视频评论: 发送按钮未就绪，重试 3/3
2026-06-27 17:47:47,268 - dy.actions.commenting - INFO - 视频评论: 尝试回车键发送
2026-06-27 17:47:52,119 - dy.actions.commenting - INFO - 检测到评论输入框仍处于打开状态，执行返回关闭
2026-06-27 17:47:53,704 - dy.actions.base_action - INFO - <== 动作执行完成: [PostCommentAction]
2026-06-27 17:47:55,113 - dy.task_runner - INFO - 功能后状态[AI视频评论]: video_page
2026-06-27 17:47:55,948 - dy.task_runner - INFO - 状态检查[AI视频评论-执行后] 第 1/6 次: video_page
2026-06-27 17:47:58,754 - dy.task_runner - INFO - 功能前状态[评论区截流]: video_page
2026-06-27 17:47:59,705 - dy.db_manager - INFO - 已连接数据库并校验当日数据表: records_20260627
2026-06-27 17:47:59,754 - dy.task_runner - INFO - 状态检查[评论区截流-执行前] 第 1/6 次: video_page
2026-06-27 17:48:00,405 - dy.task_runner - INFO - 功能前状态[评论区AI截流/楼中楼回复]: video_page
2026-06-27 17:48:01,168 - dy.task_runner - INFO - 状态检查[评论区AI截流/楼中楼回复-执行前] 第 1/6 次: video_page
2026-06-27 17:48:01,168 - dy.main_controller - INFO - 调度器开始装载动作: OpenCommentSectionAction
2026-06-27 17:48:01,168 - dy.anti_detection - INFO - 🛡️ 防风控引擎已初始化
2026-06-27 17:48:01,169 - dy.actions.base_action - INFO - ==> 准备执行动作: [OpenCommentSectionAction]
2026-06-27 17:48:01,544 - dy.actions.commenting - INFO - 正在通过 content-desc 规律寻找主评论区按钮...
2026-06-27 17:48:02,328 - dy.actions.commenting - INFO - 成功锁定评论区入口，当前评论数标识: 评论1，按钮
2026-06-27 17:48:04,337 - dy.actions.base_action - INFO - <== 动作执行完成: [OpenCommentSectionAction]
2026-06-27 17:48:04,978 - dy.task_runner - INFO - 功能中状态[打开评论区后]: comment_panel
2026-06-27 17:48:04,978 - dy.main_controller - INFO - 调度器开始装载动作: ProcessCommentSectionAction
2026-06-27 17:48:04,978 - dy.anti_detection - INFO - 🛡️ 防风控引擎已初始化
2026-06-27 17:48:04,978 - dy.actions.base_action - INFO - ==> 准备执行动作: [ProcessCommentSectionAction]
2026-06-27 17:48:05,416 - dy.actions.commenting - INFO - 开始处理评论区内容...
2026-06-27 17:48:05,417 - dy.actions.commenting - INFO - 正在解析当前屏幕可见评论...
2026-06-27 17:48:32,639 - dy.actions.commenting - INFO - AI 已识别评论 8/20 条
2026-06-27 17:48:33,499 - dy.actions.commenting - INFO - 已滑到底部，没有更多评论
2026-06-27 17:48:33,499 - dy.actions.commenting - INFO - 评论区处理完毕，关闭面板
2026-06-27 17:48:33,816 - dy.actions.commenting - INFO - 检测到评论输入框仍处于打开状态，执行返回关闭
2026-06-27 17:48:37,130 - dy.actions.commenting - INFO - 确认评论区面板已关闭
2026-06-27 17:48:37,130 - dy.actions.base_action - INFO - <== 动作执行完成: [ProcessCommentSectionAction]
2026-06-27 17:48:37,744 - dy.task_runner - INFO - 功能后状态[评论区AI截流/楼中楼回复]: video_page
2026-06-27 17:48:38,535 - dy.task_runner - INFO - 状态检查[评论区AI截流/楼中楼回复-执行后] 第 1/6 次: video_page
2026-06-27 17:48:40,172 - dy.task_runner - INFO - 功能后状态[评论区截流]: video_page
2026-06-27 17:48:41,102 - dy.task_runner - INFO - 状态检查[评论区截流-执行后] 第 1/6 次: video_page
2026-06-27 17:48:41,103 - dy.db_manager - INFO - 已连接数据库并校验当日数据表: records_20260627
2026-06-27 17:48:41,103 - dy.task_runner - INFO - 📊 实时数据 -> 视频:38 | 赞:31 | 评:9 | 关:0
2026-06-27 17:48:41,941 - dy.task_runner - INFO - 状态检查[滑动下一个视频前] 第 1/5 次: video_page
2026-06-27 17:48:41,941 - dy.main_controller - INFO - 调度器开始装载动作: SwipeNextVideoAction
2026-06-27 17:48:41,941 - dy.anti_detection - INFO - 🛡️ 防风控引擎已初始化
2026-06-27 17:48:41,941 - dy.actions.base_action - INFO - ==> 准备执行动作: [SwipeNextVideoAction]
2026-06-27 17:49:37,234 - dy.actions.base_action - INFO - <== 动作执行完成: [SwipeNextVideoAction]
2026-06-27 17:49:37,338 - dy.task_runner - INFO - 等待 6.7 秒后处理下一个视频...
2026-06-27 17:49:44,017 - dy.db_manager - INFO - 已连接数据库并校验当日数据表: records_20260627
2026-06-27 17:49:44,018 - dy.task_runner - INFO - 
--- 正在处理第 2/5 个视频 ---
2026-06-27 17:49:44,227 - dy.task_runner - WARNING - 检测到抖音视频长按菜单，执行返回关闭
2026-06-27 17:49:46,416 - dy.task_runner - INFO - 状态检查[提取视频信息前] 第 1/4 次: video_page
2026-06-27 17:49:47,025 - dy.task_runner - INFO - 功能前状态[提取视频信息/分享链接]: video_page
2026-06-27 17:49:48,179 - dy.task_runner - INFO - 状态检查[提取视频信息/分享链接-执行前] 第 1/6 次: video_page
2026-06-27 17:49:48,179 - dy.main_controller - INFO - 调度器开始装载动作: GetCurrentVideoLinkAction
2026-06-27 17:49:48,179 - dy.anti_detection - INFO - 🛡️ 防风控引擎已初始化
2026-06-27 17:49:48,180 - dy.actions.base_action - INFO - ==> 准备执行动作: [GetCurrentVideoLinkAction]
2026-06-27 17:49:49,560 - dy.actions.interaction - INFO - 当前视频可见文案兜底: #回收二手手机 #回收监管机 #上门回收手机 今日特价
2026-06-27 17:49:49,561 - dy.actions.interaction - WARNING - 稳定模式未打开分享面板提取链接，使用当前页面文案生成兜底视频标识: dy_visible_37c3612c7884a719
2026-06-27 17:49:49,561 - dy.actions.base_action - INFO - <== 动作执行完成: [GetCurrentVideoLinkAction]
2026-06-27 17:49:50,888 - dy.task_runner - INFO - 功能后状态[提取视频信息/分享链接]: video_page
2026-06-27 17:49:52,078 - dy.task_runner - INFO - 状态检查[提取视频信息/分享链接-执行后] 第 1/6 次: video_page
2026-06-27 17:49:52,078 - dy.task_runner - WARNING - 检测到视频重复 (token一致)，可能已滑到底部
2026-06-27 17:49:52,078 - dy.task_runner - INFO - 结束当前关键词的视频循环
2026-06-27 17:49:52,078 - dy.main_controller - INFO - 调度器开始装载动作: ResetToSearchAction
2026-06-27 17:49:52,078 - dy.anti_detection - INFO - 🛡️ 防风控引擎已初始化
2026-06-27 17:49:52,078 - dy.actions.base_action - INFO - ==> 准备执行动作: [ResetToSearchAction]
2026-06-27 17:49:52,494 - dy.actions.navigation - INFO - 执行 5 次返回以重置到首页状态...
2026-06-27 17:49:59,853 - dy.actions.base_action - INFO - <== 动作执行完成: [ResetToSearchAction]
2026-06-27 17:49:59,853 - dy.task_runner - INFO - 
>>> 开始处理关键词: 二手车 <<<
2026-06-27 17:49:59,853 - dy.main_controller - INFO - 调度器开始装载动作: EnterSearchAction
2026-06-27 17:49:59,853 - dy.anti_detection - INFO - 🛡️ 防风控引擎已初始化
2026-06-27 17:49:59,853 - dy.actions.base_action - INFO - ==> 准备执行动作: [EnterSearchAction]
2026-06-27 17:50:00,290 - dy.actions.navigation - INFO - 正在搜索关键词: 二手车
2026-06-27 17:50:01,220 - dy.actions.navigation - INFO - 通过 XPath 成功点击搜索按钮
2026-06-27 17:50:09,450 - dy.actions.navigation - INFO - 成功切换到'视频'页签
2026-06-27 17:50:11,301 - dy.actions.base_action - INFO - <== 动作执行完成: [EnterSearchAction]
2026-06-27 17:50:11,301 - dy.main_controller - INFO - 调度器开始装载动作: ApplyFiltersAction
2026-06-27 17:50:11,301 - dy.anti_detection - INFO - 🛡️ 防风控引擎已初始化
2026-06-27 17:50:11,301 - dy.actions.base_action - INFO - ==> 准备执行动作: [ApplyFiltersAction]
2026-06-27 17:50:11,685 - dy.actions.navigation - INFO - >>> 自动化配对成功：模式[latest] -> 点击按钮[最新发布] <<<
2026-06-27 17:50:14,186 - dy.actions.navigation - INFO - 已成功选择排序方式: 最新发布
2026-06-27 17:50:15,609 - dy.actions.navigation - INFO - 已点击选择: 还未看过
2026-06-27 17:50:19,710 - dy.actions.navigation - INFO - 已点击'视频'页签辅助收起面板
2026-06-27 17:50:21,434 - dy.actions.navigation - INFO - --- 工作流切换完全执行：最新发布 ---
2026-06-27 17:50:21,438 - dy.actions.base_action - INFO - <== 动作执行完成: [ApplyFiltersAction]
2026-06-27 17:50:21,438 - dy.main_controller - INFO - 调度器开始装载动作: EnterFirstVideoAction
2026-06-27 17:50:21,438 - dy.anti_detection - INFO - 🛡️ 防风控引擎已初始化
2026-06-27 17:50:21,438 - dy.actions.base_action - INFO - ==> 准备执行动作: [EnterFirstVideoAction]
2026-06-27 17:50:21,880 - dy.actions.navigation - INFO - 正在定位第一个视频...
2026-06-27 17:50:22,184 - dy.actions.navigation - INFO - 识别到视频文案: 二手车贩子都是怎么洗内饰的？今天摊牌了 ...
2026-06-27 17:50:23,652 - dy.actions.base_action - INFO - <== 动作执行完成: [EnterFirstVideoAction]
2026-06-27 17:50:26,657 - dy.db_manager - INFO - 已连接数据库并校验当日数据表: records_20260627
2026-06-27 17:50:26,657 - dy.task_runner - INFO - 
--- 正在处理第 1/5 个视频 ---
2026-06-27 17:50:28,193 - dy.task_runner - INFO - 状态检查[提取视频信息前] 第 1/4 次: video_page
2026-06-27 17:50:28,792 - dy.task_runner - INFO - 功能前状态[提取视频信息/分享链接]: video_page
2026-06-27 17:50:29,580 - dy.task_runner - INFO - 状态检查[提取视频信息/分享链接-执行前] 第 1/6 次: video_page
2026-06-27 17:50:29,580 - dy.main_controller - INFO - 调度器开始装载动作: GetCurrentVideoLinkAction
2026-06-27 17:50:29,580 - dy.anti_detection - INFO - 🛡️ 防风控引擎已初始化
2026-06-27 17:50:29,580 - dy.actions.base_action - INFO - ==> 准备执行动作: [GetCurrentVideoLinkAction]
2026-06-27 17:50:31,075 - dy.actions.interaction - INFO - 当前视频可见文案兜底: 第 771 集 | 二手车贩子都是怎么洗内饰的？今天摊牌了 #车贩子日常 ... 展开
2026-06-27 17:50:31,076 - dy.actions.interaction - WARNING - 稳定模式未打开分享面板提取链接，使用当前页面文案生成兜底视频标识: dy_visible_1b16946e89faa5df
2026-06-27 17:50:31,076 - dy.actions.base_action - INFO - <== 动作执行完成: [GetCurrentVideoLinkAction]
2026-06-27 17:50:32,363 - dy.task_runner - INFO - 功能后状态[提取视频信息/分享链接]: video_page
2026-06-27 17:50:33,164 - dy.task_runner - INFO - 状态检查[提取视频信息/分享链接-执行后] 第 1/6 次: video_page
2026-06-27 17:50:33,164 - dy.db_manager - INFO - 已连接数据库并校验当日数据表: records_20260627
2026-06-27 17:50:33,165 - dy.task_runner - INFO - 🎬 开始对新视频执行互动...
2026-06-27 17:50:33,165 - dy.task_runner - INFO - 📝 当前视频标题: 第 771 集 | 二手车贩子都是怎么洗内饰的？今天摊牌了 #车贩子日常 ... 展开
2026-06-27 17:50:33,723 - dy.task_runner - INFO - 功能前状态[点赞]: video_page
2026-06-27 17:50:34,646 - dy.task_runner - INFO - 状态检查[点赞-执行前] 第 1/6 次: video_page
2026-06-27 17:50:34,646 - dy.main_controller - INFO - 调度器开始装载动作: DoubleClickLikeAction
2026-06-27 17:50:34,646 - dy.anti_detection - INFO - 🛡️ 防风控引擎已初始化
2026-06-27 17:50:34,646 - dy.actions.base_action - INFO - ==> 准备执行动作: [DoubleClickLikeAction]
2026-06-27 17:50:35,826 - dy.actions.interaction - INFO - 已短按右侧喜欢按钮: (990, 1257)
2026-06-27 17:50:35,826 - dy.actions.base_action - INFO - <== 动作执行完成: [DoubleClickLikeAction]
2026-06-27 17:50:35,833 - dy.db_manager - INFO - 已连接数据库并校验当日数据表: records_20260627
2026-06-27 17:50:36,630 - dy.task_runner - INFO - 功能后状态[点赞]: video_page
2026-06-27 17:50:37,602 - dy.task_runner - INFO - 状态检查[点赞-执行后] 第 1/6 次: video_page
2026-06-27 17:50:40,037 - dy.task_runner - INFO - 功能前状态[私域获客]: video_page
2026-06-27 17:50:40,896 - dy.task_runner - INFO - 状态检查[私域获客-执行前] 第 1/6 次: video_page
2026-06-27 17:50:40,896 - dy.main_controller - INFO - 调度器开始装载动作: FollowAuthorAction
2026-06-27 17:50:40,896 - dy.anti_detection - INFO - 🛡️ 防风控引擎已初始化
2026-06-27 17:50:40,896 - dy.actions.base_action - INFO - ==> 准备执行动作: [FollowAuthorAction]
2026-06-27 17:51:39,955 - dy.actions.interaction - INFO - 作者粉丝数: 未知
2026-06-27 17:51:42,039 - dy.actions.interaction - INFO - 未找到'关注'按钮，可能已经关注过了
2026-06-27 17:51:42,039 - dy.actions.interaction - INFO - 作者粉丝数(None)未达到私信阈值(1.0)，跳过私信
2026-06-27 17:51:42,403 - dy.actions.interaction - INFO - 尝试返回视频页... (1/2)
2026-06-27 17:51:45,886 - dy.actions.interaction - INFO - 确认已经回到视频页
2026-06-27 17:51:45,886 - dy.actions.base_action - INFO - <== 动作执行完成: [FollowAuthorAction]
2026-06-27 17:51:46,979 - dy.task_runner - INFO - 功能后状态[私域获客]: video_page
2026-06-27 17:51:47,693 - dy.task_runner - INFO - 状态检查[私域获客-执行后] 第 1/6 次: video_page
2026-06-27 17:51:50,645 - dy.task_runner - INFO - 功能前状态[AI视频评论]: video_page
2026-06-27 17:51:51,410 - dy.task_runner - INFO - 状态检查[AI视频评论-执行前] 第 1/6 次: video_page
2026-06-27 17:51:55,957 - dy.db_manager - INFO - 已连接数据库并校验当日数据表: records_20260627
2026-06-27 17:51:55,958 - dy.pipeline - INFO - AI 生成回复: 涨知识了，这招实用。
2026-06-27 17:51:55,958 - dy.main_controller - INFO - 调度器开始装载动作: PostCommentAction
2026-06-27 17:51:55,958 - dy.anti_detection - INFO - 🛡️ 防风控引擎已初始化
2026-06-27 17:51:55,958 - dy.actions.base_action - INFO - ==> 准备执行动作: [PostCommentAction]
2026-06-27 17:51:56,366 - dy.actions.commenting - INFO - 准备发布视频评论: 涨知识了，这招实用。
2026-06-27 17:52:03,472 - dy.actions.commenting - INFO - 视频评论: 发送按钮未就绪，重试 1/3
2026-06-27 17:52:07,760 - dy.actions.commenting - INFO - 视频评论: 发送按钮未就绪，重试 2/3
2026-06-27 17:52:12,805 - dy.actions.commenting - INFO - 视频评论: 发送按钮未就绪，重试 3/3
2026-06-27 17:52:13,362 - dy.actions.commenting - INFO - 视频评论: 尝试回车键发送
2026-06-27 17:52:18,822 - dy.actions.commenting - INFO - 检测到评论输入框仍处于打开状态，执行返回关闭
2026-06-27 17:52:20,572 - dy.actions.base_action - INFO - <== 动作执行完成: [PostCommentAction]
2026-06-27 17:52:22,350 - dy.task_runner - INFO - 功能后状态[AI视频评论]: video_page
2026-06-27 17:52:23,264 - dy.task_runner - INFO - 状态检查[AI视频评论-执行后] 第 1/6 次: video_page
2026-06-27 17:52:24,878 - dy.task_runner - INFO - 功能前状态[评论区截流]: video_page
2026-06-27 17:52:26,071 - dy.task_runner - INFO - 状态检查[评论区截流-执行前] 第 1/6 次: video_page
2026-06-27 17:52:26,746 - dy.task_runner - INFO - 功能前状态[评论区AI截流/楼中楼回复]: video_page
2026-06-27 17:52:27,644 - dy.task_runner - INFO - 状态检查[评论区AI截流/楼中楼回复-执行前] 第 1/6 次: video_page
2026-06-27 17:52:27,644 - dy.main_controller - INFO - 调度器开始装载动作: OpenCommentSectionAction
2026-06-27 17:52:27,644 - dy.anti_detection - INFO - 🛡️ 防风控引擎已初始化
2026-06-27 17:52:27,644 - dy.actions.base_action - INFO - ==> 准备执行动作: [OpenCommentSectionAction]
2026-06-27 17:52:28,055 - dy.actions.commenting - INFO - 正在通过 content-desc 规律寻找主评论区按钮...
2026-06-27 17:52:28,568 - dy.actions.commenting - INFO - 成功锁定评论区入口，当前评论数标识: 评论6，按钮
2026-06-27 17:52:30,562 - dy.actions.base_action - INFO - <== 动作执行完成: [OpenCommentSectionAction]
2026-06-27 17:52:32,196 - dy.task_runner - INFO - 功能中状态[打开评论区后]: home_or_search
2026-06-27 17:52:32,196 - dy.task_runner - WARNING - 评论区未可靠打开，当前状态: home_or_search
2026-06-27 17:52:32,945 - dy.task_runner - INFO - 状态检查[评论区AI截流/楼中楼回复-打开失败后] 第 1/6 次: home_or_search
2026-06-27 17:52:32,945 - dy.task_runner - INFO - 尝试关闭/返回当前状态[home_or_search] -> 视频页
2026-06-27 17:52:34,893 - dy.task_runner - INFO - 状态检查[评论区AI截流/楼中楼回复-打开失败后] 第 2/6 次: video_page
2026-06-27 17:52:36,397 - dy.task_runner - INFO - 功能后状态[评论区截流]: video_page
2026-06-27 17:52:37,227 - dy.task_runner - INFO - 状态检查[评论区截流-执行后] 第 1/6 次: video_page
2026-06-27 17:52:37,234 - dy.db_manager - INFO - 已连接数据库并校验当日数据表: records_20260627
2026-06-27 17:52:37,235 - dy.task_runner - INFO - 📊 实时数据 -> 视频:39 | 赞:32 | 评:9 | 关:0
2026-06-27 17:52:38,441 - dy.task_runner - INFO - 状态检查[滑动下一个视频前] 第 1/5 次: video_page
2026-06-27 17:52:38,441 - dy.main_controller - INFO - 调度器开始装载动作: SwipeNextVideoAction
2026-06-27 17:52:38,441 - dy.anti_detection - INFO - 🛡️ 防风控引擎已初始化
2026-06-27 17:52:38,441 - dy.actions.base_action - INFO - ==> 准备执行动作: [SwipeNextVideoAction]
2026-06-27 17:53:33,779 - dy.actions.base_action - INFO - <== 动作执行完成: [SwipeNextVideoAction]
2026-06-27 17:53:33,869 - dy.task_runner - INFO - 等待 6.5 秒后处理下一个视频...
2026-06-27 17:53:40,386 - dy.db_manager - INFO - 已连接数据库并校验当日数据表: records_20260627
2026-06-27 17:53:40,386 - dy.task_runner - INFO - 
--- 正在处理第 2/5 个视频 ---
2026-06-27 17:53:42,627 - dy.task_runner - INFO - 状态检查[提取视频信息前] 第 1/4 次: video_page
2026-06-27 17:53:43,646 - dy.task_runner - INFO - 功能前状态[提取视频信息/分享链接]: video_page
2026-06-27 17:53:44,918 - dy.task_runner - INFO - 状态检查[提取视频信息/分享链接-执行前] 第 1/6 次: video_page
2026-06-27 17:53:44,918 - dy.main_controller - INFO - 调度器开始装载动作: GetCurrentVideoLinkAction
2026-06-27 17:53:44,918 - dy.anti_detection - INFO - 🛡️ 防风控引擎已初始化
2026-06-27 17:53:44,918 - dy.actions.base_action - INFO - ==> 准备执行动作: [GetCurrentVideoLinkAction]
2026-06-27 17:53:46,726 - dy.actions.interaction - INFO - 当前视频可见文案兜底: 1-2万有哪些开不坏的二手车#二手车
2026-06-27 17:53:46,728 - dy.actions.interaction - WARNING - 稳定模式未打开分享面板提取链接，使用当前页面文案生成兜底视频标识: dy_visible_c47b925eddd4a11e
2026-06-27 17:53:46,728 - dy.actions.base_action - INFO - <== 动作执行完成: [GetCurrentVideoLinkAction]
2026-06-27 17:53:48,873 - dy.task_runner - INFO - 功能后状态[提取视频信息/分享链接]: video_page
2026-06-27 17:53:49,932 - dy.task_runner - INFO - 状态检查[提取视频信息/分享链接-执行后] 第 1/6 次: video_page
2026-06-27 17:53:49,933 - dy.db_manager - INFO - 已连接数据库并校验当日数据表: records_20260627
2026-06-27 17:53:49,934 - dy.task_runner - INFO - 🎬 开始对新视频执行互动...
2026-06-27 17:53:49,934 - dy.task_runner - INFO - 📝 当前视频标题: 1-2万有哪些开不坏的二手车#二手车
2026-06-27 17:53:51,266 - dy.task_runner - INFO - 功能前状态[点赞]: video_page
2026-06-27 17:53:52,468 - dy.task_runner - INFO - 状态检查[点赞-执行前] 第 1/6 次: video_page
2026-06-27 17:53:52,469 - dy.main_controller - INFO - 调度器开始装载动作: DoubleClickLikeAction
2026-06-27 17:53:52,469 - dy.anti_detection - INFO - 🛡️ 防风控引擎已初始化
2026-06-27 17:53:52,469 - dy.actions.base_action - INFO - ==> 准备执行动作: [DoubleClickLikeAction]
2026-06-27 17:53:53,954 - dy.actions.interaction - INFO - 已短按右侧喜欢按钮: (989, 1378)
2026-06-27 17:53:53,955 - dy.actions.base_action - INFO - <== 动作执行完成: [DoubleClickLikeAction]
2026-06-27 17:53:53,961 - dy.db_manager - INFO - 已连接数据库并校验当日数据表: records_20260627
2026-06-27 17:53:55,860 - dy.task_runner - INFO - 功能后状态[点赞]: video_page
2026-06-27 17:53:57,084 - dy.task_runner - INFO - 状态检查[点赞-执行后] 第 1/6 次: video_page
2026-06-27 17:53:59,694 - dy.task_runner - INFO - 功能前状态[私域获客]: video_page
2026-06-27 17:54:00,888 - dy.task_runner - INFO - 状态检查[私域获客-执行前] 第 1/6 次: video_page
2026-06-27 17:54:00,888 - dy.main_controller - INFO - 调度器开始装载动作: FollowAuthorAction
2026-06-27 17:54:00,888 - dy.anti_detection - INFO - 🛡️ 防风控引擎已初始化
2026-06-27 17:54:00,888 - dy.actions.base_action - INFO - ==> 准备执行动作: [FollowAuthorAction]
2026-06-27 17:54:59,254 - dy.actions.interaction - INFO - 作者粉丝数: 未知
2026-06-27 17:55:01,429 - dy.actions.interaction - INFO - 未找到'关注'按钮，可能已经关注过了
2026-06-27 17:55:01,429 - dy.actions.interaction - INFO - 作者粉丝数(None)未达到私信阈值(1.0)，跳过私信
2026-06-27 17:55:01,857 - dy.actions.interaction - INFO - 尝试返回视频页... (1/2)
2026-06-27 17:55:06,396 - dy.actions.interaction - INFO - 确认已经回到视频页
2026-06-27 17:55:06,397 - dy.actions.base_action - INFO - <== 动作执行完成: [FollowAuthorAction]
2026-06-27 17:55:08,416 - dy.task_runner - INFO - 功能后状态[私域获客]: video_page
2026-06-27 17:55:09,838 - dy.task_runner - INFO - 状态检查[私域获客-执行后] 第 1/6 次: video_page
2026-06-27 17:55:12,426 - dy.task_runner - INFO - 功能前状态[AI视频评论]: video_page
2026-06-27 17:55:13,883 - dy.task_runner - INFO - 状态检查[AI视频评论-执行前] 第 1/6 次: video_page
2026-06-27 17:55:18,382 - dy.db_manager - INFO - 已连接数据库并校验当日数据表: records_20260627
2026-06-27 17:55:18,383 - dy.pipeline - INFO - AI 生成回复: 推荐几款耐用的代步车。
2026-06-27 17:55:18,384 - dy.main_controller - INFO - 调度器开始装载动作: PostCommentAction
2026-06-27 17:55:18,384 - dy.anti_detection - INFO - 🛡️ 防风控引擎已初始化
2026-06-27 17:55:18,384 - dy.actions.base_action - INFO - ==> 准备执行动作: [PostCommentAction]
2026-06-27 17:55:18,846 - dy.actions.commenting - INFO - 准备发布视频评论: 推荐几款耐用的代步车。
2026-06-27 17:55:27,416 - dy.actions.commenting - INFO - 视频评论: 发送按钮未就绪，重试 1/3
2026-06-27 17:55:32,172 - dy.actions.commenting - INFO - 视频评论: 发送按钮未就绪，重试 2/3
2026-06-27 17:55:37,364 - dy.actions.commenting - INFO - 视频评论: 发送按钮未就绪，重试 3/3
2026-06-27 17:55:38,374 - dy.actions.commenting - INFO - 视频评论: 尝试回车键发送
2026-06-27 17:55:43,469 - dy.actions.commenting - INFO - 检测到评论输入框仍处于打开状态，执行返回关闭
2026-06-27 17:55:45,268 - dy.actions.base_action - INFO - <== 动作执行完成: [PostCommentAction]
2026-06-27 17:55:47,592 - dy.task_runner - INFO - 功能后状态[AI视频评论]: video_page
2026-06-27 17:55:48,792 - dy.task_runner - INFO - 状态检查[AI视频评论-执行后] 第 1/6 次: video_page
2026-06-27 17:55:51,842 - dy.task_runner - INFO - 功能前状态[评论区截流]: video_page
2026-06-27 17:55:53,011 - dy.task_runner - INFO - 状态检查[评论区截流-执行前] 第 1/6 次: video_page
2026-06-27 17:55:53,769 - dy.task_runner - INFO - 功能前状态[评论区AI截流/楼中楼回复]: video_page
2026-06-27 17:55:55,254 - dy.task_runner - INFO - 状态检查[评论区AI截流/楼中楼回复-执行前] 第 1/6 次: video_page
2026-06-27 17:55:55,254 - dy.main_controller - INFO - 调度器开始装载动作: OpenCommentSectionAction
2026-06-27 17:55:55,254 - dy.anti_detection - INFO - 🛡️ 防风控引擎已初始化
2026-06-27 17:55:55,254 - dy.actions.base_action - INFO - ==> 准备执行动作: [OpenCommentSectionAction]
2026-06-27 17:55:55,697 - dy.actions.commenting - INFO - 正在通过 content-desc 规律寻找主评论区按钮...
2026-06-27 17:55:56,613 - dy.actions.commenting - INFO - 成功锁定评论区入口，当前评论数标识: 评论21，按钮
2026-06-27 17:55:59,208 - dy.actions.base_action - INFO - <== 动作执行完成: [OpenCommentSectionAction]
2026-06-27 17:56:00,911 - dy.task_runner - INFO - 功能中状态[打开评论区后]: video_page
2026-06-27 17:56:00,911 - dy.task_runner - WARNING - 评论区未可靠打开，当前状态: video_page
2026-06-27 17:56:01,902 - dy.task_runner - INFO - 状态检查[评论区AI截流/楼中楼回复-打开失败后] 第 1/6 次: video_page
2026-06-27 17:56:03,293 - dy.task_runner - INFO - 功能后状态[评论区截流]: video_page
2026-06-27 17:56:04,322 - dy.task_runner - INFO - 状态检查[评论区截流-执行后] 第 1/6 次: video_page
2026-06-27 17:56:04,329 - dy.db_manager - INFO - 已连接数据库并校验当日数据表: records_20260627
2026-06-27 17:56:04,330 - dy.task_runner - INFO - 📊 实时数据 -> 视频:40 | 赞:33 | 评:9 | 关:0
2026-06-27 17:56:05,355 - dy.task_runner - INFO - 状态检查[滑动下一个视频前] 第 1/5 次: video_page
2026-06-27 17:56:05,355 - dy.main_controller - INFO - 调度器开始装载动作: SwipeNextVideoAction
2026-06-27 17:56:05,355 - dy.anti_detection - INFO - 🛡️ 防风控引擎已初始化
2026-06-27 17:56:05,355 - dy.actions.base_action - INFO - ==> 准备执行动作: [SwipeNextVideoAction]
2026-06-27 17:57:00,883 - dy.actions.base_action - INFO - <== 动作执行完成: [SwipeNextVideoAction]
2026-06-27 17:57:00,957 - dy.task_runner - INFO - 等待 5.9 秒后处理下一个视频...
2026-06-27 17:57:06,820 - dy.db_manager - INFO - 已连接数据库并校验当日数据表: records_20260627
2026-06-27 17:57:06,821 - dy.task_runner - INFO - 
--- 正在处理第 3/5 个视频 ---
2026-06-27 17:57:07,374 - dy.task_runner - INFO - 状态检查[提取视频信息前] 第 1/4 次: video_page
2026-06-27 17:57:07,581 - dy.task_runner - INFO - 功能前状态[提取视频信息/分享链接]: video_page
2026-06-27 17:57:08,059 - dy.task_runner - INFO - 状态检查[提取视频信息/分享链接-执行前] 第 1/6 次: video_page
2026-06-27 17:57:08,059 - dy.main_controller - INFO - 调度器开始装载动作: GetCurrentVideoLinkAction
2026-06-27 17:57:08,059 - dy.anti_detection - INFO - 🛡️ 防风控引擎已初始化
2026-06-27 17:57:08,059 - dy.actions.base_action - INFO - ==> 准备执行动作: [GetCurrentVideoLinkAction]
2026-06-27 17:57:08,824 - dy.actions.interaction - INFO - 当前视频可见文案兜底: 30分钟内在线
2026-06-27 17:57:08,824 - dy.actions.interaction - WARNING - 稳定模式未打开分享面板提取链接，使用当前页面文案生成兜底视频标识: dy_visible_70a7a6ed5928b9a6
2026-06-27 17:57:08,824 - dy.actions.base_action - INFO - <== 动作执行完成: [GetCurrentVideoLinkAction]
2026-06-27 17:57:09,253 - dy.task_runner - INFO - 功能后状态[提取视频信息/分享链接]: video_page
2026-06-27 17:57:09,636 - dy.task_runner - INFO - 状态检查[提取视频信息/分享链接-执行后] 第 1/6 次: video_page
2026-06-27 17:57:09,637 - dy.db_manager - INFO - 已连接数据库并校验当日数据表: records_20260627
2026-06-27 17:57:09,638 - dy.task_runner - INFO - 🎬 开始对新视频执行互动...
2026-06-27 17:57:09,638 - dy.task_runner - INFO - 📝 当前视频标题: 30分钟内在线
2026-06-27 17:57:09,878 - dy.task_runner - INFO - 功能前状态[点赞]: video_page
2026-06-27 17:57:10,278 - dy.task_runner - INFO - 状态检查[点赞-执行前] 第 1/6 次: video_page
2026-06-27 17:57:10,278 - dy.main_controller - INFO - 调度器开始装载动作: DoubleClickLikeAction
2026-06-27 17:57:10,278 - dy.anti_detection - INFO - 🛡️ 防风控引擎已初始化
2026-06-27 17:57:10,278 - dy.actions.base_action - INFO - ==> 准备执行动作: [DoubleClickLikeAction]
2026-06-27 17:57:10,762 - dy.actions.interaction - WARNING - 未在 UI 层级中找到未点赞喜欢按钮，跳过点赞
2026-06-27 17:57:10,762 - dy.actions.base_action - INFO - <== 动作执行完成: [DoubleClickLikeAction]
2026-06-27 17:57:11,113 - dy.task_runner - INFO - 功能后状态[点赞]: video_page
2026-06-27 17:57:11,454 - dy.task_runner - INFO - 状态检查[点赞-执行后] 第 1/6 次: video_page
2026-06-27 17:57:13,535 - dy.task_runner - INFO - 功能前状态[私域获客]: video_page
2026-06-27 17:57:14,021 - dy.task_runner - INFO - 状态检查[私域获客-执行前] 第 1/6 次: video_page
2026-06-27 17:57:14,022 - dy.main_controller - INFO - 调度器开始装载动作: FollowAuthorAction
2026-06-27 17:57:14,022 - dy.anti_detection - INFO - 🛡️ 防风控引擎已初始化
2026-06-27 17:57:14,022 - dy.actions.base_action - INFO - ==> 准备执行动作: [FollowAuthorAction]
2026-06-27 17:58:18,891 - dy.actions.interaction - INFO - 作者粉丝数: 未知
2026-06-27 17:58:20,976 - dy.actions.interaction - INFO - 未找到'关注'按钮，可能已经关注过了
2026-06-27 17:58:20,977 - dy.actions.interaction - INFO - 作者粉丝数(None)未达到私信阈值(1.0)，跳过私信
2026-06-27 17:58:21,282 - dy.actions.interaction - INFO - 尝试返回视频页... (1/2)
2026-06-27 17:58:24,071 - dy.actions.interaction - INFO - 尝试返回视频页... (2/2)
2026-06-27 17:58:27,656 - dy.actions.interaction - INFO - 确认已经回到视频页
2026-06-27 17:58:27,656 - dy.actions.base_action - INFO - <== 动作执行完成: [FollowAuthorAction]
2026-06-27 17:58:29,615 - dy.task_runner - INFO - 功能后状态[私域获客]: video_page
2026-06-27 17:58:30,782 - dy.task_runner - INFO - 状态检查[私域获客-执行后] 第 1/6 次: video_page
2026-06-27 17:58:32,921 - dy.task_runner - INFO - 功能前状态[AI视频评论]: video_page
2026-06-27 17:58:33,921 - dy.task_runner - INFO - 状态检查[AI视频评论-执行前] 第 1/6 次: video_page
2026-06-27 17:58:37,968 - dy.db_manager - INFO - 已连接数据库并校验当日数据表: records_20260627
2026-06-27 17:58:37,969 - dy.pipeline - INFO - AI 生成回复: 这速度，二手车交易真方便！
2026-06-27 17:58:37,969 - dy.main_controller - INFO - 调度器开始装载动作: PostCommentAction
2026-06-27 17:58:37,969 - dy.anti_detection - INFO - 🛡️ 防风控引擎已初始化
2026-06-27 17:58:37,969 - dy.actions.base_action - INFO - ==> 准备执行动作: [PostCommentAction]
2026-06-27 17:58:38,382 - dy.actions.commenting - INFO - 准备发布视频评论: 这速度，二手车交易真方便！
2026-06-27 17:58:56,242 - dy.actions.commenting - INFO - 视频评论: 发送按钮未就绪，重试 1/3
2026-06-27 17:59:09,717 - dy.actions.commenting - INFO - 视频评论: 发送按钮未就绪，重试 2/3
2026-06-27 17:59:23,071 - dy.actions.commenting - INFO - 视频评论: 发送按钮未就绪，重试 3/3
2026-06-27 17:59:23,976 - dy.actions.commenting - INFO - 视频评论: 尝试回车键发送
2026-06-27 17:59:29,882 - dy.actions.commenting - INFO - 检测到评论输入框仍处于打开状态，执行返回关闭
2026-06-27 17:59:31,636 - dy.actions.base_action - INFO - <== 动作执行完成: [PostCommentAction]
2026-06-27 17:59:33,912 - dy.task_runner - INFO - 功能后状态[AI视频评论]: video_page
2026-06-27 17:59:35,047 - dy.task_runner - INFO - 状态检查[AI视频评论-执行后] 第 1/6 次: video_page
2026-06-27 17:59:38,280 - dy.task_runner - INFO - 功能前状态[评论区截流]: video_page
2026-06-27 17:59:39,427 - dy.task_runner - INFO - 状态检查[评论区截流-执行前] 第 1/6 次: video_page
2026-06-27 17:59:40,466 - dy.task_runner - INFO - 功能前状态[评论区AI截流/楼中楼回复]: video_page
2026-06-27 17:59:41,821 - dy.task_runner - INFO - 状态检查[评论区AI截流/楼中楼回复-执行前] 第 1/6 次: video_page
2026-06-27 17:59:41,821 - dy.main_controller - INFO - 调度器开始装载动作: OpenCommentSectionAction
2026-06-27 17:59:41,821 - dy.anti_detection - INFO - 🛡️ 防风控引擎已初始化
2026-06-27 17:59:41,822 - dy.actions.base_action - INFO - ==> 准备执行动作: [OpenCommentSectionAction]
2026-06-27 17:59:42,222 - dy.actions.commenting - INFO - 正在通过 content-desc 规律寻找主评论区按钮...
2026-06-27 17:59:43,141 - dy.actions.commenting - INFO - 成功锁定评论区入口，当前评论数标识: 评论21，按钮
2026-06-27 17:59:44,916 - dy.actions.base_action - INFO - <== 动作执行完成: [OpenCommentSectionAction]
2026-06-27 17:59:46,622 - dy.task_runner - INFO - 功能中状态[打开评论区后]: video_page
2026-06-27 17:59:46,622 - dy.task_runner - WARNING - 评论区未可靠打开，当前状态: video_page
2026-06-27 17:59:47,725 - dy.task_runner - INFO - 状态检查[评论区AI截流/楼中楼回复-打开失败后] 第 1/6 次: video_page
2026-06-27 17:59:49,292 - dy.task_runner - INFO - 功能后状态[评论区截流]: video_page
2026-06-27 17:59:50,510 - dy.task_runner - INFO - 状态检查[评论区截流-执行后] 第 1/6 次: video_page
2026-06-27 17:59:50,512 - dy.db_manager - INFO - 已连接数据库并校验当日数据表: records_20260627
2026-06-27 17:59:50,512 - dy.task_runner - INFO - 📊 实时数据 -> 视频:41 | 赞:33 | 评:9 | 关:0
2026-06-27 17:59:51,655 - dy.task_runner - INFO - 状态检查[滑动下一个视频前] 第 1/5 次: video_page
2026-06-27 17:59:51,655 - dy.main_controller - INFO - 调度器开始装载动作: SwipeNextVideoAction
2026-06-27 17:59:51,655 - dy.anti_detection - INFO - 🛡️ 防风控引擎已初始化
2026-06-27 17:59:51,655 - dy.actions.base_action - INFO - ==> 准备执行动作: [SwipeNextVideoAction]
2026-06-27 18:00:47,136 - dy.actions.base_action - INFO - <== 动作执行完成: [SwipeNextVideoAction]
2026-06-27 18:00:47,246 - dy.task_runner - INFO - 等待 5.3 秒后处理下一个视频...
2026-06-27 18:00:52,516 - dy.db_manager - INFO - 已连接数据库并校验当日数据表: records_20260627
2026-06-27 18:00:52,517 - dy.task_runner - INFO - 
--- 正在处理第 4/5 个视频 ---
2026-06-27 18:00:53,823 - dy.task_runner - INFO - 状态检查[提取视频信息前] 第 1/4 次: video_page
2026-06-27 18:00:54,457 - dy.task_runner - INFO - 功能前状态[提取视频信息/分享链接]: video_page
2026-06-27 18:00:55,330 - dy.task_runner - INFO - 状态检查[提取视频信息/分享链接-执行前] 第 1/6 次: video_page
2026-06-27 18:00:55,330 - dy.main_controller - INFO - 调度器开始装载动作: GetCurrentVideoLinkAction
2026-06-27 18:00:55,330 - dy.anti_detection - INFO - 🛡️ 防风控引擎已初始化
2026-06-27 18:00:55,330 - dy.actions.base_action - INFO - ==> 准备执行动作: [GetCurrentVideoLinkAction]
2026-06-27 18:00:56,512 - dy.actions.interaction - INFO - 当前视频可见文案兜底: 我的k3[黄脸干杯][黄脸干杯][黄脸干杯]
2026-06-27 18:00:56,513 - dy.actions.interaction - WARNING - 稳定模式未打开分享面板提取链接，使用当前页面文案生成兜底视频标识: dy_visible_7c6fdb7488adf2a5
2026-06-27 18:00:56,513 - dy.actions.base_action - INFO - <== 动作执行完成: [GetCurrentVideoLinkAction]
2026-06-27 18:00:57,551 - dy.task_runner - INFO - 功能后状态[提取视频信息/分享链接]: video_page
2026-06-27 18:00:58,341 - dy.task_runner - INFO - 状态检查[提取视频信息/分享链接-执行后] 第 1/6 次: video_page
2026-06-27 18:00:58,342 - dy.db_manager - INFO - 已连接数据库并校验当日数据表: records_20260627
2026-06-27 18:00:58,344 - dy.task_runner - INFO - 🎬 开始对新视频执行互动...
2026-06-27 18:00:58,344 - dy.task_runner - INFO - 📝 当前视频标题: 我的k3[黄脸干杯][黄脸干杯][黄脸干杯]
2026-06-27 18:00:58,906 - dy.task_runner - INFO - 功能前状态[点赞]: video_page
2026-06-27 18:00:59,765 - dy.task_runner - INFO - 状态检查[点赞-执行前] 第 1/6 次: video_page
2026-06-27 18:00:59,766 - dy.main_controller - INFO - 调度器开始装载动作: DoubleClickLikeAction
2026-06-27 18:00:59,766 - dy.anti_detection - INFO - 🛡️ 防风控引擎已初始化
2026-06-27 18:00:59,766 - dy.actions.base_action - INFO - ==> 准备执行动作: [DoubleClickLikeAction]
2026-06-27 18:01:00,682 - dy.actions.interaction - WARNING - 未在 UI 层级中找到未点赞喜欢按钮，跳过点赞
2026-06-27 18:01:00,682 - dy.actions.base_action - INFO - <== 动作执行完成: [DoubleClickLikeAction]
2026-06-27 18:01:01,610 - dy.task_runner - INFO - 功能后状态[点赞]: video_page
2026-06-27 18:01:02,428 - dy.task_runner - INFO - 状态检查[点赞-执行后] 第 1/6 次: video_page
2026-06-27 18:01:04,616 - dy.task_runner - INFO - 功能前状态[私域获客]: video_page
2026-06-27 18:01:05,378 - dy.task_runner - INFO - 状态检查[私域获客-执行前] 第 1/6 次: video_page
2026-06-27 18:01:05,379 - dy.main_controller - INFO - 调度器开始装载动作: FollowAuthorAction
2026-06-27 18:01:05,379 - dy.anti_detection - INFO - 🛡️ 防风控引擎已初始化
2026-06-27 18:01:05,379 - dy.actions.base_action - INFO - ==> 准备执行动作: [FollowAuthorAction]
2026-06-27 18:02:03,999 - dy.actions.interaction - INFO - 作者粉丝数: 未知
2026-06-27 18:02:06,080 - dy.actions.interaction - INFO - 未找到'关注'按钮，可能已经关注过了
2026-06-27 18:02:06,081 - dy.actions.interaction - INFO - 作者粉丝数(None)未达到私信阈值(1.0)，跳过私信
2026-06-27 18:02:06,466 - dy.actions.interaction - INFO - 尝试返回视频页... (1/2)
2026-06-27 18:02:10,120 - dy.actions.interaction - INFO - 尝试返回视频页... (2/2)
2026-06-27 18:02:14,153 - dy.actions.interaction - INFO - 确认已经回到视频页
2026-06-27 18:02:14,153 - dy.actions.base_action - INFO - <== 动作执行完成: [FollowAuthorAction]
2026-06-27 18:02:15,938 - dy.task_runner - INFO - 功能后状态[私域获客]: video_page
2026-06-27 18:02:17,386 - dy.task_runner - INFO - 状态检查[私域获客-执行后] 第 1/6 次: video_page
2026-06-27 18:02:20,306 - dy.task_runner - INFO - 功能前状态[AI视频评论]: video_page
2026-06-27 18:02:21,491 - dy.task_runner - INFO - 状态检查[AI视频评论-执行前] 第 1/6 次: video_page
2026-06-27 18:02:25,537 - dy.db_manager - INFO - 已连接数据库并校验当日数据表: records_20260627
2026-06-27 18:02:25,538 - dy.pipeline - INFO - AI 生成回复: 这车看着挺新，多少公里了？
2026-06-27 18:02:25,538 - dy.main_controller - INFO - 调度器开始装载动作: PostCommentAction
2026-06-27 18:02:25,538 - dy.anti_detection - INFO - 🛡️ 防风控引擎已初始化
2026-06-27 18:02:25,538 - dy.actions.base_action - INFO - ==> 准备执行动作: [PostCommentAction]
2026-06-27 18:02:26,028 - dy.actions.commenting - INFO - 准备发布视频评论: 这车看着挺新，多少公里了？
2026-06-27 18:02:34,662 - dy.actions.commenting - INFO - 视频评论: 发送按钮未就绪，重试 1/3
2026-06-27 18:02:39,368 - dy.actions.commenting - INFO - 视频评论: 发送按钮未就绪，重试 2/3
2026-06-27 18:02:44,722 - dy.actions.commenting - INFO - 视频评论: 发送按钮未就绪，重试 3/3
2026-06-27 18:02:45,531 - dy.actions.commenting - INFO - 视频评论: 尝试回车键发送
2026-06-27 18:02:51,474 - dy.actions.commenting - INFO - 检测到评论输入框仍处于打开状态，执行返回关闭
2026-06-27 18:02:53,357 - dy.actions.base_action - INFO - <== 动作执行完成: [PostCommentAction]
2026-06-27 18:02:55,575 - dy.task_runner - INFO - 功能后状态[AI视频评论]: video_page
2026-06-27 18:02:56,666 - dy.task_runner - INFO - 状态检查[AI视频评论-执行后] 第 1/6 次: video_page
2026-06-27 18:02:58,912 - dy.task_runner - INFO - 功能前状态[评论区截流]: video_page
2026-06-27 18:03:00,175 - dy.task_runner - INFO - 状态检查[评论区截流-执行前] 第 1/6 次: video_page
2026-06-27 18:03:01,120 - dy.task_runner - INFO - 功能前状态[评论区AI截流/楼中楼回复]: video_page
2026-06-27 18:03:02,614 - dy.task_runner - INFO - 状态检查[评论区AI截流/楼中楼回复-执行前] 第 1/6 次: video_page
2026-06-27 18:03:02,614 - dy.main_controller - INFO - 调度器开始装载动作: OpenCommentSectionAction
2026-06-27 18:03:02,614 - dy.anti_detection - INFO - 🛡️ 防风控引擎已初始化
2026-06-27 18:03:02,614 - dy.actions.base_action - INFO - ==> 准备执行动作: [OpenCommentSectionAction]
2026-06-27 18:03:03,037 - dy.actions.commenting - INFO - 正在通过 content-desc 规律寻找主评论区按钮...
2026-06-27 18:03:04,108 - dy.actions.commenting - INFO - 成功锁定评论区入口，当前评论数标识: 评论21，按钮
2026-06-27 18:03:06,192 - dy.actions.base_action - INFO - <== 动作执行完成: [OpenCommentSectionAction]
2026-06-27 18:03:07,440 - dy.task_runner - INFO - 功能中状态[打开评论区后]: video_page
2026-06-27 18:03:07,440 - dy.task_runner - WARNING - 评论区未可靠打开，当前状态: video_page
2026-06-27 18:03:08,226 - dy.task_runner - INFO - 状态检查[评论区AI截流/楼中楼回复-打开失败后] 第 1/6 次: video_page
2026-06-27 18:03:09,311 - dy.task_runner - INFO - 功能后状态[评论区截流]: video_page
2026-06-27 18:03:10,255 - dy.task_runner - INFO - 状态检查[评论区截流-执行后] 第 1/6 次: video_page
2026-06-27 18:03:10,257 - dy.db_manager - INFO - 已连接数据库并校验当日数据表: records_20260627
2026-06-27 18:03:10,258 - dy.task_runner - INFO - 📊 实时数据 -> 视频:42 | 赞:33 | 评:9 | 关:0
2026-06-27 18:03:11,082 - dy.task_runner - INFO - 状态检查[滑动下一个视频前] 第 1/5 次: video_page
2026-06-27 18:03:11,082 - dy.main_controller - INFO - 调度器开始装载动作: SwipeNextVideoAction
2026-06-27 18:03:11,082 - dy.anti_detection - INFO - 🛡️ 防风控引擎已初始化
2026-06-27 18:03:11,083 - dy.actions.base_action - INFO - ==> 准备执行动作: [SwipeNextVideoAction]
2026-06-27 18:04:06,451 - dy.actions.base_action - INFO - <== 动作执行完成: [SwipeNextVideoAction]
2026-06-27 18:04:06,554 - dy.task_runner - INFO - 等待 6.7 秒后处理下一个视频...
2026-06-27 18:04:13,251 - dy.db_manager - INFO - 已连接数据库并校验当日数据表: records_20260627
2026-06-27 18:04:13,251 - dy.task_runner - INFO - 
--- 正在处理第 5/5 个视频 ---
2026-06-27 18:04:13,548 - dy.task_runner - WARNING - 检测到抖音视频长按菜单，执行返回关闭
2026-06-27 18:04:15,523 - dy.task_runner - INFO - 状态检查[提取视频信息前] 第 1/4 次: video_page
2026-06-27 18:04:16,135 - dy.task_runner - INFO - 功能前状态[提取视频信息/分享链接]: video_page
2026-06-27 18:04:16,982 - dy.task_runner - INFO - 状态检查[提取视频信息/分享链接-执行前] 第 1/6 次: video_page
2026-06-27 18:04:16,982 - dy.main_controller - INFO - 调度器开始装载动作: GetCurrentVideoLinkAction
2026-06-27 18:04:16,982 - dy.anti_detection - INFO - 🛡️ 防风控引擎已初始化
2026-06-27 18:04:16,982 - dy.actions.base_action - INFO - ==> 准备执行动作: [GetCurrentVideoLinkAction]
2026-06-27 18:04:18,151 - dy.actions.interaction - INFO - 当前视频可见文案兜底: 我的k3[黄脸干杯][黄脸干杯][黄脸干杯]
2026-06-27 18:04:18,152 - dy.actions.interaction - WARNING - 稳定模式未打开分享面板提取链接，使用当前页面文案生成兜底视频标识: dy_visible_7c6fdb7488adf2a5
2026-06-27 18:04:18,152 - dy.actions.base_action - INFO - <== 动作执行完成: [GetCurrentVideoLinkAction]
2026-06-27 18:04:19,343 - dy.task_runner - INFO - 功能后状态[提取视频信息/分享链接]: video_page
2026-06-27 18:04:20,024 - dy.task_runner - INFO - 状态检查[提取视频信息/分享链接-执行后] 第 1/6 次: video_page
2026-06-27 18:04:20,024 - dy.task_runner - WARNING - 检测到视频重复 (token一致)，可能已滑到底部
2026-06-27 18:04:20,024 - dy.task_runner - INFO - 结束当前关键词的视频循环
2026-06-27 18:04:20,024 - dy.main_controller - INFO - 调度器开始装载动作: ResetToSearchAction
2026-06-27 18:04:20,024 - dy.anti_detection - INFO - 🛡️ 防风控引擎已初始化
2026-06-27 18:04:20,024 - dy.actions.base_action - INFO - ==> 准备执行动作: [ResetToSearchAction]
2026-06-27 18:04:20,485 - dy.actions.navigation - INFO - 执行 5 次返回以重置到首页状态...
2026-06-27 18:04:28,204 - dy.actions.base_action - INFO - <== 动作执行完成: [ResetToSearchAction]
2026-06-27 18:04:28,204 - dy.task_runner - INFO - 
>>> 开始处理关键词: 卖衣服 <<<
2026-06-27 18:04:28,204 - dy.main_controller - INFO - 调度器开始装载动作: EnterSearchAction
2026-06-27 18:04:28,204 - dy.anti_detection - INFO - 🛡️ 防风控引擎已初始化
2026-06-27 18:04:28,204 - dy.actions.base_action - INFO - ==> 准备执行动作: [EnterSearchAction]
2026-06-27 18:04:28,616 - dy.actions.navigation - INFO - 正在搜索关键词: 卖衣服
2026-06-27 18:04:29,042 - dy.actions.navigation - INFO - 通过 XPath 成功点击搜索按钮
2026-06-27 18:04:36,942 - dy.actions.navigation - INFO - 成功切换到'视频'页签
2026-06-27 18:04:38,903 - dy.actions.base_action - INFO - <== 动作执行完成: [EnterSearchAction]
2026-06-27 18:04:38,903 - dy.main_controller - INFO - 调度器开始装载动作: ApplyFiltersAction
2026-06-27 18:04:38,903 - dy.anti_detection - INFO - 🛡️ 防风控引擎已初始化
2026-06-27 18:04:38,904 - dy.actions.base_action - INFO - ==> 准备执行动作: [ApplyFiltersAction]
2026-06-27 18:04:39,341 - dy.actions.navigation - INFO - >>> 自动化配对成功：模式[latest] -> 点击按钮[最新发布] <<<
2026-06-27 18:04:42,372 - dy.actions.navigation - INFO - 已成功选择排序方式: 最新发布
2026-06-27 18:04:43,797 - dy.actions.navigation - INFO - 已点击选择: 还未看过
2026-06-27 18:04:47,568 - dy.actions.navigation - INFO - 已点击'视频'页签辅助收起面板
2026-06-27 18:04:55,040 - dy.actions.navigation - INFO - --- 工作流切换完全执行：最新发布 ---
2026-06-27 18:04:55,043 - dy.actions.base_action - INFO - <== 动作执行完成: [ApplyFiltersAction]
2026-06-27 18:04:55,043 - dy.main_controller - INFO - 调度器开始装载动作: EnterFirstVideoAction
2026-06-27 18:04:55,043 - dy.anti_detection - INFO - 🛡️ 防风控引擎已初始化
2026-06-27 18:04:55,043 - dy.actions.base_action - INFO - ==> 准备执行动作: [EnterFirstVideoAction]
2026-06-27 18:04:55,508 - dy.actions.navigation - INFO - 正在定位第一个视频...
2026-06-27 18:04:55,830 - dy.actions.navigation - INFO - 识别到视频文案: #买衣服不需要理由 #卖衣服的中年少女 ...
2026-06-27 18:05:02,354 - dy.actions.base_action - INFO - <== 动作执行完成: [EnterFirstVideoAction]
2026-06-27 18:05:05,360 - dy.db_manager - INFO - 已连接数据库并校验当日数据表: records_20260627
2026-06-27 18:05:05,360 - dy.task_runner - INFO - 
--- 正在处理第 1/5 个视频 ---
2026-06-27 18:05:07,452 - dy.task_runner - INFO - 状态检查[提取视频信息前] 第 1/4 次: video_page
2026-06-27 18:05:08,085 - dy.task_runner - INFO - 功能前状态[提取视频信息/分享链接]: video_page
2026-06-27 18:05:09,324 - dy.task_runner - INFO - 状态检查[提取视频信息/分享链接-执行前] 第 1/6 次: video_page
2026-06-27 18:05:09,324 - dy.main_controller - INFO - 调度器开始装载动作: GetCurrentVideoLinkAction
2026-06-27 18:05:09,324 - dy.anti_detection - INFO - 🛡️ 防风控引擎已初始化
2026-06-27 18:05:09,324 - dy.actions.base_action - INFO - ==> 准备执行动作: [GetCurrentVideoLinkAction]
2026-06-27 18:05:11,032 - dy.actions.interaction - INFO - 当前视频可见文案兜底: #买衣服不需要理由 #卖衣服的中年少女 #实体店搭配日常 #服装实... 展开
2026-06-27 18:05:11,033 - dy.actions.interaction - WARNING - 稳定模式未打开分享面板提取链接，使用当前页面文案生成兜底视频标识: dy_visible_fdc450e861d15080
2026-06-27 18:05:11,033 - dy.actions.base_action - INFO - <== 动作执行完成: [GetCurrentVideoLinkAction]
2026-06-27 18:05:12,888 - dy.task_runner - INFO - 功能后状态[提取视频信息/分享链接]: video_page
2026-06-27 18:05:14,311 - dy.task_runner - INFO - 状态检查[提取视频信息/分享链接-执行后] 第 1/6 次: video_page
2026-06-27 18:05:14,312 - dy.db_manager - INFO - 已连接数据库并校验当日数据表: records_20260627
2026-06-27 18:05:14,315 - dy.task_runner - INFO - 🎬 开始对新视频执行互动...
2026-06-27 18:05:14,315 - dy.task_runner - INFO - 📝 当前视频标题: #买衣服不需要理由 #卖衣服的中年少女 #实体店搭配日常 #服装实... 展开
2026-06-27 18:05:14,914 - dy.task_runner - INFO - 功能前状态[点赞]: video_page
2026-06-27 18:05:15,680 - dy.task_runner - INFO - 状态检查[点赞-执行前] 第 1/6 次: video_page
2026-06-27 18:05:15,680 - dy.main_controller - INFO - 调度器开始装载动作: DoubleClickLikeAction
2026-06-27 18:05:15,680 - dy.anti_detection - INFO - 🛡️ 防风控引擎已初始化
2026-06-27 18:05:15,680 - dy.actions.base_action - INFO - ==> 准备执行动作: [DoubleClickLikeAction]
2026-06-27 18:05:17,330 - dy.actions.interaction - INFO - 已短按右侧喜欢按钮: (990, 1378)
2026-06-27 18:05:17,330 - dy.actions.base_action - INFO - <== 动作执行完成: [DoubleClickLikeAction]
2026-06-27 18:05:17,337 - dy.db_manager - INFO - 已连接数据库并校验当日数据表: records_20260627
2026-06-27 18:05:18,899 - dy.task_runner - INFO - 功能后状态[点赞]: video_page
2026-06-27 18:05:19,990 - dy.task_runner - INFO - 状态检查[点赞-执行后] 第 1/6 次: video_page
2026-06-27 18:05:22,506 - dy.task_runner - INFO - 功能前状态[私域获客]: video_page
2026-06-27 18:05:23,498 - dy.task_runner - INFO - 状态检查[私域获客-执行前] 第 1/6 次: video_page
2026-06-27 18:05:23,498 - dy.main_controller - INFO - 调度器开始装载动作: FollowAuthorAction
2026-06-27 18:05:23,498 - dy.anti_detection - INFO - 🛡️ 防风控引擎已初始化
2026-06-27 18:05:23,498 - dy.actions.base_action - INFO - ==> 准备执行动作: [FollowAuthorAction]
2026-06-27 18:06:22,255 - dy.actions.interaction - INFO - 作者粉丝数: 未知
2026-06-27 18:06:24,368 - dy.actions.interaction - INFO - 未找到'关注'按钮，可能已经关注过了
2026-06-27 18:06:24,369 - dy.actions.interaction - INFO - 作者粉丝数(None)未达到私信阈值(1.0)，跳过私信
2026-06-27 18:06:24,742 - dy.actions.interaction - INFO - 尝试返回视频页... (1/2)
2026-06-27 18:06:28,321 - dy.actions.interaction - INFO - 确认已经回到视频页
2026-06-27 18:06:28,321 - dy.actions.base_action - INFO - <== 动作执行完成: [FollowAuthorAction]
2026-06-27 18:06:30,005 - dy.task_runner - INFO - 功能后状态[私域获客]: video_page
2026-06-27 18:06:31,035 - dy.task_runner - INFO - 状态检查[私域获客-执行后] 第 1/6 次: video_page
2026-06-27 18:06:33,436 - dy.task_runner - INFO - 功能前状态[AI视频评论]: video_page
2026-06-27 18:06:34,415 - dy.task_runner - INFO - 状态检查[AI视频评论-执行前] 第 1/6 次: video_page
2026-06-27 18:06:38,700 - dy.db_manager - INFO - 已连接数据库并校验当日数据表: records_20260627
2026-06-27 18:06:38,701 - dy.pipeline - INFO - AI 生成回复: 搭配好有气质，必须去逛逛！
2026-06-27 18:06:38,701 - dy.main_controller - INFO - 调度器开始装载动作: PostCommentAction
2026-06-27 18:06:38,701 - dy.anti_detection - INFO - 🛡️ 防风控引擎已初始化
2026-06-27 18:06:38,701 - dy.actions.base_action - INFO - ==> 准备执行动作: [PostCommentAction]
2026-06-27 18:06:39,113 - dy.actions.commenting - INFO - 准备发布视频评论: 搭配好有气质，必须去逛逛！
2026-06-27 18:06:47,200 - dy.actions.commenting - INFO - 视频评论: 发送按钮未就绪，重试 1/3
2026-06-27 18:06:52,082 - dy.actions.commenting - INFO - 视频评论: 发送按钮未就绪，重试 2/3
2026-06-27 18:06:57,042 - dy.actions.commenting - INFO - 视频评论: 发送按钮未就绪，重试 3/3
2026-06-27 18:06:57,999 - dy.actions.commenting - INFO - 视频评论: 尝试回车键发送
2026-06-27 18:07:03,254 - dy.actions.commenting - INFO - 检测到评论输入框仍处于打开状态，执行返回关闭
2026-06-27 18:07:05,039 - dy.actions.base_action - INFO - <== 动作执行完成: [PostCommentAction]
2026-06-27 18:07:07,150 - dy.task_runner - INFO - 功能后状态[AI视频评论]: video_page
2026-06-27 18:07:08,287 - dy.task_runner - INFO - 状态检查[AI视频评论-执行后] 第 1/6 次: video_page
2026-06-27 18:07:10,802 - dy.task_runner - INFO - 功能前状态[评论区截流]: video_page
2026-06-27 18:07:11,992 - dy.task_runner - INFO - 状态检查[评论区截流-执行前] 第 1/6 次: video_page
2026-06-27 18:07:12,908 - dy.task_runner - INFO - 功能前状态[评论区AI截流/楼中楼回复]: video_page
2026-06-27 18:07:14,243 - dy.task_runner - INFO - 状态检查[评论区AI截流/楼中楼回复-执行前] 第 1/6 次: video_page
2026-06-27 18:07:14,243 - dy.main_controller - INFO - 调度器开始装载动作: OpenCommentSectionAction
2026-06-27 18:07:14,243 - dy.anti_detection - INFO - 🛡️ 防风控引擎已初始化
2026-06-27 18:07:14,243 - dy.actions.base_action - INFO - ==> 准备执行动作: [OpenCommentSectionAction]
2026-06-27 18:07:14,661 - dy.actions.commenting - INFO - 正在通过 content-desc 规律寻找主评论区按钮...
2026-06-27 18:07:15,669 - dy.actions.commenting - INFO - 成功锁定评论区入口，当前评论数标识: 评论6，按钮
2026-06-27 18:07:18,122 - dy.actions.base_action - INFO - <== 动作执行完成: [OpenCommentSectionAction]
2026-06-27 18:07:19,275 - dy.task_runner - INFO - 功能中状态[打开评论区后]: home_or_search
2026-06-27 18:07:19,275 - dy.task_runner - WARNING - 评论区未可靠打开，当前状态: home_or_search
2026-06-27 18:07:19,861 - dy.task_runner - INFO - 状态检查[评论区AI截流/楼中楼回复-打开失败后] 第 1/6 次: home_or_search
2026-06-27 18:07:19,861 - dy.task_runner - INFO - 尝试关闭/返回当前状态[home_or_search] -> 视频页
2026-06-27 18:07:22,047 - dy.task_runner - INFO - 状态检查[评论区AI截流/楼中楼回复-打开失败后] 第 2/6 次: video_page
2026-06-27 18:07:24,084 - dy.task_runner - INFO - 功能后状态[评论区截流]: video_page
2026-06-27 18:07:25,211 - dy.task_runner - INFO - 状态检查[评论区截流-执行后] 第 1/6 次: video_page
2026-06-27 18:07:25,213 - dy.db_manager - INFO - 已连接数据库并校验当日数据表: records_20260627
2026-06-27 18:07:25,214 - dy.task_runner - INFO - 📊 实时数据 -> 视频:43 | 赞:34 | 评:9 | 关:0
2026-06-27 18:07:26,256 - dy.task_runner - INFO - 状态检查[滑动下一个视频前] 第 1/5 次: video_page
2026-06-27 18:07:26,257 - dy.main_controller - INFO - 调度器开始装载动作: SwipeNextVideoAction
2026-06-27 18:07:26,257 - dy.anti_detection - INFO - 🛡️ 防风控引擎已初始化
2026-06-27 18:07:26,257 - dy.actions.base_action - INFO - ==> 准备执行动作: [SwipeNextVideoAction]
2026-06-27 18:08:21,865 - dy.actions.base_action - INFO - <== 动作执行完成: [SwipeNextVideoAction]
2026-06-27 18:08:21,975 - dy.task_runner - INFO - 等待 7.4 秒后处理下一个视频...
2026-06-27 18:08:29,390 - dy.db_manager - INFO - 已连接数据库并校验当日数据表: records_20260627
2026-06-27 18:08:29,390 - dy.task_runner - INFO - 
--- 正在处理第 2/5 个视频 ---
2026-06-27 18:08:29,634 - dy.task_runner - WARNING - 检测到抖音视频长按菜单，执行返回关闭
2026-06-27 18:08:32,162 - dy.task_runner - INFO - 状态检查[提取视频信息前] 第 1/4 次: video_page
2026-06-27 18:08:33,021 - dy.task_runner - INFO - 功能前状态[提取视频信息/分享链接]: video_page
2026-06-27 18:08:33,882 - dy.task_runner - INFO - 状态检查[提取视频信息/分享链接-执行前] 第 1/6 次: video_page
2026-06-27 18:08:33,882 - dy.main_controller - INFO - 调度器开始装载动作: GetCurrentVideoLinkAction
2026-06-27 18:08:33,882 - dy.anti_detection - INFO - 🛡️ 防风控引擎已初始化
2026-06-27 18:08:33,882 - dy.actions.base_action - INFO - ==> 准备执行动作: [GetCurrentVideoLinkAction]
2026-06-27 18:08:35,432 - dy.actions.interaction - INFO - 当前视频可见文案兜底: #买衣服不需要理由 #卖衣服的中年少女 #实体店搭配日常 #服装实... 展开
2026-06-27 18:08:35,432 - dy.actions.interaction - WARNING - 稳定模式未打开分享面板提取链接，使用当前页面文案生成兜底视频标识: dy_visible_fdc450e861d15080
2026-06-27 18:08:35,432 - dy.actions.base_action - INFO - <== 动作执行完成: [GetCurrentVideoLinkAction]
2026-06-27 18:08:37,352 - dy.task_runner - INFO - 功能后状态[提取视频信息/分享链接]: video_page
2026-06-27 18:08:38,466 - dy.task_runner - INFO - 状态检查[提取视频信息/分享链接-执行后] 第 1/6 次: video_page
2026-06-27 18:08:38,467 - dy.task_runner - WARNING - 检测到视频重复 (token一致)，可能已滑到底部
2026-06-27 18:08:38,467 - dy.task_runner - INFO - 结束当前关键词的视频循环
2026-06-27 18:08:38,467 - dy.main_controller - INFO - 调度器开始装载动作: ResetToSearchAction
2026-06-27 18:08:38,467 - dy.anti_detection - INFO - 🛡️ 防风控引擎已初始化
2026-06-27 18:08:38,467 - dy.actions.base_action - INFO - ==> 准备执行动作: [ResetToSearchAction]
2026-06-27 18:08:38,910 - dy.actions.navigation - INFO - 执行 5 次返回以重置到首页状态...
2026-06-27 18:08:46,943 - dy.actions.base_action - INFO - <== 动作执行完成: [ResetToSearchAction]
2026-06-27 18:08:46,943 - dy.task_runner - INFO - 
>>> 开始处理关键词: 手机壳 <<<
2026-06-27 18:08:46,943 - dy.main_controller - INFO - 调度器开始装载动作: EnterSearchAction
2026-06-27 18:08:46,943 - dy.anti_detection - INFO - 🛡️ 防风控引擎已初始化
2026-06-27 18:08:46,944 - dy.actions.base_action - INFO - ==> 准备执行动作: [EnterSearchAction]
2026-06-27 18:08:47,361 - dy.actions.navigation - INFO - 正在搜索关键词: 手机壳
2026-06-27 18:08:48,244 - dy.actions.navigation - INFO - 通过 XPath 成功点击搜索按钮
2026-06-27 18:08:56,429 - dy.actions.base_action - ERROR - 执行动作 [EnterSearchAction] 时发生未捕获异常: device 'V4DUT20422013309' not found
Traceback (most recent call last):
  File "C:\Users\abc\AppData\Local\Programs\Python\Python312\Lib\site-packages\uiautomator2\core.py", line 105, in connect
    self.sock = self.__device.create_connection(adbutils.Network.TCP, self.__port)
                ^^^^^^^^^^^^^^^^^^^^^^^^^^^^^^^^^^^^^^^^^^^^^^^^^^^^^^^^^^^^^^^^^^
  File "C:\Users\abc\AppData\Local\Programs\Python\Python312\Lib\site-packages\adbutils\_device_base.py", line 608, in create_connection
    c = self.open_transport()
        ^^^^^^^^^^^^^^^^^^^^^
  File "C:\Users\abc\AppData\Local\Programs\Python\Python312\Lib\site-packages\adbutils\_device_base.py", line 92, in open_transport
    c.check_okay()
  File "C:\Users\abc\AppData\Local\Programs\Python\Python312\Lib\site-packages\adbutils\_adb.py", line 192, in check_okay
    raise AdbError(self.read_string_block())
adbutils.errors.AdbError: device 'V4DUT20422013309' not found

The above exception was the direct cause of the following exception:

Traceback (most recent call last):
  File "C:\Users\abc\AppData\Local\Programs\Python\Python312\Lib\site-packages\uiautomator2\core.py", line 331, in jsonrpc_call
    return _jsonrpc_call(self._dev, self._device_server_port, method, params, timeout, self._debug)
           ^^^^^^^^^^^^^^^^^^^^^^^^^^^^^^^^^^^^^^^^^^^^^^^^^^^^^^^^^^^^^^^^^^^^^^^^^^^^^^^^^^^^^^^^
  File "C:\Users\abc\AppData\Local\Programs\Python\Python312\Lib\site-packages\uiautomator2\core.py", line 181, in _jsonrpc_call
    r = _http_request(dev, device_port, "POST", "/jsonrpc/0", payload, timeout=timeout, print_request=print_request)
        ^^^^^^^^^^^^^^^^^^^^^^^^^^^^^^^^^^^^^^^^^^^^^^^^^^^^^^^^^^^^^^^^^^^^^^^^^^^^^^^^^^^^^^^^^^^^^^^^^^^^^^^^^^^^
  File "C:\Users\abc\AppData\Local\Programs\Python\Python312\Lib\site-packages\uiautomator2\core.py", line 147, in _http_request
    conn.request(method, path, json.dumps(data), headers=headers)
  File "C:\Users\abc\AppData\Local\Programs\Python\Python312\Lib\http\client.py", line 1338, in request
    self._send_request(method, url, body, headers, encode_chunked)
  File "C:\Users\abc\AppData\Local\Programs\Python\Python312\Lib\http\client.py", line 1384, in _send_request
    self.endheaders(body, encode_chunked=encode_chunked)
  File "C:\Users\abc\AppData\Local\Programs\Python\Python312\Lib\http\client.py", line 1333, in endheaders
    self._send_output(message_body, encode_chunked=encode_chunked)
  File "C:\Users\abc\AppData\Local\Programs\Python\Python312\Lib\http\client.py", line 1093, in _send_output
    self.send(msg)
  File "C:\Users\abc\AppData\Local\Programs\Python\Python312\Lib\http\client.py", line 1037, in send
    self.connect()
  File "C:\Users\abc\AppData\Local\Programs\Python\Python312\Lib\site-packages\uiautomator2\core.py", line 107, in connect
    raise HTTPError(f"Unable to connect to uiautomator2 server: {e}") from e
uiautomator2.exceptions.HTTPError: Unable to connect to uiautomator2 server: device 'V4DUT20422013309' not found

During handling of the above exception, another exception occurred:

Traceback (most recent call last):
  File "D:\CodingTest\111test\111\dy\actions\base_action.py", line 96, in perform
    result = self.execute(*args, **kwargs)
             ^^^^^^^^^^^^^^^^^^^^^^^^^^^^^
  File "D:\CodingTest\111test\111\dy\actions\navigation.py", line 108, in execute
    if video_tab.wait(timeout=5):
       ^^^^^^^^^^^^^^^^^^^^^^^^^
  File "C:\Users\abc\AppData\Local\Programs\Python\Python312\Lib\site-packages\uiautomator2\xpath.py", line 480, in wait
    if self.exists:
       ^^^^^^^^^^^
  File "C:\Users\abc\AppData\Local\Programs\Python\Python312\Lib\site-packages\uiautomator2\xpath.py", line 436, in exists
    return len(self.all()) > 0
               ^^^^^^^^^^
  File "C:\Users\abc\AppData\Local\Programs\Python\Python312\Lib\site-packages\uiautomator2\xpath.py", line 429, in all
    source = self._get_page_source()
             ^^^^^^^^^^^^^^^^^^^^^^^
  File "C:\Users\abc\AppData\Local\Programs\Python\Python312\Lib\site-packages\uiautomator2\xpath.py", line 423, in _get_page_source
    return self._parent.get_page_source()
           ^^^^^^^^^^^^^^^^^^^^^^^^^^^^^^
  File "C:\Users\abc\AppData\Local\Programs\Python\Python312\Lib\site-packages\uiautomator2\xpath.py", line 201, in get_page_source
    return PageSource.parse(self._d.dump_hierarchy())
                            ^^^^^^^^^^^^^^^^^^^^^^^^
  File "C:\Users\abc\AppData\Local\Programs\Python\Python312\Lib\site-packages\uiautomator2\__init__.py", line 119, in dump_hierarchy
    content = self._do_dump_hierarchy(compressed, max_depth)
              ^^^^^^^^^^^^^^^^^^^^^^^^^^^^^^^^^^^^^^^^^^^^^^
  File "C:\Users\abc\AppData\Local\Programs\Python\Python312\Lib\site-packages\decorator\__init__.py", line 247, in fun
    return caller(func, *(extras + args), **kw)
           ^^^^^^^^^^^^^^^^^^^^^^^^^^^^^^^^^^^^
  File "C:\Users\abc\AppData\Local\Programs\Python\Python312\Lib\site-packages\retry\api.py", line 90, in retry_decorator
    return __retry_internal(partial(f, *args, **kwargs), exceptions, tries, delay, max_delay, backoff, jitter,
           ^^^^^^^^^^^^^^^^^^^^^^^^^^^^^^^^^^^^^^^^^^^^^^^^^^^^^^^^^^^^^^^^^^^^^^^^^^^^^^^^^^^^^^^^^^^^^^^^^^^
  File "C:\Users\abc\AppData\Local\Programs\Python\Python312\Lib\site-packages\retry\api.py", line 35, in __retry_internal
    return f()
           ^^^
  File "C:\Users\abc\AppData\Local\Programs\Python\Python312\Lib\site-packages\uiautomator2\__init__.py", line 134, in _do_dump_hierarchy
    content = self.jsonrpc.dumpWindowHierarchy(compressed, max_depth)
              ^^^^^^^^^^^^^^^^^^^^^^^^^^^^^^^^^^^^^^^^^^^^^^^^^^^^^^^
  File "C:\Users\abc\AppData\Local\Programs\Python\Python312\Lib\site-packages\uiautomator2\base.py", line 160, in __call__
    return self.server.jsonrpc_call(self.method, params, http_timeout)
           ^^^^^^^^^^^^^^^^^^^^^^^^^^^^^^^^^^^^^^^^^^^^^^^^^^^^^^^^^^^
  File "C:\Users\abc\AppData\Local\Programs\Python\Python312\Lib\site-packages\uiautomator2\core.py", line 335, in jsonrpc_call
    self.start_uiautomator()
  File "C:\Users\abc\AppData\Local\Programs\Python\Python312\Lib\site-packages\uiautomator2\core.py", line 249, in start_uiautomator
    self._setup_jar()
  File "C:\Users\abc\AppData\Local\Programs\Python\Python312\Lib\site-packages\uiautomator2\core.py", line 260, in _setup_jar
    if self._check_device_file_hash(jar_path, target_path):
       ^^^^^^^^^^^^^^^^^^^^^^^^^^^^^^^^^^^^^^^^^^^^^^^^^^^
  File "C:\Users\abc\AppData\Local\Programs\Python\Python312\Lib\site-packages\uiautomator2\core.py", line 273, in _check_device_file_hash
    output = self._dev.shell(["toybox", "md5sum", remote_file])
             ^^^^^^^^^^^^^^^^^^^^^^^^^^^^^^^^^^^^^^^^^^^^^^^^^^
  File "C:\Users\abc\AppData\Local\Programs\Python\Python312\Lib\site-packages\adbutils\_device_base.py", line 252, in shell
    c = self.open_shell(cmdargs)
        ^^^^^^^^^^^^^^^^^^^^^^^^
  File "C:\Users\abc\AppData\Local\Programs\Python\Python312\Lib\site-packages\adbutils\_device_base.py", line 175, in open_shell
    c = self.open_transport()
        ^^^^^^^^^^^^^^^^^^^^^
  File "C:\Users\abc\AppData\Local\Programs\Python\Python312\Lib\site-packages\adbutils\_device_base.py", line 92, in open_transport
    c.check_okay()
  File "C:\Users\abc\AppData\Local\Programs\Python\Python312\Lib\site-packages\adbutils\_adb.py", line 192, in check_okay
    raise AdbError(self.read_string_block())
adbutils.errors.AdbError: device 'V4DUT20422013309' not found
2026-06-27 18:08:56,542 - dy.task_runner - WARNING - 关键词 '手机壳' 搜索失败，跳过当前关键词
2026-06-27 18:08:56,543 - dy.main_controller - INFO - 调度器开始装载动作: ResetToSearchAction
2026-06-27 18:08:56,543 - dy.anti_detection - INFO - 🛡️ 防风控引擎已初始化
2026-06-27 18:08:56,543 - dy.actions.base_action - INFO - ==> 准备执行动作: [ResetToSearchAction]
2026-06-27 18:08:56,583 - retry.api - WARNING - AdbError: device 'V4DUT20422013309' not found in adbutils.shell.ShellExtension.app_current, retrying in 0.5 seconds...
2026-06-27 18:08:57,128 - retry.api - WARNING - AdbError: device 'V4DUT20422013309' not found in adbutils.shell.ShellExtension.app_current, retrying in 0.6 seconds...
2026-06-27 18:08:57,779 - dy.actions.base_action - ERROR - 执行动作 [ResetToSearchAction] 时发生未捕获异常: device 'V4DUT20422013309' not found
Traceback (most recent call last):
  File "D:\CodingTest\111test\111\dy\actions\base_action.py", line 91, in perform
    if not self.check_preconditions():
           ^^^^^^^^^^^^^^^^^^^^^^^^^^
  File "D:\CodingTest\111test\111\dy\actions\base_action.py", line 77, in check_preconditions
    if self.app and not self.app.is_foreground():
                        ^^^^^^^^^^^^^^^^^^^^^^^^
  File "D:\CodingTest\111test\111\dy\core\app_mgr.py", line 38, in is_foreground
    current_app = self.d.app_current()
                  ^^^^^^^^^^^^^^^^^^^^
  File "C:\Users\abc\AppData\Local\Programs\Python\Python312\Lib\site-packages\uiautomator2\__init__.py", line 522, in app_current
    info = self.adb_device.app_current()
           ^^^^^^^^^^^^^^^^^^^^^^^^^^^^^
  File "C:\Users\abc\AppData\Local\Programs\Python\Python312\Lib\site-packages\decorator\__init__.py", line 247, in fun
    return caller(func, *(extras + args), **kw)
           ^^^^^^^^^^^^^^^^^^^^^^^^^^^^^^^^^^^^
  File "C:\Users\abc\AppData\Local\Programs\Python\Python312\Lib\site-packages\retry\api.py", line 90, in retry_decorator
    return __retry_internal(partial(f, *args, **kwargs), exceptions, tries, delay, max_delay, backoff, jitter,
           ^^^^^^^^^^^^^^^^^^^^^^^^^^^^^^^^^^^^^^^^^^^^^^^^^^^^^^^^^^^^^^^^^^^^^^^^^^^^^^^^^^^^^^^^^^^^^^^^^^^
  File "C:\Users\abc\AppData\Local\Programs\Python\Python312\Lib\site-packages\retry\api.py", line 35, in __retry_internal
    return f()
           ^^^
  File "C:\Users\abc\AppData\Local\Programs\Python\Python312\Lib\site-packages\adbutils\shell.py", line 436, in app_current
    m = _focusedRE.search(self.shell(["dumpsys", "window", "windows"]))
                          ^^^^^^^^^^^^^^^^^^^^^^^^^^^^^^^^^^^^^^^^^^^^
  File "C:\Users\abc\AppData\Local\Programs\Python\Python312\Lib\site-packages\adbutils\_device_base.py", line 252, in shell
    c = self.open_shell(cmdargs)
        ^^^^^^^^^^^^^^^^^^^^^^^^
  File "C:\Users\abc\AppData\Local\Programs\Python\Python312\Lib\site-packages\adbutils\_device_base.py", line 175, in open_shell
    c = self.open_transport()
        ^^^^^^^^^^^^^^^^^^^^^
  File "C:\Users\abc\AppData\Local\Programs\Python\Python312\Lib\site-packages\adbutils\_device_base.py", line 92, in open_transport
    c.check_okay()
  File "C:\Users\abc\AppData\Local\Programs\Python\Python312\Lib\site-packages\adbutils\_adb.py", line 192, in check_okay
    raise AdbError(self.read_string_block())
adbutils.errors.AdbError: device 'V4DUT20422013309' not found
2026-06-27 18:08:57,791 - dy.task_runner - INFO - 
>>> 开始处理关键词: 卫生纸 <<<
2026-06-27 18:08:57,791 - dy.main_controller - INFO - 调度器开始装载动作: EnterSearchAction
2026-06-27 18:08:57,791 - dy.anti_detection - INFO - 🛡️ 防风控引擎已初始化
2026-06-27 18:08:57,792 - dy.actions.base_action - INFO - ==> 准备执行动作: [EnterSearchAction]
2026-06-27 18:08:57,840 - retry.api - WARNING - AdbError: device 'V4DUT20422013309' not found in adbutils.shell.ShellExtension.app_current, retrying in 0.5 seconds...
2026-06-27 18:08:58,367 - retry.api - WARNING - AdbError: device 'V4DUT20422013309' not found in adbutils.shell.ShellExtension.app_current, retrying in 0.6 seconds...
2026-06-27 18:08:59,019 - dy.actions.base_action - ERROR - 执行动作 [EnterSearchAction] 时发生未捕获异常: device 'V4DUT20422013309' not found
Traceback (most recent call last):
  File "D:\CodingTest\111test\111\dy\actions\base_action.py", line 91, in perform
    if not self.check_preconditions():
           ^^^^^^^^^^^^^^^^^^^^^^^^^^
  File "D:\CodingTest\111test\111\dy\actions\base_action.py", line 77, in check_preconditions
    if self.app and not self.app.is_foreground():
                        ^^^^^^^^^^^^^^^^^^^^^^^^
  File "D:\CodingTest\111test\111\dy\core\app_mgr.py", line 38, in is_foreground
    current_app = self.d.app_current()
                  ^^^^^^^^^^^^^^^^^^^^
  File "C:\Users\abc\AppData\Local\Programs\Python\Python312\Lib\site-packages\uiautomator2\__init__.py", line 522, in app_current
    info = self.adb_device.app_current()
           ^^^^^^^^^^^^^^^^^^^^^^^^^^^^^
  File "C:\Users\abc\AppData\Local\Programs\Python\Python312\Lib\site-packages\decorator\__init__.py", line 247, in fun
    return caller(func, *(extras + args), **kw)
           ^^^^^^^^^^^^^^^^^^^^^^^^^^^^^^^^^^^^
  File "C:\Users\abc\AppData\Local\Programs\Python\Python312\Lib\site-packages\retry\api.py", line 90, in retry_decorator
    return __retry_internal(partial(f, *args, **kwargs), exceptions, tries, delay, max_delay, backoff, jitter,
           ^^^^^^^^^^^^^^^^^^^^^^^^^^^^^^^^^^^^^^^^^^^^^^^^^^^^^^^^^^^^^^^^^^^^^^^^^^^^^^^^^^^^^^^^^^^^^^^^^^^
  File "C:\Users\abc\AppData\Local\Programs\Python\Python312\Lib\site-packages\retry\api.py", line 35, in __retry_internal
    return f()
           ^^^
  File "C:\Users\abc\AppData\Local\Programs\Python\Python312\Lib\site-packages\adbutils\shell.py", line 436, in app_current
    m = _focusedRE.search(self.shell(["dumpsys", "window", "windows"]))
                          ^^^^^^^^^^^^^^^^^^^^^^^^^^^^^^^^^^^^^^^^^^^^
  File "C:\Users\abc\AppData\Local\Programs\Python\Python312\Lib\site-packages\adbutils\_device_base.py", line 252, in shell
    c = self.open_shell(cmdargs)
        ^^^^^^^^^^^^^^^^^^^^^^^^
  File "C:\Users\abc\AppData\Local\Programs\Python\Python312\Lib\site-packages\adbutils\_device_base.py", line 175, in open_shell
    c = self.open_transport()
        ^^^^^^^^^^^^^^^^^^^^^
  File "C:\Users\abc\AppData\Local\Programs\Python\Python312\Lib\site-packages\adbutils\_device_base.py", line 92, in open_transport
    c.check_okay()
  File "C:\Users\abc\AppData\Local\Programs\Python\Python312\Lib\site-packages\adbutils\_adb.py", line 192, in check_okay
    raise AdbError(self.read_string_block())
adbutils.errors.AdbError: device 'V4DUT20422013309' not found
2026-06-27 18:08:59,021 - dy.task_runner - WARNING - 关键词 '卫生纸' 搜索失败，跳过当前关键词
2026-06-27 18:08:59,021 - dy.main_controller - INFO - 调度器开始装载动作: ResetToSearchAction
2026-06-27 18:08:59,021 - dy.anti_detection - INFO - 🛡️ 防风控引擎已初始化
2026-06-27 18:08:59,021 - dy.actions.base_action - INFO - ==> 准备执行动作: [ResetToSearchAction]
2026-06-27 18:08:59,065 - retry.api - WARNING - AdbError: device 'V4DUT20422013309' not found in adbutils.shell.ShellExtension.app_current, retrying in 0.5 seconds...
2026-06-27 18:08:59,610 - retry.api - WARNING - AdbError: device 'V4DUT20422013309' not found in adbutils.shell.ShellExtension.app_current, retrying in 0.6 seconds...
2026-06-27 18:09:00,260 - dy.actions.base_action - ERROR - 执行动作 [ResetToSearchAction] 时发生未捕获异常: device 'V4DUT20422013309' not found
Traceback (most recent call last):
  File "D:\CodingTest\111test\111\dy\actions\base_action.py", line 91, in perform
    if not self.check_preconditions():
           ^^^^^^^^^^^^^^^^^^^^^^^^^^
  File "D:\CodingTest\111test\111\dy\actions\base_action.py", line 77, in check_preconditions
    if self.app and not self.app.is_foreground():
                        ^^^^^^^^^^^^^^^^^^^^^^^^
  File "D:\CodingTest\111test\111\dy\core\app_mgr.py", line 38, in is_foreground
    current_app = self.d.app_current()
                  ^^^^^^^^^^^^^^^^^^^^
  File "C:\Users\abc\AppData\Local\Programs\Python\Python312\Lib\site-packages\uiautomator2\__init__.py", line 522, in app_current
    info = self.adb_device.app_current()
           ^^^^^^^^^^^^^^^^^^^^^^^^^^^^^
  File "C:\Users\abc\AppData\Local\Programs\Python\Python312\Lib\site-packages\decorator\__init__.py", line 247, in fun
    return caller(func, *(extras + args), **kw)
           ^^^^^^^^^^^^^^^^^^^^^^^^^^^^^^^^^^^^
  File "C:\Users\abc\AppData\Local\Programs\Python\Python312\Lib\site-packages\retry\api.py", line 90, in retry_decorator
    return __retry_internal(partial(f, *args, **kwargs), exceptions, tries, delay, max_delay, backoff, jitter,
           ^^^^^^^^^^^^^^^^^^^^^^^^^^^^^^^^^^^^^^^^^^^^^^^^^^^^^^^^^^^^^^^^^^^^^^^^^^^^^^^^^^^^^^^^^^^^^^^^^^^
  File "C:\Users\abc\AppData\Local\Programs\Python\Python312\Lib\site-packages\retry\api.py", line 35, in __retry_internal
    return f()
           ^^^
  File "C:\Users\abc\AppData\Local\Programs\Python\Python312\Lib\site-packages\adbutils\shell.py", line 436, in app_current
    m = _focusedRE.search(self.shell(["dumpsys", "window", "windows"]))
                          ^^^^^^^^^^^^^^^^^^^^^^^^^^^^^^^^^^^^^^^^^^^^
  File "C:\Users\abc\AppData\Local\Programs\Python\Python312\Lib\site-packages\adbutils\_device_base.py", line 252, in shell
    c = self.open_shell(cmdargs)
        ^^^^^^^^^^^^^^^^^^^^^^^^
  File "C:\Users\abc\AppData\Local\Programs\Python\Python312\Lib\site-packages\adbutils\_device_base.py", line 175, in open_shell
    c = self.open_transport()
        ^^^^^^^^^^^^^^^^^^^^^
  File "C:\Users\abc\AppData\Local\Programs\Python\Python312\Lib\site-packages\adbutils\_device_base.py", line 92, in open_transport
    c.check_okay()
  File "C:\Users\abc\AppData\Local\Programs\Python\Python312\Lib\site-packages\adbutils\_adb.py", line 192, in check_okay
    raise AdbError(self.read_string_block())
adbutils.errors.AdbError: device 'V4DUT20422013309' not found
2026-06-27 18:09:00,262 - dy.task_runner - INFO - 所有关键词任务处理完毕！
2026-06-27 18:09:00,262 - dy.main_controller - INFO - 任务执行完毕，清理资源...
2026-06-27 18:09:00,262 - dy.main_controller - INFO - 资源清理完毕，安全退出。
2026-06-27 18:09:00,262 - root - INFO - <== API: 设备 V4DUT20422013309 任务执行完毕
2026-06-27 18:27:18,016 - dy.db_manager - INFO - 已连接数据库并校验当日数据表: records_20260627
2026-06-27 18:28:43,550 - root - INFO - 授权码验证通过，客户: test-customer，剩余积分: 179.84900000000025
2026-06-27 18:28:43,550 - root - INFO - ==> API: 开始初始化设备 V4DUT20422013309 的douyin平台任务
2026-06-27 18:28:43,551 - dy.main_controller - INFO - 初始化任务调度中心...
2026-06-27 18:28:43,584 - root - INFO - 当前 ADB 连接设备列表: ['V4DUT20422013309']
2026-06-27 18:28:43,584 - root - INFO - 使用传入的序列号: V4DUT20422013309
2026-06-27 18:28:43,586 - root - INFO - 正在向设备 V4DUT20422013309 挂载 UIAutomator2 引擎...
2026-06-27 18:28:45,013 - root - INFO - 设备 V4DUT20422013309 uiautomator2 引擎挂载成功。
2026-06-27 18:28:45,167 - root - INFO - 心跳检查 - 设备 V4DUT20422013309 屏幕状态: 亮起
2026-06-27 18:28:45,167 - dy.main_controller - INFO - 设备通讯正常，引擎挂载完毕。
2026-06-27 18:28:45,167 - dy.db_manager - INFO - 已连接数据库并校验当日数据表: records_20260627
2026-06-27 18:28:45,167 - dy.anti_detection - INFO - 🛡️ 防风控引擎已初始化
2026-06-27 18:28:45,167 - root - INFO - ==> API: 设备 V4DUT20422013309 已进入运行状态
2026-06-27 18:28:45,168 - dy.task_runner - INFO - === 任务流开始 ===
2026-06-27 18:28:45,168 - dy.db_manager - INFO - 已连接数据库并校验当日数据表: records_20260627
2026-06-27 18:28:45,168 - dy.task_runner - INFO - 📊 今日已处理视频: 43 个 | 点赞: 34 次 | 评论: 9 次 | 关注: 0 人
2026-06-27 18:28:45,168 - dy.main_controller - INFO - 调度中心正在拉起抖音 APP...
2026-06-27 18:28:45,168 - dy.core.app_mgr - INFO - 正在启动应用: com.ss.android.ugc.aweme
2026-06-27 18:28:45,687 - dy.core.app_mgr - INFO - 等待抖音进入前台，超时时间: 8秒
2026-06-27 18:28:46,254 - dy.core.app_mgr - INFO - 等待抖音进入前台，超时时间: 10秒
2026-06-27 18:28:46,738 - dy.main_controller - INFO - 调度器开始装载动作: EnsureHomeAction
2026-06-27 18:28:46,739 - dy.anti_detection - INFO - 🛡️ 防风控引擎已初始化
2026-06-27 18:28:46,739 - dy.actions.base_action - INFO - ==> 准备执行动作: [EnsureHomeAction]
2026-06-27 18:28:53,223 - dy.actions.navigation - INFO - ✅ 抖音首页加载成功
2026-06-27 18:28:54,880 - dy.actions.base_action - INFO - <== 动作执行完成: [EnsureHomeAction]
2026-06-27 18:28:54,880 - dy.main_controller - INFO - 抖音启动完成，准备就绪。
2026-06-27 18:28:55,356 - dy.anti_detection - INFO - 📱 设备指纹: {'android_id': '8750be44adec00a2', 'model': 'CDY-TN90', 'brand': 'HONOR', 'sdk': '29'}
2026-06-27 18:28:55,356 - dy.task_runner - INFO - 🧹 已清理设备自动化痕迹
2026-06-27 18:28:55,454 - dy.task_runner - INFO - 
>>> 开始处理关键词: 装修 <<<
2026-06-27 18:28:55,454 - dy.main_controller - INFO - 调度器开始装载动作: EnterSearchAction
2026-06-27 18:28:55,454 - dy.anti_detection - INFO - 🛡️ 防风控引擎已初始化
2026-06-27 18:28:55,454 - dy.actions.base_action - INFO - ==> 准备执行动作: [EnterSearchAction]
2026-06-27 18:28:55,887 - dy.actions.navigation - INFO - 正在搜索关键词: 装修
2026-06-27 18:28:56,515 - dy.actions.navigation - INFO - 通过 XPath 成功点击搜索按钮
2026-06-27 18:29:05,875 - dy.actions.navigation - INFO - 成功切换到'视频'页签
2026-06-27 18:29:07,218 - dy.actions.base_action - INFO - <== 动作执行完成: [EnterSearchAction]
2026-06-27 18:29:07,218 - dy.main_controller - INFO - 调度器开始装载动作: ApplyFiltersAction
2026-06-27 18:29:07,218 - dy.anti_detection - INFO - 🛡️ 防风控引擎已初始化
2026-06-27 18:29:07,218 - dy.actions.base_action - INFO - ==> 准备执行动作: [ApplyFiltersAction]
2026-06-27 18:29:07,595 - dy.actions.navigation - INFO - >>> 自动化配对成功：模式[latest] -> 点击按钮[最新发布] <<<
2026-06-27 18:29:10,093 - dy.actions.navigation - INFO - 已成功选择排序方式: 最新发布
2026-06-27 18:29:11,487 - dy.actions.navigation - INFO - 已点击选择: 还未看过
2026-06-27 18:29:16,321 - dy.actions.navigation - INFO - 已点击'视频'页签辅助收起面板
2026-06-27 18:29:18,330 - dy.actions.navigation - INFO - --- 工作流切换完全执行：最新发布 ---
2026-06-27 18:29:18,333 - dy.actions.base_action - INFO - <== 动作执行完成: [ApplyFiltersAction]
2026-06-27 18:29:18,333 - dy.main_controller - INFO - 调度器开始装载动作: EnterFirstVideoAction
2026-06-27 18:29:18,333 - dy.anti_detection - INFO - 🛡️ 防风控引擎已初始化
2026-06-27 18:29:18,333 - dy.actions.base_action - INFO - ==> 准备执行动作: [EnterFirstVideoAction]
2026-06-27 18:29:18,787 - dy.actions.navigation - INFO - 正在定位第一个视频...
2026-06-27 18:29:19,097 - dy.actions.navigation - INFO - 识别到视频文案: 没找设计师，硬装11w完美落地！ 纯小白...
2026-06-27 18:29:20,621 - dy.actions.base_action - INFO - <== 动作执行完成: [EnterFirstVideoAction]
2026-06-27 18:29:23,626 - dy.db_manager - INFO - 已连接数据库并校验当日数据表: records_20260627
2026-06-27 18:29:23,627 - dy.task_runner - INFO - 
--- 正在处理第 1/5 个视频 ---
2026-06-27 18:29:25,348 - dy.task_runner - INFO - 状态检查[提取视频信息前] 第 1/4 次: video_page
2026-06-27 18:29:26,099 - dy.task_runner - INFO - 功能前状态[提取视频信息/分享链接]: video_page
2026-06-27 18:29:26,802 - dy.task_runner - INFO - 状态检查[提取视频信息/分享链接-执行前] 第 1/6 次: video_page
2026-06-27 18:29:26,802 - dy.main_controller - INFO - 调度器开始装载动作: GetCurrentVideoLinkAction
2026-06-27 18:29:26,802 - dy.anti_detection - INFO - 🛡️ 防风控引擎已初始化
2026-06-27 18:29:26,802 - dy.actions.base_action - INFO - ==> 准备执行动作: [GetCurrentVideoLinkAction]
2026-06-27 18:29:27,841 - dy.actions.interaction - INFO - 当前视频可见文案兜底: 第 9 集 | 没找设计师，硬装11w完美落地！ 纯小白全靠抄作业，实打... 展开
2026-06-27 18:29:27,842 - dy.actions.interaction - WARNING - 稳定模式未打开分享面板提取链接，使用当前页面文案生成兜底视频标识: dy_visible_ce7911bfa5337e72
2026-06-27 18:29:27,842 - dy.actions.base_action - INFO - <== 动作执行完成: [GetCurrentVideoLinkAction]
2026-06-27 18:29:29,400 - dy.task_runner - INFO - 功能后状态[提取视频信息/分享链接]: video_page
2026-06-27 18:29:30,253 - dy.task_runner - INFO - 状态检查[提取视频信息/分享链接-执行后] 第 1/6 次: video_page
2026-06-27 18:29:30,253 - dy.db_manager - INFO - 已连接数据库并校验当日数据表: records_20260627
2026-06-27 18:29:30,255 - dy.task_runner - INFO - 🎬 开始对新视频执行互动...
2026-06-27 18:29:30,255 - dy.task_runner - INFO - 📝 当前视频标题: 第 9 集 | 没找设计师，硬装11w完美落地！ 纯小白全靠抄作业，实打... 展开
2026-06-27 18:29:30,808 - dy.task_runner - INFO - 功能前状态[点赞]: video_page
2026-06-27 18:29:31,543 - dy.task_runner - INFO - 状态检查[点赞-执行前] 第 1/6 次: video_page
2026-06-27 18:29:31,543 - dy.main_controller - INFO - 调度器开始装载动作: DoubleClickLikeAction
2026-06-27 18:29:31,543 - dy.anti_detection - INFO - 🛡️ 防风控引擎已初始化
2026-06-27 18:29:31,543 - dy.actions.base_action - INFO - ==> 准备执行动作: [DoubleClickLikeAction]
2026-06-27 18:29:32,866 - dy.actions.interaction - INFO - 已短按右侧喜欢按钮: (990, 1256)
2026-06-27 18:29:32,866 - dy.actions.base_action - INFO - <== 动作执行完成: [DoubleClickLikeAction]
2026-06-27 18:29:32,873 - dy.db_manager - INFO - 已连接数据库并校验当日数据表: records_20260627
2026-06-27 18:29:34,008 - dy.task_runner - INFO - 功能后状态[点赞]: video_page
2026-06-27 18:29:34,793 - dy.task_runner - INFO - 状态检查[点赞-执行后] 第 1/6 次: video_page
2026-06-27 18:29:37,293 - dy.task_runner - INFO - 功能前状态[私域获客]: video_page
2026-06-27 18:29:38,180 - dy.task_runner - INFO - 状态检查[私域获客-执行前] 第 1/6 次: video_page
2026-06-27 18:29:38,180 - dy.main_controller - INFO - 调度器开始装载动作: FollowAuthorAction
2026-06-27 18:29:38,180 - dy.anti_detection - INFO - 🛡️ 防风控引擎已初始化
2026-06-27 18:29:38,181 - dy.actions.base_action - INFO - ==> 准备执行动作: [FollowAuthorAction]
2026-06-27 18:29:58,208 - dy.actions.interaction - INFO - 作者粉丝数: 未知
2026-06-27 18:30:00,269 - dy.actions.interaction - INFO - 未找到'关注'按钮，可能已经关注过了
2026-06-27 18:30:00,269 - dy.actions.interaction - INFO - 作者粉丝数(None)未达到私信阈值(1.0)，跳过私信
2026-06-27 18:30:02,046 - dy.actions.interaction - INFO - 确认已经回到视频页
2026-06-27 18:30:02,047 - dy.actions.base_action - INFO - <== 动作执行完成: [FollowAuthorAction]
2026-06-27 18:30:03,377 - dy.task_runner - INFO - 功能后状态[私域获客]: video_page
2026-06-27 18:30:04,172 - dy.task_runner - INFO - 状态检查[私域获客-执行后] 第 1/6 次: video_page
2026-06-27 18:30:06,029 - dy.task_runner - INFO - 功能前状态[AI视频评论]: video_page
2026-06-27 18:30:07,290 - dy.task_runner - INFO - 状态检查[AI视频评论-执行前] 第 1/6 次: video_page
2026-06-27 18:30:11,840 - dy.db_manager - INFO - 已连接数据库并校验当日数据表: records_20260627
2026-06-27 18:30:11,840 - dy.pipeline - INFO - AI 生成回复: 抄作业成功，11w装得真不错！
2026-06-27 18:30:11,840 - dy.main_controller - INFO - 调度器开始装载动作: PostCommentAction
2026-06-27 18:30:11,840 - dy.anti_detection - INFO - 🛡️ 防风控引擎已初始化
2026-06-27 18:30:11,840 - dy.actions.base_action - INFO - ==> 准备执行动作: [PostCommentAction]
2026-06-27 18:30:12,149 - dy.actions.commenting - INFO - 准备发布视频评论: 抄作业成功，11w装得真不错！
2026-06-27 18:30:20,035 - dy.actions.commenting - INFO - 视频评论: 发送按钮未就绪，重试 1/3
2026-06-27 18:30:24,290 - dy.actions.commenting - INFO - 视频评论: 已点击发送按钮
2026-06-27 18:30:29,055 - dy.actions.commenting - INFO - 视频评论: 点击发送后文本仍在输入框，继续重试
2026-06-27 18:30:29,055 - dy.actions.commenting - INFO - 视频评论: 发送按钮未就绪，重试 2/3
2026-06-27 18:30:33,787 - dy.actions.commenting - INFO - 视频评论: 已点击发送按钮
2026-06-27 18:30:37,757 - dy.actions.commenting - INFO - 视频评论: 点击发送后文本仍在输入框，继续重试
2026-06-27 18:30:37,757 - dy.actions.commenting - INFO - 视频评论: 发送按钮未就绪，重试 3/3
2026-06-27 18:30:38,769 - dy.actions.commenting - INFO - 视频评论: 尝试回车键发送
2026-06-27 18:30:43,339 - dy.actions.commenting - INFO - 检测到评论输入框仍处于打开状态，执行返回关闭
2026-06-27 18:30:45,225 - dy.actions.base_action - INFO - <== 动作执行完成: [PostCommentAction]
2026-06-27 18:30:45,813 - dy.task_runner - INFO - 功能后状态[AI视频评论]: input_or_chat
2026-06-27 18:30:46,443 - dy.task_runner - INFO - 状态检查[AI视频评论-执行后] 第 1/6 次: input_or_chat
2026-06-27 18:30:46,443 - dy.task_runner - INFO - 尝试关闭/返回当前状态[input_or_chat] -> 视频页
2026-06-27 18:30:47,986 - dy.task_runner - INFO - 状态检查[AI视频评论-执行后] 第 2/6 次: input_or_chat
2026-06-27 18:30:47,987 - dy.task_runner - INFO - 尝试关闭/返回当前状态[input_or_chat] -> 视频页
2026-06-27 18:30:49,323 - dy.task_runner - INFO - 状态检查[AI视频评论-执行后] 第 3/6 次: input_or_chat
2026-06-27 18:30:49,324 - dy.task_runner - INFO - 尝试关闭/返回当前状态[input_or_chat] -> 视频页
2026-06-27 18:30:50,865 - dy.task_runner - INFO - 状态检查[AI视频评论-执行后] 第 4/6 次: input_or_chat
2026-06-27 18:30:50,865 - dy.task_runner - INFO - 尝试关闭/返回当前状态[input_or_chat] -> 视频页
2026-06-27 18:30:53,128 - dy.task_runner - INFO - 状态检查[AI视频评论-执行后] 第 5/6 次: video_page
2026-06-27 18:30:54,882 - dy.task_runner - INFO - 功能前状态[评论区截流]: video_page
2026-06-27 18:30:55,735 - dy.task_runner - INFO - 状态检查[评论区截流-执行前] 第 1/6 次: video_page
2026-06-27 18:30:56,449 - dy.task_runner - INFO - 功能前状态[评论区AI截流/楼中楼回复]: video_page
2026-06-27 18:30:57,295 - dy.task_runner - INFO - 状态检查[评论区AI截流/楼中楼回复-执行前] 第 1/6 次: video_page
2026-06-27 18:30:57,295 - dy.main_controller - INFO - 调度器开始装载动作: OpenCommentSectionAction
2026-06-27 18:30:57,295 - dy.anti_detection - INFO - 🛡️ 防风控引擎已初始化
2026-06-27 18:30:57,295 - dy.actions.base_action - INFO - ==> 准备执行动作: [OpenCommentSectionAction]
2026-06-27 18:30:57,690 - dy.actions.commenting - INFO - 正在通过 content-desc 规律寻找主评论区按钮...
2026-06-27 18:30:58,333 - dy.actions.commenting - INFO - 成功锁定评论区入口，当前评论数标识: 评论14，按钮
2026-06-27 18:31:00,154 - dy.actions.base_action - INFO - <== 动作执行完成: [OpenCommentSectionAction]
2026-06-27 18:31:01,179 - dy.task_runner - INFO - 功能中状态[打开评论区后]: video_page
2026-06-27 18:31:01,179 - dy.task_runner - WARNING - 评论区未可靠打开，当前状态: video_page
2026-06-27 18:31:01,889 - dy.task_runner - INFO - 状态检查[评论区AI截流/楼中楼回复-打开失败后] 第 1/6 次: video_page
2026-06-27 18:31:02,942 - dy.task_runner - INFO - 功能后状态[评论区截流]: video_page
2026-06-27 18:31:03,688 - dy.task_runner - INFO - 状态检查[评论区截流-执行后] 第 1/6 次: video_page
2026-06-27 18:31:03,696 - dy.db_manager - INFO - 已连接数据库并校验当日数据表: records_20260627
2026-06-27 18:31:03,696 - dy.task_runner - INFO - 📊 实时数据 -> 视频:44 | 赞:35 | 评:9 | 关:0
2026-06-27 18:31:04,481 - dy.task_runner - INFO - 状态检查[滑动下一个视频前] 第 1/5 次: video_page
2026-06-27 18:31:04,481 - dy.main_controller - INFO - 调度器开始装载动作: SwipeNextVideoAction
2026-06-27 18:31:04,481 - dy.anti_detection - INFO - 🛡️ 防风控引擎已初始化
2026-06-27 18:31:04,481 - dy.actions.base_action - INFO - ==> 准备执行动作: [SwipeNextVideoAction]
2026-06-27 18:31:59,733 - dy.actions.base_action - INFO - <== 动作执行完成: [SwipeNextVideoAction]
2026-06-27 18:31:59,815 - dy.task_runner - INFO - 等待 7.6 秒后处理下一个视频...
2026-06-27 18:32:07,470 - dy.db_manager - INFO - 已连接数据库并校验当日数据表: records_20260627
2026-06-27 18:32:07,471 - dy.task_runner - INFO - 
--- 正在处理第 2/5 个视频 ---
2026-06-27 18:32:08,745 - dy.task_runner - INFO - 状态检查[提取视频信息前] 第 1/4 次: video_page
2026-06-27 18:32:09,247 - dy.task_runner - INFO - 功能前状态[提取视频信息/分享链接]: video_page
2026-06-27 18:32:09,886 - dy.task_runner - INFO - 状态检查[提取视频信息/分享链接-执行前] 第 1/6 次: video_page
2026-06-27 18:32:09,886 - dy.main_controller - INFO - 调度器开始装载动作: GetCurrentVideoLinkAction
2026-06-27 18:32:09,886 - dy.anti_detection - INFO - 🛡️ 防风控引擎已初始化
2026-06-27 18:32:09,886 - dy.actions.base_action - INFO - ==> 准备执行动作: [GetCurrentVideoLinkAction]
2026-06-27 18:32:10,926 - dy.actions.interaction - INFO - 当前视频可见文案兜底: 桌搭神器 随心变风格了[绝][绝][绝] 首评
2026-06-27 18:32:10,927 - dy.actions.interaction - WARNING - 稳定模式未打开分享面板提取链接，使用当前页面文案生成兜底视频标识: dy_visible_432c407525444e62
2026-06-27 18:32:10,927 - dy.actions.base_action - INFO - <== 动作执行完成: [GetCurrentVideoLinkAction]
2026-06-27 18:32:11,927 - dy.task_runner - INFO - 功能后状态[提取视频信息/分享链接]: video_page
2026-06-27 18:32:12,683 - dy.task_runner - INFO - 状态检查[提取视频信息/分享链接-执行后] 第 1/6 次: video_page
2026-06-27 18:32:12,683 - dy.db_manager - INFO - 已连接数据库并校验当日数据表: records_20260627
2026-06-27 18:32:12,685 - dy.task_runner - INFO - 🎬 开始对新视频执行互动...
2026-06-27 18:32:12,685 - dy.task_runner - INFO - 📝 当前视频标题: 桌搭神器 随心变风格了[绝][绝][绝] 首评
2026-06-27 18:32:13,165 - dy.task_runner - INFO - 功能前状态[点赞]: video_page
2026-06-27 18:32:13,939 - dy.task_runner - INFO - 状态检查[点赞-执行前] 第 1/6 次: video_page
2026-06-27 18:32:13,939 - dy.main_controller - INFO - 调度器开始装载动作: DoubleClickLikeAction
2026-06-27 18:32:13,939 - dy.anti_detection - INFO - 🛡️ 防风控引擎已初始化
2026-06-27 18:32:13,939 - dy.actions.base_action - INFO - ==> 准备执行动作: [DoubleClickLikeAction]
2026-06-27 18:32:14,817 - dy.actions.interaction - WARNING - 未在 UI 层级中找到未点赞喜欢按钮，跳过点赞
2026-06-27 18:32:14,817 - dy.actions.base_action - INFO - <== 动作执行完成: [DoubleClickLikeAction]
2026-06-27 18:32:15,797 - dy.task_runner - INFO - 功能后状态[点赞]: video_page
2026-06-27 18:32:16,513 - dy.task_runner - INFO - 状态检查[点赞-执行后] 第 1/6 次: video_page
2026-06-27 18:32:19,123 - dy.task_runner - INFO - 功能前状态[私域获客]: video_page
2026-06-27 18:32:19,847 - dy.task_runner - INFO - 状态检查[私域获客-执行前] 第 1/6 次: video_page
2026-06-27 18:32:19,847 - dy.main_controller - INFO - 调度器开始装载动作: FollowAuthorAction
2026-06-27 18:32:19,847 - dy.anti_detection - INFO - 🛡️ 防风控引擎已初始化
2026-06-27 18:32:19,847 - dy.actions.base_action - INFO - ==> 准备执行动作: [FollowAuthorAction]
2026-06-27 18:33:17,645 - dy.actions.interaction - INFO - 作者粉丝数: 未知
2026-06-27 18:33:19,737 - dy.actions.interaction - INFO - 未找到'关注'按钮，可能已经关注过了
2026-06-27 18:33:19,738 - dy.actions.interaction - INFO - 作者粉丝数(None)未达到私信阈值(1.0)，跳过私信
2026-06-27 18:33:20,107 - dy.actions.interaction - INFO - 尝试返回视频页... (1/2)
2026-06-27 18:33:23,334 - dy.actions.interaction - INFO - 尝试返回视频页... (2/2)
2026-06-27 18:33:25,403 - dy.actions.interaction - WARNING - 未能可靠确认已返回视频页
2026-06-27 18:33:25,403 - dy.actions.base_action - INFO - <== 动作执行完成: [FollowAuthorAction]
2026-06-27 18:33:26,227 - dy.task_runner - INFO - 功能后状态[私域获客]: home_or_search
2026-06-27 18:33:26,870 - dy.task_runner - INFO - 状态检查[私域获客-执行后] 第 1/6 次: home_or_search
2026-06-27 18:33:26,870 - dy.task_runner - INFO - 尝试关闭/返回当前状态[home_or_search] -> 视频页
2026-06-27 18:33:29,062 - dy.task_runner - INFO - 状态检查[私域获客-执行后] 第 2/6 次: video_page
2026-06-27 18:33:32,666 - dy.task_runner - INFO - 功能前状态[AI视频评论]: video_page
2026-06-27 18:33:33,665 - dy.task_runner - INFO - 状态检查[AI视频评论-执行前] 第 1/6 次: video_page
2026-06-27 18:33:37,940 - dy.db_manager - INFO - 已连接数据库并校验当日数据表: records_20260627
2026-06-27 18:33:37,941 - dy.pipeline - INFO - AI 生成回复: 装修和桌搭结合，真有创意！
2026-06-27 18:33:37,942 - dy.main_controller - INFO - 调度器开始装载动作: PostCommentAction
2026-06-27 18:33:37,942 - dy.anti_detection - INFO - 🛡️ 防风控引擎已初始化
2026-06-27 18:33:37,942 - dy.actions.base_action - INFO - ==> 准备执行动作: [PostCommentAction]
2026-06-27 18:33:38,306 - dy.actions.base_action - WARNING - 应用 com.ss.android.ugc.aweme 不在前台，尝试拉起...
2026-06-27 18:33:38,306 - dy.core.app_mgr - INFO - 正在启动应用: com.ss.android.ugc.aweme
2026-06-27 18:33:38,808 - dy.core.app_mgr - INFO - 等待抖音进入前台，超时时间: 8秒
2026-06-27 18:33:39,266 - dy.core.app_mgr - INFO - 等待抖音进入前台，超时时间: 10秒
2026-06-27 18:33:39,796 - dy.actions.commenting - INFO - 准备发布视频评论: 装修和桌搭结合，真有创意！
2026-06-27 18:33:47,742 - dy.db_manager - INFO - 已连接数据库并校验当日数据表: records_20260627
2026-06-27 18:33:47,749 - dy.db_manager - INFO - 已连接数据库并校验当日数据表: records_20260627
2026-06-27 18:33:47,891 - dy.actions.commenting - WARNING - 未找到视频页底部的评论输入框
2026-06-27 18:33:47,891 - dy.actions.base_action - INFO - <== 动作执行完成: [PostCommentAction]
2026-06-27 18:33:48,907 - dy.task_runner - INFO - 功能后状态[AI视频评论]: video_page
2026-06-27 18:33:49,520 - dy.task_runner - INFO - 状态检查[AI视频评论-执行后] 第 1/6 次: video_page
2026-06-27 18:33:51,255 - dy.task_runner - INFO - 功能前状态[评论区截流]: video_page
2026-06-27 18:33:51,889 - dy.task_runner - INFO - 状态检查[评论区截流-执行前] 第 1/6 次: video_page
2026-06-27 18:33:52,320 - dy.task_runner - INFO - 功能前状态[评论区AI截流/楼中楼回复]: video_page
2026-06-27 18:33:53,096 - dy.task_runner - INFO - 状态检查[评论区AI截流/楼中楼回复-执行前] 第 1/6 次: video_page
2026-06-27 18:33:53,096 - dy.main_controller - INFO - 调度器开始装载动作: OpenCommentSectionAction
2026-06-27 18:33:53,096 - dy.anti_detection - INFO - 🛡️ 防风控引擎已初始化
2026-06-27 18:33:53,096 - dy.actions.base_action - INFO - ==> 准备执行动作: [OpenCommentSectionAction]
2026-06-27 18:33:53,519 - dy.actions.commenting - INFO - 正在通过 content-desc 规律寻找主评论区按钮...
2026-06-27 18:33:53,940 - dy.actions.commenting - INFO - 成功锁定评论区入口，当前评论数标识: 评论778，按钮
2026-06-27 18:33:56,777 - dy.actions.base_action - INFO - <== 动作执行完成: [OpenCommentSectionAction]
2026-06-27 18:33:57,608 - dy.task_runner - INFO - 功能中状态[打开评论区后]: home_or_search
2026-06-27 18:33:57,608 - dy.task_runner - WARNING - 评论区未可靠打开，当前状态: home_or_search
2026-06-27 18:33:58,194 - dy.task_runner - INFO - 状态检查[评论区AI截流/楼中楼回复-打开失败后] 第 1/6 次: home_or_search
2026-06-27 18:33:58,194 - dy.task_runner - INFO - 尝试关闭/返回当前状态[home_or_search] -> 视频页
2026-06-27 18:33:59,957 - dy.task_runner - INFO - 状态检查[评论区AI截流/楼中楼回复-打开失败后] 第 2/6 次: video_page
2026-06-27 18:34:00,674 - dy.task_runner - INFO - 功能后状态[评论区截流]: video_page
2026-06-27 18:34:01,430 - dy.task_runner - INFO - 状态检查[评论区截流-执行后] 第 1/6 次: video_page
2026-06-27 18:34:01,430 - dy.db_manager - INFO - 已连接数据库并校验当日数据表: records_20260627
2026-06-27 18:34:01,431 - dy.task_runner - INFO - 📊 实时数据 -> 视频:45 | 赞:35 | 评:9 | 关:0
2026-06-27 18:34:02,134 - dy.task_runner - INFO - 状态检查[滑动下一个视频前] 第 1/5 次: video_page
2026-06-27 18:34:02,134 - dy.main_controller - INFO - 调度器开始装载动作: SwipeNextVideoAction
2026-06-27 18:34:02,134 - dy.anti_detection - INFO - 🛡️ 防风控引擎已初始化
2026-06-27 18:34:02,134 - dy.actions.base_action - INFO - ==> 准备执行动作: [SwipeNextVideoAction]
2026-06-27 18:34:24,061 - dy.actions.base_action - INFO - <== 动作执行完成: [SwipeNextVideoAction]
2026-06-27 18:34:24,140 - dy.task_runner - INFO - 等待 8.0 秒后处理下一个视频...
2026-06-27 18:34:27,991 - dy.db_manager - INFO - 已连接数据库并校验当日数据表: records_20260627
2026-06-27 18:34:27,997 - dy.db_manager - INFO - 已连接数据库并校验当日数据表: records_20260627
2026-06-27 18:34:32,106 - dy.db_manager - INFO - 已连接数据库并校验当日数据表: records_20260627
2026-06-27 18:34:32,106 - dy.task_runner - INFO - 
--- 正在处理第 3/5 个视频 ---
2026-06-27 18:34:33,228 - dy.task_runner - INFO - 收到结束指令，准备退出任务流...
2026-06-27 18:34:38,575 - dy.task_runner - INFO - 状态检查[提取视频信息前] 第 1/4 次: unknown
2026-06-27 18:34:38,575 - dy.task_runner - INFO - 尝试关闭/返回当前状态[unknown] -> 视频页
2026-06-27 18:34:38,657 - dy.task_runner - INFO - 检测到结束指令，中断当前执行！
2026-06-27 18:34:38,657 - dy.task_runner - ERROR - 任务流执行异常: 用户手动结束了任务
2026-06-27 18:34:38,657 - dy.main_controller - INFO - 任务执行完毕，清理资源...
2026-06-27 18:34:38,657 - dy.main_controller - INFO - 资源清理完毕，安全退出。
2026-06-27 18:34:38,657 - root - INFO - <== API: 设备 V4DUT20422013309 任务被手动停止
2026-06-27 19:00:58,794 - root - INFO - 授权码验证通过，客户: test-customer，剩余积分: 179.50300000000024
2026-06-27 19:00:58,795 - root - INFO - ==> API: 开始初始化设备 V4DUT20422013309 的douyin平台任务
2026-06-27 19:00:58,795 - dy.main_controller - INFO - 初始化任务调度中心...
2026-06-27 19:00:58,827 - root - INFO - 当前 ADB 连接设备列表: ['V4DUT20422013309']
2026-06-27 19:00:58,827 - root - INFO - 使用传入的序列号: V4DUT20422013309
2026-06-27 19:00:58,829 - root - INFO - 正在向设备 V4DUT20422013309 挂载 UIAutomator2 引擎...
2026-06-27 19:00:59,024 - root - INFO - 设备 V4DUT20422013309 uiautomator2 引擎挂载成功。
2026-06-27 19:00:59,113 - root - INFO - 心跳检查 - 设备 V4DUT20422013309 屏幕状态: 亮起
2026-06-27 19:00:59,113 - dy.main_controller - INFO - 设备通讯正常，引擎挂载完毕。
2026-06-27 19:00:59,114 - dy.db_manager - INFO - 已连接数据库并校验当日数据表: records_20260627
2026-06-27 19:00:59,114 - dy.anti_detection - INFO - 🛡️ 防风控引擎已初始化
2026-06-27 19:00:59,114 - root - INFO - ==> API: 设备 V4DUT20422013309 已进入运行状态
2026-06-27 19:00:59,115 - dy.task_runner - INFO - === 任务流开始 ===
2026-06-27 19:00:59,115 - dy.db_manager - INFO - 已连接数据库并校验当日数据表: records_20260627
2026-06-27 19:00:59,115 - dy.task_runner - INFO - 📊 今日已处理视频: 45 个 | 点赞: 35 次 | 评论: 9 次 | 关注: 0 人
2026-06-27 19:00:59,115 - dy.main_controller - INFO - 调度中心正在拉起抖音 APP...
2026-06-27 19:00:59,115 - dy.core.app_mgr - INFO - 正在启动应用: com.ss.android.ugc.aweme
2026-06-27 19:00:59,602 - dy.core.app_mgr - INFO - 等待抖音进入前台，超时时间: 8秒
2026-06-27 19:01:00,240 - dy.core.app_mgr - INFO - 等待抖音进入前台，超时时间: 10秒
2026-06-27 19:01:00,615 - dy.main_controller - INFO - 调度器开始装载动作: EnsureHomeAction
2026-06-27 19:01:00,615 - dy.anti_detection - INFO - 🛡️ 防风控引擎已初始化
2026-06-27 19:01:00,616 - dy.actions.base_action - INFO - ==> 准备执行动作: [EnsureHomeAction]
2026-06-27 19:01:23,673 - dy.actions.navigation - INFO - ✅ 抖音首页加载成功
2026-06-27 19:01:24,811 - dy.actions.base_action - INFO - <== 动作执行完成: [EnsureHomeAction]
2026-06-27 19:01:24,811 - dy.main_controller - INFO - 抖音启动完成，准备就绪。
2026-06-27 19:01:25,321 - dy.anti_detection - INFO - 📱 设备指纹: {'android_id': '8750be44adec00a2', 'model': 'CDY-TN90', 'brand': 'HONOR', 'sdk': '29'}
2026-06-27 19:01:25,321 - dy.task_runner - INFO - 🧹 已清理设备自动化痕迹
2026-06-27 19:01:25,421 - dy.task_runner - INFO - 
>>> 开始处理关键词: 装修 <<<
2026-06-27 19:01:25,421 - dy.main_controller - INFO - 调度器开始装载动作: EnterSearchAction
2026-06-27 19:01:25,421 - dy.anti_detection - INFO - 🛡️ 防风控引擎已初始化
2026-06-27 19:01:25,421 - dy.actions.base_action - INFO - ==> 准备执行动作: [EnterSearchAction]
2026-06-27 19:01:25,867 - dy.actions.navigation - INFO - 正在搜索关键词: 装修
2026-06-27 19:01:26,846 - dy.actions.navigation - INFO - 通过 XPath 成功点击搜索按钮
2026-06-27 19:01:36,154 - dy.actions.navigation - INFO - 成功切换到'视频'页签
2026-06-27 19:01:37,377 - dy.actions.base_action - INFO - <== 动作执行完成: [EnterSearchAction]
2026-06-27 19:01:37,377 - dy.main_controller - INFO - 调度器开始装载动作: ApplyFiltersAction
2026-06-27 19:01:37,377 - dy.anti_detection - INFO - 🛡️ 防风控引擎已初始化
2026-06-27 19:01:37,378 - dy.actions.base_action - INFO - ==> 准备执行动作: [ApplyFiltersAction]
2026-06-27 19:01:37,815 - dy.actions.navigation - INFO - >>> 自动化配对成功：模式[latest] -> 点击按钮[最新发布] <<<
2026-06-27 19:01:40,552 - dy.actions.navigation - INFO - 已成功选择排序方式: 最新发布
2026-06-27 19:01:42,327 - dy.actions.navigation - INFO - 已点击选择: 还未看过
2026-06-27 19:01:46,299 - dy.actions.navigation - INFO - 已点击'视频'页签辅助收起面板
2026-06-27 19:01:47,597 - dy.actions.navigation - INFO - --- 工作流切换完全执行：最新发布 ---
2026-06-27 19:01:47,600 - dy.actions.base_action - INFO - <== 动作执行完成: [ApplyFiltersAction]
2026-06-27 19:01:47,600 - dy.main_controller - INFO - 调度器开始装载动作: EnterFirstVideoAction
2026-06-27 19:01:47,600 - dy.anti_detection - INFO - 🛡️ 防风控引擎已初始化
2026-06-27 19:01:47,600 - dy.actions.base_action - INFO - ==> 准备执行动作: [EnterFirstVideoAction]
2026-06-27 19:01:48,061 - dy.actions.navigation - INFO - 正在定位第一个视频...
2026-06-27 19:01:48,357 - dy.actions.navigation - INFO - 识别到视频文案: 5款热门地漏横评！到底哪款值得买？ 一口...
2026-06-27 19:01:50,214 - dy.actions.base_action - INFO - <== 动作执行完成: [EnterFirstVideoAction]
2026-06-27 19:01:53,217 - dy.db_manager - INFO - 已连接数据库并校验当日数据表: records_20260627
2026-06-27 19:01:53,218 - dy.task_runner - INFO - 
--- 正在处理第 1/5 个视频 ---
2026-06-27 19:01:54,678 - dy.task_runner - INFO - 状态检查[提取视频信息前] 第 1/4 次: video_page
2026-06-27 19:01:55,323 - dy.task_runner - INFO - 功能前状态[提取视频信息/分享链接]: video_page
2026-06-27 19:01:56,103 - dy.task_runner - INFO - 状态检查[提取视频信息/分享链接-执行前] 第 1/6 次: video_page
2026-06-27 19:01:56,103 - dy.main_controller - INFO - 调度器开始装载动作: GetCurrentVideoLinkAction
2026-06-27 19:01:56,103 - dy.anti_detection - INFO - 🛡️ 防风控引擎已初始化
2026-06-27 19:01:56,103 - dy.actions.base_action - INFO - ==> 准备执行动作: [GetCurrentVideoLinkAction]
2026-06-27 19:01:57,253 - dy.actions.interaction - INFO - 当前视频可见文案兜底: 5款热门地漏横评！到底哪款值得买？ 一口气测完5款网红地漏，价... 展开
2026-06-27 19:01:57,254 - dy.actions.interaction - WARNING - 稳定模式未打开分享面板提取链接，使用当前页面文案生成兜底视频标识: dy_visible_3a2b0528bddb21a1
2026-06-27 19:01:57,254 - dy.actions.base_action - INFO - <== 动作执行完成: [GetCurrentVideoLinkAction]
2026-06-27 19:01:58,420 - dy.task_runner - INFO - 功能后状态[提取视频信息/分享链接]: video_page
2026-06-27 19:01:59,259 - dy.task_runner - INFO - 状态检查[提取视频信息/分享链接-执行后] 第 1/6 次: video_page
2026-06-27 19:01:59,259 - dy.db_manager - INFO - 已连接数据库并校验当日数据表: records_20260627
2026-06-27 19:01:59,262 - dy.task_runner - INFO - 🎬 开始对新视频执行互动...
2026-06-27 19:01:59,262 - dy.task_runner - INFO - 📝 当前视频标题: 5款热门地漏横评！到底哪款值得买？ 一口气测完5款网红地漏，价... 展开
2026-06-27 19:01:59,827 - dy.task_runner - INFO - 功能前状态[点赞]: video_page
2026-06-27 19:02:00,571 - dy.task_runner - INFO - 状态检查[点赞-执行前] 第 1/6 次: video_page
2026-06-27 19:02:00,571 - dy.main_controller - INFO - 调度器开始装载动作: DoubleClickLikeAction
2026-06-27 19:02:00,571 - dy.anti_detection - INFO - 🛡️ 防风控引擎已初始化
2026-06-27 19:02:00,571 - dy.actions.base_action - INFO - ==> 准备执行动作: [DoubleClickLikeAction]
2026-06-27 19:02:01,616 - dy.actions.interaction - INFO - 已短按右侧喜欢按钮: (989, 1376)
2026-06-27 19:02:01,617 - dy.actions.base_action - INFO - <== 动作执行完成: [DoubleClickLikeAction]
2026-06-27 19:02:01,624 - dy.db_manager - INFO - 已连接数据库并校验当日数据表: records_20260627
2026-06-27 19:02:02,392 - dy.task_runner - INFO - 功能后状态[点赞]: video_page
2026-06-27 19:02:03,317 - dy.task_runner - INFO - 状态检查[点赞-执行后] 第 1/6 次: video_page
2026-06-27 19:02:05,523 - dy.task_runner - INFO - 功能前状态[私域获客]: video_page
2026-06-27 19:02:06,589 - dy.task_runner - INFO - 状态检查[私域获客-执行前] 第 1/6 次: video_page
2026-06-27 19:02:06,589 - dy.main_controller - INFO - 调度器开始装载动作: FollowAuthorAction
2026-06-27 19:02:06,589 - dy.anti_detection - INFO - 🛡️ 防风控引擎已初始化
2026-06-27 19:02:06,589 - dy.actions.base_action - INFO - ==> 准备执行动作: [FollowAuthorAction]
2026-06-27 19:03:06,086 - dy.actions.interaction - INFO - 作者粉丝数: 未知
2026-06-27 19:03:08,286 - dy.actions.interaction - INFO - 未找到'关注'按钮，可能已经关注过了
2026-06-27 19:03:08,286 - dy.actions.interaction - INFO - 作者粉丝数(None)未达到私信阈值(1.0)，跳过私信
2026-06-27 19:03:08,690 - dy.actions.interaction - INFO - 尝试返回视频页... (1/2)
2026-06-27 19:03:11,369 - dy.actions.interaction - INFO - 确认已经回到视频页
2026-06-27 19:03:11,369 - dy.actions.base_action - INFO - <== 动作执行完成: [FollowAuthorAction]
2026-06-27 19:03:12,619 - dy.task_runner - INFO - 功能后状态[私域获客]: video_page
2026-06-27 19:03:13,377 - dy.task_runner - INFO - 状态检查[私域获客-执行后] 第 1/6 次: video_page
2026-06-27 19:03:16,315 - dy.task_runner - INFO - 功能前状态[AI视频评论]: input_or_chat
2026-06-27 19:03:17,219 - dy.task_runner - INFO - 状态检查[AI视频评论-执行前] 第 1/6 次: input_or_chat
2026-06-27 19:03:17,220 - dy.task_runner - INFO - 尝试关闭/返回当前状态[input_or_chat] -> 视频页
2026-06-27 19:03:18,902 - dy.task_runner - INFO - 状态检查[AI视频评论-执行前] 第 2/6 次: video_page
2026-06-27 19:03:22,393 - dy.db_manager - INFO - 已连接数据库并校验当日数据表: records_20260627
2026-06-27 19:03:22,395 - dy.pipeline - INFO - AI 生成回复: 实用测评，装修参考了。
2026-06-27 19:03:22,395 - dy.main_controller - INFO - 调度器开始装载动作: PostCommentAction
2026-06-27 19:03:22,395 - dy.anti_detection - INFO - 🛡️ 防风控引擎已初始化
2026-06-27 19:03:22,395 - dy.actions.base_action - INFO - ==> 准备执行动作: [PostCommentAction]
2026-06-27 19:03:22,748 - dy.actions.commenting - INFO - 准备发布视频评论: 实用测评，装修参考了。
2026-06-27 19:03:30,368 - dy.actions.commenting - INFO - 视频评论: 发送按钮未就绪，重试 1/3
2026-06-27 19:03:34,991 - dy.actions.commenting - INFO - 视频评论: 发送按钮未就绪，重试 2/3
2026-06-27 19:03:39,757 - dy.actions.commenting - INFO - 视频评论: 发送按钮未就绪，重试 3/3
2026-06-27 19:03:40,348 - dy.actions.commenting - INFO - 视频评论: 尝试回车键发送
2026-06-27 19:03:45,286 - dy.actions.commenting - INFO - 检测到评论输入框仍处于打开状态，执行返回关闭
2026-06-27 19:03:47,072 - dy.actions.base_action - INFO - <== 动作执行完成: [PostCommentAction]
2026-06-27 19:03:48,764 - dy.task_runner - INFO - 功能后状态[AI视频评论]: video_page
2026-06-27 19:03:49,657 - dy.task_runner - INFO - 状态检查[AI视频评论-执行后] 第 1/6 次: video_page
2026-06-27 19:03:51,552 - dy.task_runner - INFO - 功能前状态[评论区截流]: video_page
2026-06-27 19:03:52,292 - dy.task_runner - INFO - 状态检查[评论区截流-执行前] 第 1/6 次: video_page
2026-06-27 19:03:52,950 - dy.task_runner - INFO - 功能前状态[评论区AI截流/楼中楼回复]: video_page
2026-06-27 19:03:53,823 - dy.task_runner - INFO - 状态检查[评论区AI截流/楼中楼回复-执行前] 第 1/6 次: video_page
2026-06-27 19:03:53,823 - dy.main_controller - INFO - 调度器开始装载动作: OpenCommentSectionAction
2026-06-27 19:03:53,823 - dy.anti_detection - INFO - 🛡️ 防风控引擎已初始化
2026-06-27 19:03:53,824 - dy.actions.base_action - INFO - ==> 准备执行动作: [OpenCommentSectionAction]
2026-06-27 19:03:54,261 - dy.actions.commenting - INFO - 正在通过 content-desc 规律寻找主评论区按钮...
2026-06-27 19:03:54,951 - dy.actions.commenting - INFO - 成功锁定评论区入口，当前评论数标识: 评论75，按钮
2026-06-27 19:03:56,770 - dy.actions.base_action - INFO - <== 动作执行完成: [OpenCommentSectionAction]
2026-06-27 19:03:57,629 - dy.task_runner - INFO - 功能中状态[打开评论区后]: home_or_search
2026-06-27 19:03:57,629 - dy.task_runner - WARNING - 评论区未可靠打开，当前状态: home_or_search
2026-06-27 19:03:58,367 - dy.task_runner - INFO - 状态检查[评论区AI截流/楼中楼回复-打开失败后] 第 1/6 次: home_or_search
2026-06-27 19:03:58,367 - dy.task_runner - INFO - 尝试关闭/返回当前状态[home_or_search] -> 视频页
2026-06-27 19:04:00,088 - dy.task_runner - INFO - 状态检查[评论区AI截流/楼中楼回复-打开失败后] 第 2/6 次: video_page
2026-06-27 19:04:01,471 - dy.task_runner - INFO - 功能后状态[评论区截流]: video_page
2026-06-27 19:04:02,322 - dy.task_runner - INFO - 状态检查[评论区截流-执行后] 第 1/6 次: video_page
2026-06-27 19:04:02,323 - dy.db_manager - INFO - 已连接数据库并校验当日数据表: records_20260627
2026-06-27 19:04:02,324 - dy.task_runner - INFO - 📊 实时数据 -> 视频:46 | 赞:36 | 评:9 | 关:0
2026-06-27 19:04:03,129 - dy.task_runner - INFO - 状态检查[滑动下一个视频前] 第 1/5 次: video_page
2026-06-27 19:04:03,129 - dy.main_controller - INFO - 调度器开始装载动作: SwipeNextVideoAction
2026-06-27 19:04:03,129 - dy.anti_detection - INFO - 🛡️ 防风控引擎已初始化
2026-06-27 19:04:03,129 - dy.actions.base_action - INFO - ==> 准备执行动作: [SwipeNextVideoAction]
2026-06-27 19:04:58,735 - dy.actions.base_action - INFO - <== 动作执行完成: [SwipeNextVideoAction]
2026-06-27 19:04:58,826 - dy.task_runner - INFO - 等待 6.5 秒后处理下一个视频...
2026-06-27 19:05:05,357 - dy.db_manager - INFO - 已连接数据库并校验当日数据表: records_20260627
2026-06-27 19:05:05,357 - dy.task_runner - INFO - 
--- 正在处理第 2/5 个视频 ---
2026-06-27 19:05:05,537 - dy.task_runner - WARNING - 检测到抖音视频长按菜单，执行返回关闭
2026-06-27 19:05:07,579 - dy.task_runner - INFO - 状态检查[提取视频信息前] 第 1/4 次: video_page
2026-06-27 19:05:08,151 - dy.task_runner - INFO - 功能前状态[提取视频信息/分享链接]: video_page
2026-06-27 19:05:09,067 - dy.task_runner - INFO - 状态检查[提取视频信息/分享链接-执行前] 第 1/6 次: video_page
2026-06-27 19:05:09,067 - dy.main_controller - INFO - 调度器开始装载动作: GetCurrentVideoLinkAction
2026-06-27 19:05:09,068 - dy.anti_detection - INFO - 🛡️ 防风控引擎已初始化
2026-06-27 19:05:09,068 - dy.actions.base_action - INFO - ==> 准备执行动作: [GetCurrentVideoLinkAction]
2026-06-27 19:05:10,436 - dy.actions.interaction - INFO - 当前视频可见文案兜底: 5款热门地漏横评！到底哪款值得买？ 一口气测完5款网红地漏，价... 展开
2026-06-27 19:05:10,436 - dy.actions.interaction - WARNING - 稳定模式未打开分享面板提取链接，使用当前页面文案生成兜底视频标识: dy_visible_3a2b0528bddb21a1
2026-06-27 19:05:10,436 - dy.actions.base_action - INFO - <== 动作执行完成: [GetCurrentVideoLinkAction]
2026-06-27 19:05:11,682 - dy.task_runner - INFO - 功能后状态[提取视频信息/分享链接]: video_page
2026-06-27 19:05:12,782 - dy.task_runner - INFO - 状态检查[提取视频信息/分享链接-执行后] 第 1/6 次: video_page
2026-06-27 19:05:12,783 - dy.task_runner - WARNING - 检测到视频重复 (token一致)，可能已滑到底部
2026-06-27 19:05:12,783 - dy.task_runner - INFO - 结束当前关键词的视频循环
2026-06-27 19:05:12,783 - dy.main_controller - INFO - 调度器开始装载动作: ResetToSearchAction
2026-06-27 19:05:12,783 - dy.anti_detection - INFO - 🛡️ 防风控引擎已初始化
2026-06-27 19:05:12,783 - dy.actions.base_action - INFO - ==> 准备执行动作: [ResetToSearchAction]
2026-06-27 19:05:13,236 - dy.actions.navigation - INFO - 执行 5 次返回以重置到首页状态...
2026-06-27 19:05:20,568 - dy.actions.base_action - INFO - <== 动作执行完成: [ResetToSearchAction]
2026-06-27 19:05:20,568 - dy.task_runner - INFO - 
>>> 开始处理关键词: 二手手机 <<<
2026-06-27 19:05:20,568 - dy.main_controller - INFO - 调度器开始装载动作: EnterSearchAction
2026-06-27 19:05:20,568 - dy.anti_detection - INFO - 🛡️ 防风控引擎已初始化
2026-06-27 19:05:20,568 - dy.actions.base_action - INFO - ==> 准备执行动作: [EnterSearchAction]
2026-06-27 19:05:21,013 - dy.actions.navigation - INFO - 正在搜索关键词: 二手手机
2026-06-27 19:05:22,135 - dy.actions.navigation - INFO - 通过 XPath 成功点击搜索按钮
2026-06-27 19:05:30,949 - dy.actions.navigation - INFO - 成功切换到'视频'页签
2026-06-27 19:05:32,561 - dy.actions.base_action - INFO - <== 动作执行完成: [EnterSearchAction]
2026-06-27 19:05:32,561 - dy.main_controller - INFO - 调度器开始装载动作: ApplyFiltersAction
2026-06-27 19:05:32,561 - dy.anti_detection - INFO - 🛡️ 防风控引擎已初始化
2026-06-27 19:05:32,561 - dy.actions.base_action - INFO - ==> 准备执行动作: [ApplyFiltersAction]
2026-06-27 19:05:32,917 - dy.actions.navigation - INFO - >>> 自动化配对成功：模式[latest] -> 点击按钮[最新发布] <<<
2026-06-27 19:05:36,028 - dy.actions.navigation - INFO - 已成功选择排序方式: 最新发布
2026-06-27 19:05:37,341 - dy.actions.navigation - INFO - 已点击选择: 还未看过
2026-06-27 19:05:42,203 - dy.actions.navigation - INFO - 已点击'视频'页签辅助收起面板
2026-06-27 19:05:44,062 - dy.actions.navigation - INFO - --- 工作流切换完全执行：最新发布 ---
2026-06-27 19:05:44,064 - dy.actions.base_action - INFO - <== 动作执行完成: [ApplyFiltersAction]
2026-06-27 19:05:44,064 - dy.main_controller - INFO - 调度器开始装载动作: EnterFirstVideoAction
2026-06-27 19:05:44,064 - dy.anti_detection - INFO - 🛡️ 防风控引擎已初始化
2026-06-27 19:05:44,064 - dy.actions.base_action - INFO - ==> 准备执行动作: [EnterFirstVideoAction]
2026-06-27 19:05:44,446 - dy.actions.navigation - INFO - 正在定位第一个视频...
2026-06-27 19:05:44,707 - dy.actions.navigation - INFO - 识别到视频文案: 三星手机真的遥遥领先？ #三星超薄折叠屏...
2026-06-27 19:05:45,733 - dy.actions.base_action - INFO - <== 动作执行完成: [EnterFirstVideoAction]
2026-06-27 19:05:48,736 - dy.db_manager - INFO - 已连接数据库并校验当日数据表: records_20260627
2026-06-27 19:05:48,736 - dy.task_runner - INFO - 
--- 正在处理第 1/5 个视频 ---
2026-06-27 19:05:50,192 - dy.task_runner - INFO - 状态检查[提取视频信息前] 第 1/4 次: video_page
2026-06-27 19:05:50,737 - dy.task_runner - INFO - 功能前状态[提取视频信息/分享链接]: video_page
2026-06-27 19:05:51,560 - dy.task_runner - INFO - 状态检查[提取视频信息/分享链接-执行前] 第 1/6 次: video_page
2026-06-27 19:05:51,560 - dy.main_controller - INFO - 调度器开始装载动作: GetCurrentVideoLinkAction
2026-06-27 19:05:51,560 - dy.anti_detection - INFO - 🛡️ 防风控引擎已初始化
2026-06-27 19:05:51,560 - dy.actions.base_action - INFO - ==> 准备执行动作: [GetCurrentVideoLinkAction]
2026-06-27 19:05:52,822 - dy.actions.interaction - INFO - 当前视频可见文案兜底: 三星手机真的遥遥领先？ #三星超薄折叠屏 #折叠屏性价比 #徐沟
2026-06-27 19:05:52,822 - dy.actions.interaction - WARNING - 稳定模式未打开分享面板提取链接，使用当前页面文案生成兜底视频标识: dy_visible_2fdd393aa3b69f6a
2026-06-27 19:05:52,822 - dy.actions.base_action - INFO - <== 动作执行完成: [GetCurrentVideoLinkAction]
2026-06-27 19:05:53,922 - dy.task_runner - INFO - 功能后状态[提取视频信息/分享链接]: video_page
2026-06-27 19:05:54,704 - dy.task_runner - INFO - 状态检查[提取视频信息/分享链接-执行后] 第 1/6 次: video_page
2026-06-27 19:05:54,706 - dy.db_manager - INFO - 已连接数据库并校验当日数据表: records_20260627
2026-06-27 19:05:54,707 - dy.task_runner - INFO - 🎬 开始对新视频执行互动...
2026-06-27 19:05:54,708 - dy.task_runner - INFO - 📝 当前视频标题: 三星手机真的遥遥领先？ #三星超薄折叠屏 #折叠屏性价比 #徐沟
2026-06-27 19:05:55,357 - dy.task_runner - INFO - 功能前状态[点赞]: video_page
2026-06-27 19:05:56,062 - dy.task_runner - INFO - 状态检查[点赞-执行前] 第 1/6 次: video_page
2026-06-27 19:05:56,062 - dy.main_controller - INFO - 调度器开始装载动作: DoubleClickLikeAction
2026-06-27 19:05:56,062 - dy.anti_detection - INFO - 🛡️ 防风控引擎已初始化
2026-06-27 19:05:56,062 - dy.actions.base_action - INFO - ==> 准备执行动作: [DoubleClickLikeAction]
2026-06-27 19:05:57,261 - dy.actions.interaction - INFO - 已短按右侧喜欢按钮: (990, 1377)
2026-06-27 19:05:57,261 - dy.actions.base_action - INFO - <== 动作执行完成: [DoubleClickLikeAction]
2026-06-27 19:05:57,268 - dy.db_manager - INFO - 已连接数据库并校验当日数据表: records_20260627
2026-06-27 19:05:58,059 - dy.task_runner - INFO - 功能后状态[点赞]: video_page
2026-06-27 19:05:59,139 - dy.task_runner - INFO - 状态检查[点赞-执行后] 第 1/6 次: video_page
2026-06-27 19:06:01,004 - dy.task_runner - INFO - 功能前状态[私域获客]: video_page
2026-06-27 19:06:01,807 - dy.task_runner - INFO - 状态检查[私域获客-执行前] 第 1/6 次: video_page
2026-06-27 19:06:01,808 - dy.main_controller - INFO - 调度器开始装载动作: FollowAuthorAction
2026-06-27 19:06:01,808 - dy.anti_detection - INFO - 🛡️ 防风控引擎已初始化
2026-06-27 19:06:01,808 - dy.actions.base_action - INFO - ==> 准备执行动作: [FollowAuthorAction]
2026-06-27 19:07:00,690 - dy.actions.interaction - INFO - 作者粉丝数: 未知
2026-06-27 19:07:02,846 - dy.actions.interaction - INFO - 未找到'关注'按钮，可能已经关注过了
2026-06-27 19:07:02,847 - dy.actions.interaction - INFO - 作者粉丝数(None)未达到私信阈值(1.0)，跳过私信
2026-06-27 19:07:03,284 - dy.actions.interaction - INFO - 尝试返回视频页... (1/2)
2026-06-27 19:07:06,243 - dy.actions.interaction - INFO - 确认已经回到视频页
2026-06-27 19:07:06,243 - dy.actions.base_action - INFO - <== 动作执行完成: [FollowAuthorAction]
2026-06-27 19:07:07,377 - dy.task_runner - INFO - 功能后状态[私域获客]: video_page
2026-06-27 19:07:08,213 - dy.task_runner - INFO - 状态检查[私域获客-执行后] 第 1/6 次: video_page
2026-06-27 19:07:09,757 - dy.task_runner - INFO - 功能前状态[AI视频评论]: video_page
2026-06-27 19:07:10,623 - dy.task_runner - INFO - 状态检查[AI视频评论-执行前] 第 1/6 次: video_page
2026-06-27 19:07:14,321 - dy.db_manager - INFO - 已连接数据库并校验当日数据表: records_20260627
2026-06-27 19:07:14,322 - dy.pipeline - INFO - AI 生成回复: 二手三星折叠屏性价比真高！
2026-06-27 19:07:14,322 - dy.main_controller - INFO - 调度器开始装载动作: PostCommentAction
2026-06-27 19:07:14,322 - dy.anti_detection - INFO - 🛡️ 防风控引擎已初始化
2026-06-27 19:07:14,322 - dy.actions.base_action - INFO - ==> 准备执行动作: [PostCommentAction]
2026-06-27 19:07:14,801 - dy.actions.commenting - INFO - 准备发布视频评论: 二手三星折叠屏性价比真高！
2026-06-27 19:07:22,182 - dy.actions.commenting - INFO - 视频评论: 发送按钮未就绪，重试 1/3
2026-06-27 19:07:27,501 - dy.actions.commenting - INFO - 视频评论: 发送按钮未就绪，重试 2/3
2026-06-27 19:07:32,596 - dy.actions.commenting - INFO - 视频评论: 发送按钮未就绪，重试 3/3
2026-06-27 19:07:33,724 - dy.actions.commenting - INFO - 视频评论: 尝试回车键发送
2026-06-27 19:07:38,672 - dy.actions.commenting - INFO - 检测到评论输入框仍处于打开状态，执行返回关闭
2026-06-27 19:07:40,304 - dy.actions.base_action - INFO - <== 动作执行完成: [PostCommentAction]
2026-06-27 19:07:41,508 - dy.task_runner - INFO - 功能后状态[AI视频评论]: video_page
2026-06-27 19:07:42,381 - dy.task_runner - INFO - 状态检查[AI视频评论-执行后] 第 1/6 次: video_page
2026-06-27 19:07:45,113 - dy.task_runner - INFO - 功能前状态[评论区截流]: video_page
2026-06-27 19:07:45,986 - dy.task_runner - INFO - 状态检查[评论区截流-执行前] 第 1/6 次: video_page
2026-06-27 19:07:46,414 - dy.task_runner - INFO - 功能前状态[评论区AI截流/楼中楼回复]: video_page
2026-06-27 19:07:47,129 - dy.task_runner - INFO - 状态检查[评论区AI截流/楼中楼回复-执行前] 第 1/6 次: video_page
2026-06-27 19:07:47,129 - dy.main_controller - INFO - 调度器开始装载动作: OpenCommentSectionAction
2026-06-27 19:07:47,129 - dy.anti_detection - INFO - 🛡️ 防风控引擎已初始化
2026-06-27 19:07:47,129 - dy.actions.base_action - INFO - ==> 准备执行动作: [OpenCommentSectionAction]
2026-06-27 19:07:47,558 - dy.actions.commenting - INFO - 正在通过 content-desc 规律寻找主评论区按钮...
2026-06-27 19:07:48,196 - dy.actions.commenting - INFO - 成功锁定评论区入口，当前评论数标识: 评论3，按钮
2026-06-27 19:07:50,551 - dy.actions.base_action - INFO - <== 动作执行完成: [OpenCommentSectionAction]
2026-06-27 19:07:51,382 - dy.task_runner - INFO - 功能中状态[打开评论区后]: comment_panel
2026-06-27 19:07:51,383 - dy.main_controller - INFO - 调度器开始装载动作: ProcessCommentSectionAction
2026-06-27 19:07:51,383 - dy.anti_detection - INFO - 🛡️ 防风控引擎已初始化
2026-06-27 19:07:51,383 - dy.actions.base_action - INFO - ==> 准备执行动作: [ProcessCommentSectionAction]
2026-06-27 19:07:51,841 - dy.actions.commenting - INFO - 开始处理评论区内容...
2026-06-27 19:07:51,841 - dy.actions.commenting - INFO - 正在解析当前屏幕可见评论...
2026-06-27 19:08:31,029 - dy.actions.commenting - INFO - AI 已识别评论 11/20 条
2026-06-27 19:08:31,829 - dy.actions.commenting - INFO - 已滑到底部，没有更多评论
2026-06-27 19:08:31,829 - dy.actions.commenting - INFO - 评论区处理完毕，关闭面板
2026-06-27 19:08:32,328 - dy.actions.commenting - INFO - 检测到评论输入框仍处于打开状态，执行返回关闭
2026-06-27 19:08:35,229 - dy.actions.commenting - INFO - 确认评论区面板已关闭
2026-06-27 19:08:35,229 - dy.actions.base_action - INFO - <== 动作执行完成: [ProcessCommentSectionAction]
2026-06-27 19:08:35,727 - dy.task_runner - INFO - 功能后状态[评论区AI截流/楼中楼回复]: video_page
2026-06-27 19:08:36,422 - dy.task_runner - INFO - 状态检查[评论区AI截流/楼中楼回复-执行后] 第 1/6 次: video_page
2026-06-27 19:08:37,808 - dy.task_runner - INFO - 功能后状态[评论区截流]: video_page
2026-06-27 19:08:38,684 - dy.task_runner - INFO - 状态检查[评论区截流-执行后] 第 1/6 次: video_page
2026-06-27 19:08:38,687 - dy.db_manager - INFO - 已连接数据库并校验当日数据表: records_20260627
2026-06-27 19:08:38,688 - dy.task_runner - INFO - 📊 实时数据 -> 视频:47 | 赞:37 | 评:9 | 关:0
2026-06-27 19:08:39,352 - dy.task_runner - INFO - 状态检查[滑动下一个视频前] 第 1/5 次: video_page
2026-06-27 19:08:39,352 - dy.main_controller - INFO - 调度器开始装载动作: SwipeNextVideoAction
2026-06-27 19:08:39,352 - dy.anti_detection - INFO - 🛡️ 防风控引擎已初始化
2026-06-27 19:08:39,352 - dy.actions.base_action - INFO - ==> 准备执行动作: [SwipeNextVideoAction]
2026-06-27 19:09:34,991 - dy.actions.base_action - INFO - <== 动作执行完成: [SwipeNextVideoAction]
2026-06-27 19:09:35,084 - dy.task_runner - INFO - 等待 5.8 秒后处理下一个视频...
2026-06-27 19:09:40,860 - dy.db_manager - INFO - 已连接数据库并校验当日数据表: records_20260627
2026-06-27 19:09:40,860 - dy.task_runner - INFO - 
--- 正在处理第 2/5 个视频 ---
2026-06-27 19:09:41,080 - dy.task_runner - WARNING - 检测到抖音视频长按菜单，执行返回关闭
2026-06-27 19:09:43,139 - dy.task_runner - INFO - 状态检查[提取视频信息前] 第 1/4 次: video_page
2026-06-27 19:09:43,790 - dy.task_runner - INFO - 功能前状态[提取视频信息/分享链接]: video_page
2026-06-27 19:09:44,662 - dy.task_runner - INFO - 状态检查[提取视频信息/分享链接-执行前] 第 1/6 次: video_page
2026-06-27 19:09:44,662 - dy.main_controller - INFO - 调度器开始装载动作: GetCurrentVideoLinkAction
2026-06-27 19:09:44,662 - dy.anti_detection - INFO - 🛡️ 防风控引擎已初始化
2026-06-27 19:09:44,662 - dy.actions.base_action - INFO - ==> 准备执行动作: [GetCurrentVideoLinkAction]
2026-06-27 19:09:45,923 - dy.actions.interaction - INFO - 当前视频可见文案兜底: 三星手机真的遥遥领先？ #三星超薄折叠屏 #折叠屏性价比 #徐沟
2026-06-27 19:09:45,923 - dy.actions.interaction - WARNING - 稳定模式未打开分享面板提取链接，使用当前页面文案生成兜底视频标识: dy_visible_2fdd393aa3b69f6a
2026-06-27 19:09:45,923 - dy.actions.base_action - INFO - <== 动作执行完成: [GetCurrentVideoLinkAction]
2026-06-27 19:09:47,098 - dy.task_runner - INFO - 功能后状态[提取视频信息/分享链接]: video_page
2026-06-27 19:09:47,997 - dy.task_runner - INFO - 状态检查[提取视频信息/分享链接-执行后] 第 1/6 次: video_page
2026-06-27 19:09:47,997 - dy.task_runner - WARNING - 检测到视频重复 (token一致)，可能已滑到底部
2026-06-27 19:09:47,997 - dy.task_runner - INFO - 结束当前关键词的视频循环
2026-06-27 19:09:47,997 - dy.main_controller - INFO - 调度器开始装载动作: ResetToSearchAction
2026-06-27 19:09:47,997 - dy.anti_detection - INFO - 🛡️ 防风控引擎已初始化
2026-06-27 19:09:47,998 - dy.actions.base_action - INFO - ==> 准备执行动作: [ResetToSearchAction]
2026-06-27 19:09:48,375 - dy.actions.navigation - INFO - 执行 5 次返回以重置到首页状态...
2026-06-27 19:09:55,925 - dy.actions.base_action - INFO - <== 动作执行完成: [ResetToSearchAction]
2026-06-27 19:09:55,925 - dy.task_runner - INFO - 
>>> 开始处理关键词: 二手车 <<<
2026-06-27 19:09:55,925 - dy.main_controller - INFO - 调度器开始装载动作: EnterSearchAction
2026-06-27 19:09:55,925 - dy.anti_detection - INFO - 🛡️ 防风控引擎已初始化
2026-06-27 19:09:55,925 - dy.actions.base_action - INFO - ==> 准备执行动作: [EnterSearchAction]
2026-06-27 19:09:56,359 - dy.actions.navigation - INFO - 正在搜索关键词: 二手车
2026-06-27 19:09:57,416 - dy.actions.navigation - INFO - 通过 XPath 成功点击搜索按钮
2026-06-27 19:10:06,650 - dy.actions.navigation - INFO - 成功切换到'视频'页签
2026-06-27 19:10:07,586 - dy.actions.base_action - INFO - <== 动作执行完成: [EnterSearchAction]
2026-06-27 19:10:07,586 - dy.main_controller - INFO - 调度器开始装载动作: ApplyFiltersAction
2026-06-27 19:10:07,586 - dy.anti_detection - INFO - 🛡️ 防风控引擎已初始化
2026-06-27 19:10:07,586 - dy.actions.base_action - INFO - ==> 准备执行动作: [ApplyFiltersAction]
2026-06-27 19:10:08,029 - dy.actions.navigation - INFO - >>> 自动化配对成功：模式[latest] -> 点击按钮[最新发布] <<<
2026-06-27 19:10:11,510 - dy.actions.navigation - INFO - 已成功选择排序方式: 最新发布
2026-06-27 19:10:13,124 - dy.actions.navigation - INFO - 已点击选择: 还未看过
2026-06-27 19:10:17,667 - dy.actions.navigation - INFO - 已点击'视频'页签辅助收起面板
2026-06-27 19:10:19,515 - dy.actions.navigation - INFO - --- 工作流切换完全执行：最新发布 ---
2026-06-27 19:10:19,518 - dy.actions.base_action - INFO - <== 动作执行完成: [ApplyFiltersAction]
2026-06-27 19:10:19,518 - dy.main_controller - INFO - 调度器开始装载动作: EnterFirstVideoAction
2026-06-27 19:10:19,518 - dy.anti_detection - INFO - 🛡️ 防风控引擎已初始化
2026-06-27 19:10:19,518 - dy.actions.base_action - INFO - ==> 准备执行动作: [EnterFirstVideoAction]
2026-06-27 19:10:19,863 - dy.actions.navigation - INFO - 正在定位第一个视频...
2026-06-27 19:10:20,143 - dy.actions.navigation - INFO - 识别到视频文案: 2025年吉利帝豪 车况好 支持检测 手...
2026-06-27 19:10:21,385 - dy.actions.base_action - INFO - <== 动作执行完成: [EnterFirstVideoAction]
2026-06-27 19:10:24,390 - dy.db_manager - INFO - 已连接数据库并校验当日数据表: records_20260627
2026-06-27 19:10:24,391 - dy.task_runner - INFO - 
--- 正在处理第 1/5 个视频 ---
2026-06-27 19:10:25,779 - dy.task_runner - INFO - 状态检查[提取视频信息前] 第 1/4 次: video_page
2026-06-27 19:10:26,298 - dy.task_runner - INFO - 功能前状态[提取视频信息/分享链接]: video_page
2026-06-27 19:10:27,065 - dy.task_runner - INFO - 状态检查[提取视频信息/分享链接-执行前] 第 1/6 次: video_page
2026-06-27 19:10:27,065 - dy.main_controller - INFO - 调度器开始装载动作: GetCurrentVideoLinkAction
2026-06-27 19:10:27,066 - dy.anti_detection - INFO - 🛡️ 防风控引擎已初始化
2026-06-27 19:10:27,066 - dy.actions.base_action - INFO - ==> 准备执行动作: [GetCurrentVideoLinkAction]
2026-06-27 19:10:28,264 - dy.actions.interaction - INFO - 当前视频可见文案兜底: 2025年吉利帝豪 车况好 支持检测 手续齐全 随时试驾#吉利帝豪 #... 展开
2026-06-27 19:10:28,265 - dy.actions.interaction - WARNING - 稳定模式未打开分享面板提取链接，使用当前页面文案生成兜底视频标识: dy_visible_743db121857225ef
2026-06-27 19:10:28,265 - dy.actions.base_action - INFO - <== 动作执行完成: [GetCurrentVideoLinkAction]
2026-06-27 19:10:29,301 - dy.task_runner - INFO - 功能后状态[提取视频信息/分享链接]: video_page
2026-06-27 19:10:30,123 - dy.task_runner - INFO - 状态检查[提取视频信息/分享链接-执行后] 第 1/6 次: video_page
2026-06-27 19:10:30,124 - dy.db_manager - INFO - 已连接数据库并校验当日数据表: records_20260627
2026-06-27 19:10:30,126 - dy.task_runner - INFO - 🎬 开始对新视频执行互动...
2026-06-27 19:10:30,126 - dy.task_runner - INFO - 📝 当前视频标题: 2025年吉利帝豪 车况好 支持检测 手续齐全 随时试驾#吉利帝豪 #... 展开
2026-06-27 19:10:30,685 - dy.task_runner - INFO - 功能前状态[点赞]: video_page
2026-06-27 19:10:31,360 - dy.task_runner - INFO - 状态检查[点赞-执行前] 第 1/6 次: video_page
2026-06-27 19:10:31,360 - dy.main_controller - INFO - 调度器开始装载动作: DoubleClickLikeAction
2026-06-27 19:10:31,360 - dy.anti_detection - INFO - 🛡️ 防风控引擎已初始化
2026-06-27 19:10:31,360 - dy.actions.base_action - INFO - ==> 准备执行动作: [DoubleClickLikeAction]
2026-06-27 19:10:32,523 - dy.actions.interaction - INFO - 已短按右侧喜欢按钮: (990, 1377)
2026-06-27 19:10:32,524 - dy.actions.base_action - INFO - <== 动作执行完成: [DoubleClickLikeAction]
2026-06-27 19:10:32,531 - dy.db_manager - INFO - 已连接数据库并校验当日数据表: records_20260627
2026-06-27 19:10:33,253 - dy.task_runner - INFO - 功能后状态[点赞]: video_page
2026-06-27 19:10:33,958 - dy.task_runner - INFO - 状态检查[点赞-执行后] 第 1/6 次: video_page
2026-06-27 19:10:36,122 - dy.task_runner - INFO - 功能前状态[私域获客]: video_page
2026-06-27 19:10:36,919 - dy.task_runner - INFO - 状态检查[私域获客-执行前] 第 1/6 次: video_page
2026-06-27 19:10:36,919 - dy.main_controller - INFO - 调度器开始装载动作: FollowAuthorAction
2026-06-27 19:10:36,919 - dy.anti_detection - INFO - 🛡️ 防风控引擎已初始化
2026-06-27 19:10:36,919 - dy.actions.base_action - INFO - ==> 准备执行动作: [FollowAuthorAction]
2026-06-27 19:11:35,023 - dy.actions.interaction - INFO - 作者粉丝数: 未知
2026-06-27 19:11:37,113 - dy.actions.interaction - INFO - 未找到'关注'按钮，可能已经关注过了
2026-06-27 19:11:37,113 - dy.actions.interaction - INFO - 作者粉丝数(None)未达到私信阈值(1.0)，跳过私信
2026-06-27 19:11:37,476 - dy.actions.interaction - INFO - 尝试返回视频页... (1/2)
2026-06-27 19:11:40,476 - dy.actions.interaction - INFO - 确认已经回到视频页
2026-06-27 19:11:40,477 - dy.actions.base_action - INFO - <== 动作执行完成: [FollowAuthorAction]
2026-06-27 19:11:41,807 - dy.task_runner - INFO - 功能后状态[私域获客]: video_page
2026-06-27 19:11:42,594 - dy.task_runner - INFO - 状态检查[私域获客-执行后] 第 1/6 次: video_page
2026-06-27 19:11:44,225 - dy.task_runner - INFO - 功能前状态[AI视频评论]: video_page
2026-06-27 19:11:45,101 - dy.task_runner - INFO - 状态检查[AI视频评论-执行前] 第 1/6 次: video_page
2026-06-27 19:11:48,820 - dy.db_manager - INFO - 已连接数据库并校验当日数据表: records_20260627
2026-06-27 19:11:48,822 - dy.pipeline - INFO - AI 生成回复: 这车看着挺新，值得看看。
2026-06-27 19:11:48,822 - dy.main_controller - INFO - 调度器开始装载动作: PostCommentAction
2026-06-27 19:11:48,822 - dy.anti_detection - INFO - 🛡️ 防风控引擎已初始化
2026-06-27 19:11:48,822 - dy.actions.base_action - INFO - ==> 准备执行动作: [PostCommentAction]
2026-06-27 19:11:49,204 - dy.actions.commenting - INFO - 准备发布视频评论: 这车看着挺新，值得看看。
2026-06-27 19:11:56,063 - dy.actions.commenting - INFO - 视频评论: 发送按钮未就绪，重试 1/3
2026-06-27 19:12:00,542 - dy.actions.commenting - INFO - 视频评论: 发送按钮未就绪，重试 2/3
2026-06-27 19:12:05,013 - dy.actions.commenting - INFO - 视频评论: 发送按钮未就绪，重试 3/3
2026-06-27 19:12:05,660 - dy.actions.commenting - INFO - 视频评论: 尝试回车键发送
2026-06-27 19:12:10,884 - dy.actions.commenting - INFO - 检测到评论输入框仍处于打开状态，执行返回关闭
2026-06-27 19:12:12,484 - dy.actions.base_action - INFO - <== 动作执行完成: [PostCommentAction]
2026-06-27 19:12:13,650 - dy.task_runner - INFO - 功能后状态[AI视频评论]: video_page
2026-06-27 19:12:14,525 - dy.task_runner - INFO - 状态检查[AI视频评论-执行后] 第 1/6 次: video_page
2026-06-27 19:12:16,557 - dy.task_runner - INFO - 功能前状态[评论区截流]: video_page
2026-06-27 19:12:17,400 - dy.task_runner - INFO - 状态检查[评论区截流-执行前] 第 1/6 次: video_page
2026-06-27 19:12:17,966 - dy.task_runner - INFO - 功能前状态[评论区AI截流/楼中楼回复]: video_page
2026-06-27 19:12:18,565 - dy.task_runner - INFO - 状态检查[评论区AI截流/楼中楼回复-执行前] 第 1/6 次: video_page
2026-06-27 19:12:18,565 - dy.main_controller - INFO - 调度器开始装载动作: OpenCommentSectionAction
2026-06-27 19:12:18,565 - dy.anti_detection - INFO - 🛡️ 防风控引擎已初始化
2026-06-27 19:12:18,565 - dy.actions.base_action - INFO - ==> 准备执行动作: [OpenCommentSectionAction]
2026-06-27 19:12:19,004 - dy.actions.commenting - INFO - 正在通过 content-desc 规律寻找主评论区按钮...
2026-06-27 19:12:19,626 - dy.actions.commenting - INFO - 成功锁定评论区入口，当前评论数标识: 评论19，按钮
2026-06-27 19:12:21,658 - dy.actions.base_action - INFO - <== 动作执行完成: [OpenCommentSectionAction]
2026-06-27 19:12:22,501 - dy.task_runner - INFO - 功能中状态[打开评论区后]: home_or_search
2026-06-27 19:12:22,501 - dy.task_runner - WARNING - 评论区未可靠打开，当前状态: home_or_search
2026-06-27 19:12:23,196 - dy.task_runner - INFO - 状态检查[评论区AI截流/楼中楼回复-打开失败后] 第 1/6 次: home_or_search
2026-06-27 19:12:23,196 - dy.task_runner - INFO - 尝试关闭/返回当前状态[home_or_search] -> 视频页
2026-06-27 19:12:25,067 - dy.task_runner - INFO - 状态检查[评论区AI截流/楼中楼回复-打开失败后] 第 2/6 次: video_page
2026-06-27 19:12:26,633 - dy.task_runner - INFO - 功能后状态[评论区截流]: video_page
2026-06-27 19:12:27,535 - dy.task_runner - INFO - 状态检查[评论区截流-执行后] 第 1/6 次: video_page
2026-06-27 19:12:27,537 - dy.db_manager - INFO - 已连接数据库并校验当日数据表: records_20260627
2026-06-27 19:12:27,538 - dy.task_runner - INFO - 📊 实时数据 -> 视频:48 | 赞:38 | 评:9 | 关:0
2026-06-27 19:12:28,521 - dy.task_runner - INFO - 状态检查[滑动下一个视频前] 第 1/5 次: video_page
2026-06-27 19:12:28,521 - dy.anti_detection - INFO - 模拟行为: 快速划过视频
2026-06-27 19:12:29,582 - dy.task_runner - INFO - 等待 6.5 秒后处理下一个视频...
2026-06-27 19:12:36,044 - dy.db_manager - INFO - 已连接数据库并校验当日数据表: records_20260627
2026-06-27 19:12:36,044 - dy.task_runner - INFO - 
--- 正在处理第 2/5 个视频 ---
2026-06-27 19:12:38,165 - dy.task_runner - INFO - 状态检查[提取视频信息前] 第 1/4 次: video_page
2026-06-27 19:12:39,017 - dy.task_runner - INFO - 功能前状态[提取视频信息/分享链接]: video_page
2026-06-27 19:12:40,037 - dy.task_runner - INFO - 状态检查[提取视频信息/分享链接-执行前] 第 1/6 次: video_page
2026-06-27 19:12:40,037 - dy.main_controller - INFO - 调度器开始装载动作: GetCurrentVideoLinkAction
2026-06-27 19:12:40,037 - dy.anti_detection - INFO - 🛡️ 防风控引擎已初始化
2026-06-27 19:12:40,037 - dy.actions.base_action - INFO - ==> 准备执行动作: [GetCurrentVideoLinkAction]
2026-06-27 19:12:41,502 - dy.actions.interaction - INFO - 当前视频可见文案兜底: 买二手车，选择我们的车子，带一点点小瑕疵，便宜好几万块钱，性... 展开
2026-06-27 19:12:41,503 - dy.actions.interaction - WARNING - 稳定模式未打开分享面板提取链接，使用当前页面文案生成兜底视频标识: dy_visible_d3161be12180ff38
2026-06-27 19:12:41,503 - dy.actions.base_action - INFO - <== 动作执行完成: [GetCurrentVideoLinkAction]
2026-06-27 19:12:43,261 - dy.task_runner - INFO - 功能后状态[提取视频信息/分享链接]: video_page
2026-06-27 19:12:44,268 - dy.task_runner - INFO - 状态检查[提取视频信息/分享链接-执行后] 第 1/6 次: video_page
2026-06-27 19:12:44,269 - dy.db_manager - INFO - 已连接数据库并校验当日数据表: records_20260627
2026-06-27 19:12:44,272 - dy.task_runner - INFO - 🎬 开始对新视频执行互动...
2026-06-27 19:12:44,272 - dy.task_runner - INFO - 📝 当前视频标题: 买二手车，选择我们的车子，带一点点小瑕疵，便宜好几万块钱，性... 展开
2026-06-27 19:12:45,260 - dy.task_runner - INFO - 功能前状态[点赞]: video_page
2026-06-27 19:12:46,449 - dy.task_runner - INFO - 状态检查[点赞-执行前] 第 1/6 次: video_page
2026-06-27 19:12:46,450 - dy.main_controller - INFO - 调度器开始装载动作: DoubleClickLikeAction
2026-06-27 19:12:46,450 - dy.anti_detection - INFO - 🛡️ 防风控引擎已初始化
2026-06-27 19:12:46,450 - dy.actions.base_action - INFO - ==> 准备执行动作: [DoubleClickLikeAction]
2026-06-27 19:12:47,858 - dy.actions.interaction - INFO - 已短按右侧喜欢按钮: (990, 1377)
2026-06-27 19:12:47,858 - dy.actions.base_action - INFO - <== 动作执行完成: [DoubleClickLikeAction]
2026-06-27 19:12:47,859 - dy.db_manager - INFO - 已连接数据库并校验当日数据表: records_20260627
2026-06-27 19:12:49,105 - dy.task_runner - INFO - 功能后状态[点赞]: video_page
2026-06-27 19:12:50,318 - dy.task_runner - INFO - 状态检查[点赞-执行后] 第 1/6 次: video_page
2026-06-27 19:12:53,259 - dy.task_runner - INFO - 功能前状态[私域获客]: video_page
2026-06-27 19:12:54,497 - dy.task_runner - INFO - 状态检查[私域获客-执行前] 第 1/6 次: video_page
2026-06-27 19:12:54,497 - dy.main_controller - INFO - 调度器开始装载动作: FollowAuthorAction
2026-06-27 19:12:54,497 - dy.anti_detection - INFO - 🛡️ 防风控引擎已初始化
2026-06-27 19:12:54,497 - dy.actions.base_action - INFO - ==> 准备执行动作: [FollowAuthorAction]
2026-06-27 19:13:52,611 - dy.actions.interaction - INFO - 作者粉丝数: 未知
2026-06-27 19:13:54,765 - dy.actions.interaction - INFO - 未找到'关注'按钮，可能已经关注过了
2026-06-27 19:13:54,766 - dy.actions.interaction - INFO - 作者粉丝数(None)未达到私信阈值(1.0)，跳过私信
2026-06-27 19:13:55,189 - dy.actions.interaction - INFO - 尝试返回视频页... (1/2)
2026-06-27 19:14:00,017 - dy.actions.interaction - INFO - 确认已经回到视频页
2026-06-27 19:14:00,017 - dy.actions.base_action - INFO - <== 动作执行完成: [FollowAuthorAction]
2026-06-27 19:14:01,701 - dy.task_runner - INFO - 功能后状态[私域获客]: video_page
2026-06-27 19:14:02,827 - dy.task_runner - INFO - 状态检查[私域获客-执行后] 第 1/6 次: video_page
2026-06-27 19:14:05,188 - dy.task_runner - INFO - 功能前状态[AI视频评论]: video_page
2026-06-27 19:14:06,335 - dy.task_runner - INFO - 状态检查[AI视频评论-执行前] 第 1/6 次: video_page
2026-06-27 19:14:09,975 - dy.db_manager - INFO - 已连接数据库并校验当日数据表: records_20260627
2026-06-27 19:14:09,976 - dy.pipeline - INFO - AI 生成回复: 小瑕疵换大优惠，划算！
2026-06-27 19:14:09,976 - dy.main_controller - INFO - 调度器开始装载动作: PostCommentAction
2026-06-27 19:14:09,976 - dy.anti_detection - INFO - 🛡️ 防风控引擎已初始化
2026-06-27 19:14:09,976 - dy.actions.base_action - INFO - ==> 准备执行动作: [PostCommentAction]
2026-06-27 19:14:10,413 - dy.actions.commenting - INFO - 准备发布视频评论: 小瑕疵换大优惠，划算！
2026-06-27 19:14:19,101 - dy.actions.commenting - INFO - 视频评论: 发送按钮未就绪，重试 1/3
2026-06-27 19:14:24,146 - dy.actions.commenting - INFO - 视频评论: 发送按钮未就绪，重试 2/3
2026-06-27 19:14:29,200 - dy.actions.commenting - INFO - 视频评论: 发送按钮未就绪，重试 3/3
2026-06-27 19:14:30,238 - dy.actions.commenting - INFO - 视频评论: 尝试回车键发送
2026-06-27 19:14:36,212 - dy.actions.commenting - INFO - 检测到评论输入框仍处于打开状态，执行返回关闭
2026-06-27 19:14:38,467 - dy.actions.base_action - INFO - <== 动作执行完成: [PostCommentAction]
2026-06-27 19:14:40,337 - dy.task_runner - INFO - 功能后状态[AI视频评论]: video_page
2026-06-27 19:14:41,428 - dy.task_runner - INFO - 状态检查[AI视频评论-执行后] 第 1/6 次: video_page
2026-06-27 19:14:44,531 - dy.task_runner - INFO - 功能前状态[评论区截流]: video_page
2026-06-27 19:14:45,747 - dy.task_runner - INFO - 状态检查[评论区截流-执行前] 第 1/6 次: video_page
2026-06-27 19:14:46,613 - dy.task_runner - INFO - 功能前状态[评论区AI截流/楼中楼回复]: video_page
2026-06-27 19:14:47,826 - dy.task_runner - INFO - 状态检查[评论区AI截流/楼中楼回复-执行前] 第 1/6 次: video_page
2026-06-27 19:14:47,826 - dy.main_controller - INFO - 调度器开始装载动作: OpenCommentSectionAction
2026-06-27 19:14:47,826 - dy.anti_detection - INFO - 🛡️ 防风控引擎已初始化
2026-06-27 19:14:47,826 - dy.actions.base_action - INFO - ==> 准备执行动作: [OpenCommentSectionAction]
2026-06-27 19:14:48,247 - dy.actions.commenting - INFO - 正在通过 content-desc 规律寻找主评论区按钮...
2026-06-27 19:14:49,311 - dy.actions.commenting - INFO - 成功锁定评论区入口，当前评论数标识: 评论5，按钮
2026-06-27 19:14:51,829 - dy.actions.base_action - INFO - <== 动作执行完成: [OpenCommentSectionAction]
2026-06-27 19:14:52,890 - dy.task_runner - INFO - 功能中状态[打开评论区后]: comment_panel
2026-06-27 19:14:52,890 - dy.main_controller - INFO - 调度器开始装载动作: ProcessCommentSectionAction
2026-06-27 19:14:52,890 - dy.anti_detection - INFO - 🛡️ 防风控引擎已初始化
2026-06-27 19:14:52,890 - dy.actions.base_action - INFO - ==> 准备执行动作: [ProcessCommentSectionAction]
2026-06-27 19:14:53,333 - dy.actions.commenting - INFO - 开始处理评论区内容...
2026-06-27 19:14:53,334 - dy.actions.commenting - INFO - 正在解析当前屏幕可见评论...
2026-06-27 19:15:55,944 - dy.actions.commenting - INFO - AI 已识别评论 19/20 条
2026-06-27 19:15:57,082 - dy.actions.commenting - INFO - 已滑到底部，没有更多评论
2026-06-27 19:15:57,082 - dy.actions.commenting - INFO - 评论区处理完毕，关闭面板
2026-06-27 19:15:57,546 - dy.actions.commenting - INFO - 检测到评论输入框仍处于打开状态，执行返回关闭
2026-06-27 19:16:01,348 - dy.actions.commenting - INFO - 确认评论区面板已关闭
2026-06-27 19:16:01,348 - dy.actions.base_action - INFO - <== 动作执行完成: [ProcessCommentSectionAction]
2026-06-27 19:16:02,213 - dy.task_runner - INFO - 功能后状态[评论区AI截流/楼中楼回复]: video_page
2026-06-27 19:16:03,285 - dy.task_runner - INFO - 状态检查[评论区AI截流/楼中楼回复-执行后] 第 1/6 次: video_page
2026-06-27 19:16:05,033 - dy.task_runner - INFO - 功能后状态[评论区截流]: video_page
2026-06-27 19:16:06,118 - dy.task_runner - INFO - 状态检查[评论区截流-执行后] 第 1/6 次: video_page
2026-06-27 19:16:06,120 - dy.db_manager - INFO - 已连接数据库并校验当日数据表: records_20260627
2026-06-27 19:16:06,120 - dy.task_runner - INFO - 📊 实时数据 -> 视频:49 | 赞:39 | 评:9 | 关:0
2026-06-27 19:16:07,047 - dy.task_runner - INFO - 状态检查[滑动下一个视频前] 第 1/5 次: video_page
2026-06-27 19:16:07,047 - dy.main_controller - INFO - 调度器开始装载动作: SwipeNextVideoAction
2026-06-27 19:16:07,047 - dy.anti_detection - INFO - 🛡️ 防风控引擎已初始化
2026-06-27 19:16:07,047 - dy.actions.base_action - INFO - ==> 准备执行动作: [SwipeNextVideoAction]
2026-06-27 19:16:12,837 - dy.actions.base_action - INFO - <== 动作执行完成: [SwipeNextVideoAction]
2026-06-27 19:16:12,923 - dy.task_runner - INFO - 等待 5.8 秒后处理下一个视频...
2026-06-27 19:16:18,747 - dy.db_manager - INFO - 已连接数据库并校验当日数据表: records_20260627
2026-06-27 19:16:18,748 - dy.task_runner - INFO - 
--- 正在处理第 3/5 个视频 ---
2026-06-27 19:16:21,103 - dy.task_runner - INFO - 状态检查[提取视频信息前] 第 1/4 次: video_page
2026-06-27 19:16:22,156 - dy.task_runner - INFO - 功能前状态[提取视频信息/分享链接]: video_page
2026-06-27 19:16:23,479 - dy.task_runner - INFO - 状态检查[提取视频信息/分享链接-执行前] 第 1/6 次: video_page
2026-06-27 19:16:23,480 - dy.main_controller - INFO - 调度器开始装载动作: GetCurrentVideoLinkAction
2026-06-27 19:16:23,480 - dy.anti_detection - INFO - 🛡️ 防风控引擎已初始化
2026-06-27 19:16:23,480 - dy.actions.base_action - INFO - ==> 准备执行动作: [GetCurrentVideoLinkAction]
2026-06-27 19:16:25,262 - dy.actions.interaction - INFO - 当前视频可见文案兜底: 买二手车，选择我们的车子，带一点点小瑕疵，便宜好几万块钱，性... 展开
2026-06-27 19:16:25,263 - dy.actions.interaction - WARNING - 稳定模式未打开分享面板提取链接，使用当前页面文案生成兜底视频标识: dy_visible_d3161be12180ff38
2026-06-27 19:16:25,263 - dy.actions.base_action - INFO - <== 动作执行完成: [GetCurrentVideoLinkAction]
2026-06-27 19:16:27,314 - dy.task_runner - INFO - 功能后状态[提取视频信息/分享链接]: video_page
2026-06-27 19:16:28,684 - dy.task_runner - INFO - 状态检查[提取视频信息/分享链接-执行后] 第 1/6 次: video_page
2026-06-27 19:16:28,684 - dy.task_runner - WARNING - 检测到视频重复 (token一致)，可能已滑到底部
2026-06-27 19:16:28,684 - dy.task_runner - INFO - 结束当前关键词的视频循环
2026-06-27 19:16:28,684 - dy.main_controller - INFO - 调度器开始装载动作: ResetToSearchAction
2026-06-27 19:16:28,684 - dy.anti_detection - INFO - 🛡️ 防风控引擎已初始化
2026-06-27 19:16:28,684 - dy.actions.base_action - INFO - ==> 准备执行动作: [ResetToSearchAction]
2026-06-27 19:16:29,082 - dy.actions.navigation - INFO - 执行 5 次返回以重置到首页状态...
2026-06-27 19:16:37,318 - dy.actions.base_action - INFO - <== 动作执行完成: [ResetToSearchAction]
2026-06-27 19:16:37,318 - dy.task_runner - INFO - 
>>> 开始处理关键词: 卖衣服 <<<
2026-06-27 19:16:37,318 - dy.main_controller - INFO - 调度器开始装载动作: EnterSearchAction
2026-06-27 19:16:37,319 - dy.anti_detection - INFO - 🛡️ 防风控引擎已初始化
2026-06-27 19:16:37,319 - dy.actions.base_action - INFO - ==> 准备执行动作: [EnterSearchAction]
2026-06-27 19:16:37,748 - dy.actions.navigation - INFO - 正在搜索关键词: 卖衣服
2026-06-27 19:16:38,701 - dy.actions.navigation - INFO - 通过 XPath 成功点击搜索按钮
2026-06-27 19:16:47,234 - dy.actions.navigation - INFO - 成功切换到'视频'页签
2026-06-27 19:16:48,466 - dy.actions.base_action - INFO - <== 动作执行完成: [EnterSearchAction]
2026-06-27 19:16:48,466 - dy.main_controller - INFO - 调度器开始装载动作: ApplyFiltersAction
2026-06-27 19:16:48,466 - dy.anti_detection - INFO - 🛡️ 防风控引擎已初始化
2026-06-27 19:16:48,466 - dy.actions.base_action - INFO - ==> 准备执行动作: [ApplyFiltersAction]
2026-06-27 19:16:48,854 - dy.actions.navigation - INFO - >>> 自动化配对成功：模式[latest] -> 点击按钮[最新发布] <<<
2026-06-27 19:16:52,197 - dy.actions.navigation - INFO - 已成功选择排序方式: 最新发布
2026-06-27 19:16:53,390 - dy.actions.navigation - INFO - 已点击选择: 还未看过
2026-06-27 19:16:56,764 - dy.actions.navigation - INFO - 已点击'视频'页签辅助收起面板
2026-06-27 19:16:58,843 - dy.actions.navigation - INFO - --- 工作流切换完全执行：最新发布 ---
2026-06-27 19:16:58,846 - dy.actions.base_action - INFO - <== 动作执行完成: [ApplyFiltersAction]
2026-06-27 19:16:58,846 - dy.main_controller - INFO - 调度器开始装载动作: EnterFirstVideoAction
2026-06-27 19:16:58,846 - dy.anti_detection - INFO - 🛡️ 防风控引擎已初始化
2026-06-27 19:16:58,846 - dy.actions.base_action - INFO - ==> 准备执行动作: [EnterFirstVideoAction]
2026-06-27 19:16:59,246 - dy.actions.navigation - INFO - 正在定位第一个视频...
2026-06-27 19:16:59,575 - dy.actions.navigation - INFO - 识别到视频文案: 155小个子这样穿 直接增高10公分 #...
2026-06-27 19:17:01,677 - dy.actions.base_action - INFO - <== 动作执行完成: [EnterFirstVideoAction]
2026-06-27 19:17:04,683 - dy.db_manager - INFO - 已连接数据库并校验当日数据表: records_20260627
2026-06-27 19:17:04,684 - dy.task_runner - INFO - 
--- 正在处理第 1/5 个视频 ---
2026-06-27 19:17:06,178 - dy.task_runner - INFO - 状态检查[提取视频信息前] 第 1/4 次: video_page
2026-06-27 19:17:06,774 - dy.task_runner - INFO - 功能前状态[提取视频信息/分享链接]: video_page
2026-06-27 19:17:07,472 - dy.task_runner - INFO - 状态检查[提取视频信息/分享链接-执行前] 第 1/6 次: video_page
2026-06-27 19:17:07,472 - dy.main_controller - INFO - 调度器开始装载动作: GetCurrentVideoLinkAction
2026-06-27 19:17:07,472 - dy.anti_detection - INFO - 🛡️ 防风控引擎已初始化
2026-06-27 19:17:07,472 - dy.actions.base_action - INFO - ==> 准备执行动作: [GetCurrentVideoLinkAction]
2026-06-27 19:17:08,632 - dy.actions.interaction - INFO - 当前视频可见文案兜底: 155小个子这样穿 直接增高10公分
#服装店日常#分享穿搭#流量... 展开
2026-06-27 19:17:08,633 - dy.actions.interaction - WARNING - 稳定模式未打开分享面板提取链接，使用当前页面文案生成兜底视频标识: dy_visible_249b1e12916194db
2026-06-27 19:17:08,633 - dy.actions.base_action - INFO - <== 动作执行完成: [GetCurrentVideoLinkAction]
2026-06-27 19:17:09,605 - dy.task_runner - INFO - 功能后状态[提取视频信息/分享链接]: video_page
2026-06-27 19:17:10,319 - dy.task_runner - INFO - 状态检查[提取视频信息/分享链接-执行后] 第 1/6 次: video_page
2026-06-27 19:17:10,320 - dy.db_manager - INFO - 已连接数据库并校验当日数据表: records_20260627
2026-06-27 19:17:10,322 - dy.task_runner - INFO - 🎬 开始对新视频执行互动...
2026-06-27 19:17:10,322 - dy.task_runner - INFO - 📝 当前视频标题: 155小个子这样穿 直接增高10公分
2026-06-27 19:17:10,865 - dy.task_runner - INFO - 功能前状态[点赞]: video_page
2026-06-27 19:17:11,685 - dy.task_runner - INFO - 状态检查[点赞-执行前] 第 1/6 次: video_page
2026-06-27 19:17:11,685 - dy.main_controller - INFO - 调度器开始装载动作: DoubleClickLikeAction
2026-06-27 19:17:11,685 - dy.anti_detection - INFO - 🛡️ 防风控引擎已初始化
2026-06-27 19:17:11,685 - dy.actions.base_action - INFO - ==> 准备执行动作: [DoubleClickLikeAction]
2026-06-27 19:17:12,728 - dy.actions.interaction - INFO - 已短按右侧喜欢按钮: (990, 1377)
2026-06-27 19:17:12,728 - dy.actions.base_action - INFO - <== 动作执行完成: [DoubleClickLikeAction]
2026-06-27 19:17:12,728 - dy.db_manager - INFO - 已连接数据库并校验当日数据表: records_20260627
2026-06-27 19:17:13,548 - dy.task_runner - INFO - 功能后状态[点赞]: video_page
2026-06-27 19:17:14,459 - dy.task_runner - INFO - 状态检查[点赞-执行后] 第 1/6 次: video_page
2026-06-27 19:17:16,553 - dy.task_runner - INFO - 功能前状态[私域获客]: video_page
2026-06-27 19:17:17,353 - dy.task_runner - INFO - 状态检查[私域获客-执行前] 第 1/6 次: video_page
2026-06-27 19:17:17,353 - dy.main_controller - INFO - 调度器开始装载动作: FollowAuthorAction
2026-06-27 19:17:17,353 - dy.anti_detection - INFO - 🛡️ 防风控引擎已初始化
2026-06-27 19:17:17,353 - dy.actions.base_action - INFO - ==> 准备执行动作: [FollowAuthorAction]
2026-06-27 19:18:15,079 - dy.actions.interaction - INFO - 作者粉丝数: 未知
2026-06-27 19:18:17,164 - dy.actions.interaction - INFO - 未找到'关注'按钮，可能已经关注过了
2026-06-27 19:18:17,164 - dy.actions.interaction - INFO - 作者粉丝数(None)未达到私信阈值(1.0)，跳过私信
2026-06-27 19:18:17,583 - dy.actions.interaction - INFO - 尝试返回视频页... (1/2)
2026-06-27 19:18:20,500 - dy.actions.interaction - INFO - 确认已经回到视频页
2026-06-27 19:18:20,500 - dy.actions.base_action - INFO - <== 动作执行完成: [FollowAuthorAction]
2026-06-27 19:18:21,545 - dy.task_runner - INFO - 功能后状态[私域获客]: video_page
2026-06-27 19:18:22,315 - dy.task_runner - INFO - 状态检查[私域获客-执行后] 第 1/6 次: video_page
2026-06-27 19:18:24,614 - dy.task_runner - INFO - 功能前状态[AI视频评论]: video_page
2026-06-27 19:18:25,349 - dy.task_runner - INFO - 状态检查[AI视频评论-执行前] 第 1/6 次: video_page
2026-06-27 19:18:29,682 - dy.db_manager - INFO - 已连接数据库并校验当日数据表: records_20260627
2026-06-27 19:18:29,684 - dy.pipeline - INFO - AI 生成回复: 这也太显高了吧！
2026-06-27 19:18:29,684 - dy.main_controller - INFO - 调度器开始装载动作: PostCommentAction
2026-06-27 19:18:29,684 - dy.anti_detection - INFO - 🛡️ 防风控引擎已初始化
2026-06-27 19:18:29,684 - dy.actions.base_action - INFO - ==> 准备执行动作: [PostCommentAction]
2026-06-27 19:18:30,127 - dy.actions.commenting - INFO - 准备发布视频评论: 这也太显高了吧！
2026-06-27 19:18:36,970 - dy.actions.commenting - INFO - 视频评论: 发送按钮未就绪，重试 1/3
2026-06-27 19:18:41,463 - dy.actions.commenting - INFO - 视频评论: 发送按钮未就绪，重试 2/3
2026-06-27 19:18:46,380 - dy.actions.commenting - INFO - 视频评论: 发送按钮未就绪，重试 3/3
2026-06-27 19:18:47,552 - dy.actions.commenting - INFO - 视频评论: 尝试回车键发送
2026-06-27 19:18:52,022 - dy.actions.commenting - INFO - 检测到评论输入框仍处于打开状态，执行返回关闭
2026-06-27 19:18:53,714 - dy.actions.base_action - INFO - <== 动作执行完成: [PostCommentAction]
2026-06-27 19:18:54,833 - dy.task_runner - INFO - 功能后状态[AI视频评论]: video_page
2026-06-27 19:18:55,593 - dy.task_runner - INFO - 状态检查[AI视频评论-执行后] 第 1/6 次: video_page
2026-06-27 19:18:58,156 - dy.task_runner - INFO - 功能前状态[评论区截流]: video_page
2026-06-27 19:18:58,960 - dy.task_runner - INFO - 状态检查[评论区截流-执行前] 第 1/6 次: video_page
2026-06-27 19:18:59,551 - dy.task_runner - INFO - 功能前状态[评论区AI截流/楼中楼回复]: video_page
2026-06-27 19:19:00,358 - dy.task_runner - INFO - 状态检查[评论区AI截流/楼中楼回复-执行前] 第 1/6 次: video_page
2026-06-27 19:19:00,358 - dy.main_controller - INFO - 调度器开始装载动作: OpenCommentSectionAction
2026-06-27 19:19:00,358 - dy.anti_detection - INFO - 🛡️ 防风控引擎已初始化
2026-06-27 19:19:00,358 - dy.actions.base_action - INFO - ==> 准备执行动作: [OpenCommentSectionAction]
2026-06-27 19:19:00,779 - dy.actions.commenting - INFO - 正在通过 content-desc 规律寻找主评论区按钮...
2026-06-27 19:19:01,300 - dy.actions.commenting - INFO - 当前视频可能为 0 评论
2026-06-27 19:19:03,842 - dy.actions.base_action - INFO - <== 动作执行完成: [OpenCommentSectionAction]
2026-06-27 19:19:04,696 - dy.task_runner - INFO - 功能中状态[打开评论区后]: input_or_chat
2026-06-27 19:19:04,696 - dy.main_controller - INFO - 调度器开始装载动作: ProcessCommentSectionAction
2026-06-27 19:19:04,696 - dy.anti_detection - INFO - 🛡️ 防风控引擎已初始化
2026-06-27 19:19:04,696 - dy.actions.base_action - INFO - ==> 准备执行动作: [ProcessCommentSectionAction]
2026-06-27 19:19:05,136 - dy.actions.commenting - INFO - 开始处理评论区内容...
2026-06-27 19:19:05,137 - dy.actions.commenting - INFO - 正在解析当前屏幕可见评论...
2026-06-27 19:19:23,019 - dy.actions.commenting - INFO - AI 已识别评论 5/20 条
2026-06-27 19:20:22,474 - dy.actions.commenting - INFO - 正在解析当前屏幕可见评论...
2026-06-27 19:20:26,200 - dy.actions.commenting - INFO - AI 已识别评论 6/20 条
2026-06-27 19:21:24,330 - dy.actions.commenting - INFO - 评论区处理完毕，关闭面板
2026-06-27 19:21:24,783 - dy.actions.commenting - INFO - 检测到评论输入框仍处于打开状态，执行返回关闭
2026-06-27 19:21:27,330 - dy.actions.commenting - INFO - 确认评论区面板已关闭
2026-06-27 19:21:27,330 - dy.actions.base_action - INFO - <== 动作执行完成: [ProcessCommentSectionAction]
2026-06-27 19:21:27,792 - dy.task_runner - INFO - 功能后状态[评论区AI截流/楼中楼回复]: input_or_chat
2026-06-27 19:21:28,487 - dy.task_runner - INFO - 状态检查[评论区AI截流/楼中楼回复-执行后] 第 1/6 次: input_or_chat
2026-06-27 19:21:28,487 - dy.task_runner - INFO - 尝试关闭/返回当前状态[input_or_chat] -> 视频页
2026-06-27 19:21:30,209 - dy.task_runner - INFO - 状态检查[评论区AI截流/楼中楼回复-执行后] 第 2/6 次: home_or_search
2026-06-27 19:21:30,209 - dy.task_runner - INFO - 尝试关闭/返回当前状态[home_or_search] -> 视频页
2026-06-27 19:21:32,045 - dy.task_runner - INFO - 状态检查[评论区AI截流/楼中楼回复-执行后] 第 3/6 次: video_page
2026-06-27 19:21:33,253 - dy.task_runner - INFO - 功能后状态[评论区截流]: video_page
2026-06-27 19:21:33,900 - dy.task_runner - INFO - 状态检查[评论区截流-执行后] 第 1/6 次: video_page
2026-06-27 19:21:33,901 - dy.db_manager - INFO - 已连接数据库并校验当日数据表: records_20260627
2026-06-27 19:21:33,902 - dy.task_runner - INFO - 📊 实时数据 -> 视频:50 | 赞:40 | 评:9 | 关:0
2026-06-27 19:21:34,656 - dy.task_runner - INFO - 状态检查[滑动下一个视频前] 第 1/5 次: video_page
2026-06-27 19:21:34,656 - dy.main_controller - INFO - 调度器开始装载动作: SwipeNextVideoAction
2026-06-27 19:21:34,656 - dy.anti_detection - INFO - 🛡️ 防风控引擎已初始化
2026-06-27 19:21:34,656 - dy.actions.base_action - INFO - ==> 准备执行动作: [SwipeNextVideoAction]
2026-06-27 19:22:29,858 - dy.actions.base_action - INFO - <== 动作执行完成: [SwipeNextVideoAction]
2026-06-27 19:22:29,945 - dy.task_runner - INFO - 等待 7.9 秒后处理下一个视频...
2026-06-27 19:22:37,834 - dy.db_manager - INFO - 已连接数据库并校验当日数据表: records_20260627
2026-06-27 19:22:37,835 - dy.task_runner - INFO - 
--- 正在处理第 2/5 个视频 ---
2026-06-27 19:22:38,017 - dy.task_runner - WARNING - 检测到抖音视频长按菜单，执行返回关闭
2026-06-27 19:22:39,845 - dy.task_runner - INFO - 状态检查[提取视频信息前] 第 1/4 次: video_page
2026-06-27 19:22:40,358 - dy.task_runner - INFO - 功能前状态[提取视频信息/分享链接]: video_page
2026-06-27 19:22:41,090 - dy.task_runner - INFO - 状态检查[提取视频信息/分享链接-执行前] 第 1/6 次: video_page
2026-06-27 19:22:41,090 - dy.main_controller - INFO - 调度器开始装载动作: GetCurrentVideoLinkAction
2026-06-27 19:22:41,090 - dy.anti_detection - INFO - 🛡️ 防风控引擎已初始化
2026-06-27 19:22:41,090 - dy.actions.base_action - INFO - ==> 准备执行动作: [GetCurrentVideoLinkAction]
2026-06-27 19:22:42,150 - dy.actions.interaction - INFO - 当前视频可见文案兜底: 155小个子这样穿 直接增高10公分
#服装店日常#分享穿搭#流量... 展开
2026-06-27 19:22:42,151 - dy.actions.interaction - WARNING - 稳定模式未打开分享面板提取链接，使用当前页面文案生成兜底视频标识: dy_visible_249b1e12916194db
2026-06-27 19:22:42,151 - dy.actions.base_action - INFO - <== 动作执行完成: [GetCurrentVideoLinkAction]
2026-06-27 19:22:43,049 - dy.task_runner - INFO - 功能后状态[提取视频信息/分享链接]: video_page
2026-06-27 19:22:43,779 - dy.task_runner - INFO - 状态检查[提取视频信息/分享链接-执行后] 第 1/6 次: video_page
2026-06-27 19:22:43,779 - dy.task_runner - WARNING - 检测到视频重复 (token一致)，可能已滑到底部
2026-06-27 19:22:43,779 - dy.task_runner - INFO - 结束当前关键词的视频循环
2026-06-27 19:22:43,779 - dy.main_controller - INFO - 调度器开始装载动作: ResetToSearchAction
2026-06-27 19:22:43,779 - dy.anti_detection - INFO - 🛡️ 防风控引擎已初始化
2026-06-27 19:22:43,780 - dy.actions.base_action - INFO - ==> 准备执行动作: [ResetToSearchAction]
2026-06-27 19:22:44,173 - dy.actions.navigation - INFO - 执行 5 次返回以重置到首页状态...
2026-06-27 19:22:52,778 - dy.actions.base_action - INFO - <== 动作执行完成: [ResetToSearchAction]
2026-06-27 19:22:52,778 - dy.task_runner - INFO - 
>>> 开始处理关键词: 手机壳 <<<
2026-06-27 19:22:52,778 - dy.main_controller - INFO - 调度器开始装载动作: EnterSearchAction
2026-06-27 19:22:52,778 - dy.anti_detection - INFO - 🛡️ 防风控引擎已初始化
2026-06-27 19:22:52,778 - dy.actions.base_action - INFO - ==> 准备执行动作: [EnterSearchAction]
2026-06-27 19:22:53,209 - dy.actions.navigation - INFO - 正在搜索关键词: 手机壳
2026-06-27 19:22:54,101 - dy.actions.navigation - INFO - 通过 XPath 成功点击搜索按钮
2026-06-27 19:23:02,212 - dy.actions.navigation - INFO - 成功切换到'视频'页签
2026-06-27 19:23:04,022 - dy.actions.base_action - INFO - <== 动作执行完成: [EnterSearchAction]
2026-06-27 19:23:04,022 - dy.main_controller - INFO - 调度器开始装载动作: ApplyFiltersAction
2026-06-27 19:23:04,022 - dy.anti_detection - INFO - 🛡️ 防风控引擎已初始化
2026-06-27 19:23:04,022 - dy.actions.base_action - INFO - ==> 准备执行动作: [ApplyFiltersAction]
2026-06-27 19:23:04,447 - dy.actions.navigation - INFO - >>> 自动化配对成功：模式[latest] -> 点击按钮[最新发布] <<<
2026-06-27 19:23:07,737 - dy.actions.navigation - INFO - 已成功选择排序方式: 最新发布
2026-06-27 19:23:09,314 - dy.actions.navigation - INFO - 已点击选择: 还未看过
2026-06-27 19:23:12,584 - dy.actions.navigation - INFO - 已点击'视频'页签辅助收起面板
2026-06-27 19:23:13,780 - dy.actions.navigation - INFO - --- 工作流切换完全执行：最新发布 ---
2026-06-27 19:23:13,782 - dy.actions.base_action - INFO - <== 动作执行完成: [ApplyFiltersAction]
2026-06-27 19:23:13,782 - dy.main_controller - INFO - 调度器开始装载动作: EnterFirstVideoAction
2026-06-27 19:23:13,782 - dy.anti_detection - INFO - 🛡️ 防风控引擎已初始化
2026-06-27 19:23:13,782 - dy.actions.base_action - INFO - ==> 准备执行动作: [EnterFirstVideoAction]
2026-06-27 19:23:14,169 - dy.actions.navigation - INFO - 正在定位第一个视频...
2026-06-27 19:23:14,389 - dy.actions.navigation - INFO - 识别到视频文案: 买到一个很有安全感的手机壳#玩个很新的东...
2026-06-27 19:23:15,434 - dy.actions.base_action - INFO - <== 动作执行完成: [EnterFirstVideoAction]
2026-06-27 19:23:18,438 - dy.db_manager - INFO - 已连接数据库并校验当日数据表: records_20260627
2026-06-27 19:23:18,439 - dy.task_runner - INFO - 
--- 正在处理第 1/5 个视频 ---
2026-06-27 19:23:19,954 - dy.task_runner - INFO - 状态检查[提取视频信息前] 第 1/4 次: video_page
2026-06-27 19:23:20,560 - dy.task_runner - INFO - 功能前状态[提取视频信息/分享链接]: video_page
2026-06-27 19:23:21,563 - dy.task_runner - INFO - 状态检查[提取视频信息/分享链接-执行前] 第 1/6 次: video_page
2026-06-27 19:23:21,564 - dy.main_controller - INFO - 调度器开始装载动作: GetCurrentVideoLinkAction
2026-06-27 19:23:21,564 - dy.anti_detection - INFO - 🛡️ 防风控引擎已初始化
2026-06-27 19:23:21,564 - dy.actions.base_action - INFO - ==> 准备执行动作: [GetCurrentVideoLinkAction]
2026-06-27 19:23:22,740 - dy.actions.interaction - INFO - 当前视频可见文案兜底: 买到一个很有安全感的手机壳#玩个很新的东西 #手机壳
2026-06-27 19:23:22,741 - dy.actions.interaction - WARNING - 稳定模式未打开分享面板提取链接，使用当前页面文案生成兜底视频标识: dy_visible_33447c856e599a66
2026-06-27 19:23:22,741 - dy.actions.base_action - INFO - <== 动作执行完成: [GetCurrentVideoLinkAction]
2026-06-27 19:23:23,996 - dy.task_runner - INFO - 功能后状态[提取视频信息/分享链接]: video_page
2026-06-27 19:23:24,928 - dy.task_runner - INFO - 状态检查[提取视频信息/分享链接-执行后] 第 1/6 次: video_page
2026-06-27 19:23:24,929 - dy.db_manager - INFO - 已连接数据库并校验当日数据表: records_20260627
2026-06-27 19:23:24,931 - dy.task_runner - INFO - 🎬 开始对新视频执行互动...
2026-06-27 19:23:24,931 - dy.task_runner - INFO - 📝 当前视频标题: 买到一个很有安全感的手机壳#玩个很新的东西 #手机壳
2026-06-27 19:23:25,666 - dy.task_runner - INFO - 功能前状态[点赞]: video_page
2026-06-27 19:23:26,561 - dy.task_runner - INFO - 状态检查[点赞-执行前] 第 1/6 次: video_page
2026-06-27 19:23:26,561 - dy.main_controller - INFO - 调度器开始装载动作: DoubleClickLikeAction
2026-06-27 19:23:26,562 - dy.anti_detection - INFO - 🛡️ 防风控引擎已初始化
2026-06-27 19:23:26,562 - dy.actions.base_action - INFO - ==> 准备执行动作: [DoubleClickLikeAction]
2026-06-27 19:23:27,738 - dy.actions.interaction - INFO - 已短按右侧喜欢按钮: (990, 1377)
2026-06-27 19:23:27,738 - dy.actions.base_action - INFO - <== 动作执行完成: [DoubleClickLikeAction]
2026-06-27 19:23:27,745 - dy.db_manager - INFO - 已连接数据库并校验当日数据表: records_20260627
2026-06-27 19:23:28,390 - dy.task_runner - INFO - 功能后状态[点赞]: video_page
2026-06-27 19:23:29,367 - dy.task_runner - INFO - 状态检查[点赞-执行后] 第 1/6 次: video_page
2026-06-27 19:23:31,125 - dy.task_runner - INFO - 功能前状态[私域获客]: video_page
2026-06-27 19:23:32,078 - dy.task_runner - INFO - 状态检查[私域获客-执行前] 第 1/6 次: video_page
2026-06-27 19:23:32,078 - dy.main_controller - INFO - 调度器开始装载动作: FollowAuthorAction
2026-06-27 19:23:32,078 - dy.anti_detection - INFO - 🛡️ 防风控引擎已初始化
2026-06-27 19:23:32,078 - dy.actions.base_action - INFO - ==> 准备执行动作: [FollowAuthorAction]
2026-06-27 19:24:31,063 - dy.actions.interaction - INFO - 作者粉丝数: 未知
2026-06-27 19:24:33,172 - dy.actions.interaction - INFO - 未找到'关注'按钮，可能已经关注过了
2026-06-27 19:24:33,172 - dy.actions.interaction - INFO - 作者粉丝数(None)未达到私信阈值(1.0)，跳过私信
2026-06-27 19:24:33,563 - dy.actions.interaction - INFO - 尝试返回视频页... (1/2)
2026-06-27 19:24:37,142 - dy.actions.interaction - INFO - 确认已经回到视频页
2026-06-27 19:24:37,142 - dy.actions.base_action - INFO - <== 动作执行完成: [FollowAuthorAction]
2026-06-27 19:24:38,753 - dy.task_runner - INFO - 功能后状态[私域获客]: video_page
2026-06-27 19:24:39,683 - dy.task_runner - INFO - 状态检查[私域获客-执行后] 第 1/6 次: video_page
2026-06-27 19:24:42,534 - dy.task_runner - INFO - 功能前状态[AI视频评论]: video_page
2026-06-27 19:24:43,358 - dy.task_runner - INFO - 状态检查[AI视频评论-执行前] 第 1/6 次: video_page
2026-06-27 19:24:48,308 - dy.db_manager - INFO - 已连接数据库并校验当日数据表: records_20260627
2026-06-27 19:24:48,308 - dy.pipeline - INFO - AI 生成回复: 安全感拉满，手感不错！
2026-06-27 19:24:48,308 - dy.main_controller - INFO - 调度器开始装载动作: PostCommentAction
2026-06-27 19:24:48,308 - dy.anti_detection - INFO - 🛡️ 防风控引擎已初始化
2026-06-27 19:24:48,309 - dy.actions.base_action - INFO - ==> 准备执行动作: [PostCommentAction]
2026-06-27 19:24:48,698 - dy.actions.commenting - INFO - 准备发布视频评论: 安全感拉满，手感不错！
2026-06-27 19:24:55,610 - dy.actions.commenting - INFO - 视频评论: 发送按钮未就绪，重试 1/3
2026-06-27 19:25:00,085 - dy.actions.commenting - INFO - 视频评论: 发送按钮未就绪，重试 2/3
2026-06-27 19:25:04,811 - dy.actions.commenting - INFO - 视频评论: 发送按钮未就绪，重试 3/3
2026-06-27 19:25:05,971 - dy.actions.commenting - INFO - 视频评论: 尝试回车键发送
2026-06-27 19:25:10,024 - dy.actions.commenting - INFO - 检测到评论输入框仍处于打开状态，执行返回关闭
2026-06-27 19:25:11,987 - dy.actions.base_action - INFO - <== 动作执行完成: [PostCommentAction]
2026-06-27 19:25:13,431 - dy.task_runner - INFO - 功能后状态[AI视频评论]: video_page
2026-06-27 19:25:14,479 - dy.task_runner - INFO - 状态检查[AI视频评论-执行后] 第 1/6 次: video_page
2026-06-27 19:25:16,389 - dy.task_runner - INFO - 功能前状态[评论区截流]: video_page
2026-06-27 19:25:17,240 - dy.task_runner - INFO - 状态检查[评论区截流-执行前] 第 1/6 次: video_page
2026-06-27 19:25:17,929 - dy.task_runner - INFO - 功能前状态[评论区AI截流/楼中楼回复]: video_page
2026-06-27 19:25:18,879 - dy.task_runner - INFO - 状态检查[评论区AI截流/楼中楼回复-执行前] 第 1/6 次: video_page
2026-06-27 19:25:18,879 - dy.main_controller - INFO - 调度器开始装载动作: OpenCommentSectionAction
2026-06-27 19:25:18,879 - dy.anti_detection - INFO - 🛡️ 防风控引擎已初始化
2026-06-27 19:25:18,879 - dy.actions.base_action - INFO - ==> 准备执行动作: [OpenCommentSectionAction]
2026-06-27 19:25:19,322 - dy.actions.commenting - INFO - 正在通过 content-desc 规律寻找主评论区按钮...
2026-06-27 19:25:20,051 - dy.actions.commenting - INFO - 当前视频可能为 0 评论
2026-06-27 19:25:21,818 - dy.actions.base_action - INFO - <== 动作执行完成: [OpenCommentSectionAction]
2026-06-27 19:25:22,763 - dy.task_runner - INFO - 功能中状态[打开评论区后]: input_or_chat
2026-06-27 19:25:22,764 - dy.main_controller - INFO - 调度器开始装载动作: ProcessCommentSectionAction
2026-06-27 19:25:22,764 - dy.anti_detection - INFO - 🛡️ 防风控引擎已初始化
2026-06-27 19:25:22,764 - dy.actions.base_action - INFO - ==> 准备执行动作: [ProcessCommentSectionAction]
2026-06-27 19:25:23,128 - dy.actions.commenting - INFO - 开始处理评论区内容...
2026-06-27 19:25:23,128 - dy.actions.commenting - INFO - 正在解析当前屏幕可见评论...
2026-06-27 19:25:43,167 - dy.actions.commenting - INFO - AI 已识别评论 6/20 条
2026-06-27 19:26:41,206 - dy.actions.commenting - INFO - 正在解析当前屏幕可见评论...
2026-06-27 19:26:46,473 - dy.actions.commenting - INFO - AI 已识别评论 7/20 条
2026-06-27 19:27:43,454 - dy.actions.commenting - INFO - 评论区处理完毕，关闭面板
2026-06-27 19:27:43,966 - dy.actions.commenting - INFO - 检测到评论输入框仍处于打开状态，执行返回关闭
2026-06-27 19:27:47,560 - dy.actions.commenting - INFO - 确认评论区面板已关闭
2026-06-27 19:27:47,560 - dy.actions.base_action - INFO - <== 动作执行完成: [ProcessCommentSectionAction]
2026-06-27 19:27:48,012 - dy.task_runner - INFO - 功能后状态[评论区AI截流/楼中楼回复]: input_or_chat
2026-06-27 19:27:48,618 - dy.task_runner - INFO - 状态检查[评论区AI截流/楼中楼回复-执行后] 第 1/6 次: input_or_chat
2026-06-27 19:27:48,618 - dy.task_runner - INFO - 尝试关闭/返回当前状态[input_or_chat] -> 视频页
2026-06-27 19:27:50,247 - dy.task_runner - INFO - 状态检查[评论区AI截流/楼中楼回复-执行后] 第 2/6 次: home_or_search
2026-06-27 19:27:50,247 - dy.task_runner - INFO - 尝试关闭/返回当前状态[home_or_search] -> 视频页
2026-06-27 19:27:52,095 - dy.task_runner - INFO - 状态检查[评论区AI截流/楼中楼回复-执行后] 第 3/6 次: video_page
2026-06-27 19:27:53,446 - dy.task_runner - INFO - 功能后状态[评论区截流]: video_page
2026-06-27 19:27:54,240 - dy.task_runner - INFO - 状态检查[评论区截流-执行后] 第 1/6 次: video_page
2026-06-27 19:27:54,242 - dy.db_manager - INFO - 已连接数据库并校验当日数据表: records_20260627
2026-06-27 19:27:54,243 - dy.task_runner - INFO - 📊 实时数据 -> 视频:51 | 赞:41 | 评:9 | 关:0
2026-06-27 19:27:55,239 - dy.task_runner - INFO - 状态检查[滑动下一个视频前] 第 1/5 次: video_page
2026-06-27 19:27:55,239 - dy.main_controller - INFO - 调度器开始装载动作: SwipeNextVideoAction
2026-06-27 19:27:55,240 - dy.anti_detection - INFO - 🛡️ 防风控引擎已初始化
2026-06-27 19:27:55,240 - dy.actions.base_action - INFO - ==> 准备执行动作: [SwipeNextVideoAction]
2026-06-27 19:28:50,677 - dy.actions.base_action - INFO - <== 动作执行完成: [SwipeNextVideoAction]
2026-06-27 19:28:50,777 - dy.task_runner - INFO - 等待 6.4 秒后处理下一个视频...
2026-06-27 19:28:57,144 - dy.db_manager - INFO - 已连接数据库并校验当日数据表: records_20260627
2026-06-27 19:28:57,145 - dy.task_runner - INFO - 
--- 正在处理第 2/5 个视频 ---
2026-06-27 19:28:57,332 - dy.task_runner - WARNING - 检测到抖音视频长按菜单，执行返回关闭
2026-06-27 19:28:59,430 - dy.task_runner - INFO - 状态检查[提取视频信息前] 第 1/4 次: video_page
2026-06-27 19:29:00,207 - dy.task_runner - INFO - 功能前状态[提取视频信息/分享链接]: video_page
2026-06-27 19:29:01,123 - dy.task_runner - INFO - 状态检查[提取视频信息/分享链接-执行前] 第 1/6 次: video_page
2026-06-27 19:29:01,123 - dy.main_controller - INFO - 调度器开始装载动作: GetCurrentVideoLinkAction
2026-06-27 19:29:01,123 - dy.anti_detection - INFO - 🛡️ 防风控引擎已初始化
2026-06-27 19:29:01,123 - dy.actions.base_action - INFO - ==> 准备执行动作: [GetCurrentVideoLinkAction]
2026-06-27 19:29:02,395 - dy.actions.interaction - INFO - 当前视频可见文案兜底: 买到一个很有安全感的手机壳#玩个很新的东西 #手机壳
2026-06-27 19:29:02,396 - dy.actions.interaction - WARNING - 稳定模式未打开分享面板提取链接，使用当前页面文案生成兜底视频标识: dy_visible_33447c856e599a66
2026-06-27 19:29:02,396 - dy.actions.base_action - INFO - <== 动作执行完成: [GetCurrentVideoLinkAction]
2026-06-27 19:29:03,704 - dy.task_runner - INFO - 功能后状态[提取视频信息/分享链接]: video_page
2026-06-27 19:29:04,658 - dy.task_runner - INFO - 状态检查[提取视频信息/分享链接-执行后] 第 1/6 次: video_page
2026-06-27 19:29:04,658 - dy.task_runner - WARNING - 检测到视频重复 (token一致)，可能已滑到底部
2026-06-27 19:29:04,658 - dy.task_runner - INFO - 结束当前关键词的视频循环
2026-06-27 19:29:04,658 - dy.main_controller - INFO - 调度器开始装载动作: ResetToSearchAction
2026-06-27 19:29:04,658 - dy.anti_detection - INFO - 🛡️ 防风控引擎已初始化
2026-06-27 19:29:04,658 - dy.actions.base_action - INFO - ==> 准备执行动作: [ResetToSearchAction]
2026-06-27 19:29:05,083 - dy.actions.navigation - INFO - 执行 5 次返回以重置到首页状态...
2026-06-27 19:29:13,079 - dy.actions.base_action - INFO - <== 动作执行完成: [ResetToSearchAction]
2026-06-27 19:29:13,079 - dy.task_runner - INFO - 
>>> 开始处理关键词: 卫生纸 <<<
2026-06-27 19:29:13,079 - dy.main_controller - INFO - 调度器开始装载动作: EnterSearchAction
2026-06-27 19:29:13,079 - dy.anti_detection - INFO - 🛡️ 防风控引擎已初始化
2026-06-27 19:29:13,079 - dy.actions.base_action - INFO - ==> 准备执行动作: [EnterSearchAction]
2026-06-27 19:29:13,530 - dy.actions.navigation - INFO - 正在搜索关键词: 卫生纸
2026-06-27 19:29:14,530 - dy.actions.navigation - INFO - 通过 XPath 成功点击搜索按钮
2026-06-27 19:29:22,583 - dy.actions.navigation - INFO - 成功切换到'视频'页签
2026-06-27 19:29:24,378 - dy.actions.base_action - INFO - <== 动作执行完成: [EnterSearchAction]
2026-06-27 19:29:24,378 - dy.main_controller - INFO - 调度器开始装载动作: ApplyFiltersAction
2026-06-27 19:29:24,379 - dy.anti_detection - INFO - 🛡️ 防风控引擎已初始化
2026-06-27 19:29:24,379 - dy.actions.base_action - INFO - ==> 准备执行动作: [ApplyFiltersAction]
2026-06-27 19:29:24,737 - dy.actions.navigation - INFO - >>> 自动化配对成功：模式[latest] -> 点击按钮[最新发布] <<<
2026-06-27 19:29:27,794 - dy.actions.navigation - INFO - 已成功选择排序方式: 最新发布
2026-06-27 19:29:28,888 - dy.actions.navigation - INFO - 已点击选择: 还未看过
2026-06-27 19:29:33,406 - dy.actions.navigation - INFO - 已点击'视频'页签辅助收起面板
2026-06-27 19:29:35,385 - dy.actions.navigation - INFO - --- 工作流切换完全执行：最新发布 ---
2026-06-27 19:29:35,389 - dy.actions.base_action - INFO - <== 动作执行完成: [ApplyFiltersAction]
2026-06-27 19:29:35,389 - dy.main_controller - INFO - 调度器开始装载动作: EnterFirstVideoAction
2026-06-27 19:29:35,389 - dy.anti_detection - INFO - 🛡️ 防风控引擎已初始化
2026-06-27 19:29:35,389 - dy.actions.base_action - INFO - ==> 准备执行动作: [EnterFirstVideoAction]
2026-06-27 19:29:35,864 - dy.actions.navigation - INFO - 正在定位第一个视频...
2026-06-27 19:29:36,159 - dy.actions.navigation - INFO - 识别到视频文案: 这个卷纸质量很不错，家庭的必需品和消耗品...
2026-06-27 19:29:37,656 - dy.actions.base_action - INFO - <== 动作执行完成: [EnterFirstVideoAction]
2026-06-27 19:29:40,661 - dy.db_manager - INFO - 已连接数据库并校验当日数据表: records_20260627
2026-06-27 19:29:40,661 - dy.task_runner - INFO - 
--- 正在处理第 1/5 个视频 ---
2026-06-27 19:29:42,221 - dy.task_runner - INFO - 状态检查[提取视频信息前] 第 1/4 次: video_page
2026-06-27 19:29:42,968 - dy.task_runner - INFO - 功能前状态[提取视频信息/分享链接]: video_page
2026-06-27 19:29:43,852 - dy.task_runner - INFO - 状态检查[提取视频信息/分享链接-执行前] 第 1/6 次: video_page
2026-06-27 19:29:43,852 - dy.main_controller - INFO - 调度器开始装载动作: GetCurrentVideoLinkAction
2026-06-27 19:29:43,852 - dy.anti_detection - INFO - 🛡️ 防风控引擎已初始化
2026-06-27 19:29:43,852 - dy.actions.base_action - INFO - ==> 准备执行动作: [GetCurrentVideoLinkAction]
2026-06-27 19:29:45,149 - dy.actions.interaction - INFO - 当前视频可见文案兜底: 这个卷纸质量很不错，家庭的必需品和消耗品，强烈推荐#好物分享... 展开
2026-06-27 19:29:45,149 - dy.actions.interaction - WARNING - 稳定模式未打开分享面板提取链接，使用当前页面文案生成兜底视频标识: dy_visible_dd639de692f76534
2026-06-27 19:29:45,149 - dy.actions.base_action - INFO - <== 动作执行完成: [GetCurrentVideoLinkAction]
2026-06-27 19:29:46,704 - dy.task_runner - INFO - 功能后状态[提取视频信息/分享链接]: video_page
2026-06-27 19:29:47,863 - dy.task_runner - INFO - 状态检查[提取视频信息/分享链接-执行后] 第 1/6 次: video_page
2026-06-27 19:29:47,864 - dy.db_manager - INFO - 已连接数据库并校验当日数据表: records_20260627
2026-06-27 19:29:47,866 - dy.task_runner - INFO - 🎬 开始对新视频执行互动...
2026-06-27 19:29:47,866 - dy.task_runner - INFO - 📝 当前视频标题: 这个卷纸质量很不错，家庭的必需品和消耗品，强烈推荐#好物分享... 展开
2026-06-27 19:29:48,664 - dy.task_runner - INFO - 功能前状态[点赞]: video_page
2026-06-27 19:29:49,665 - dy.task_runner - INFO - 状态检查[点赞-执行前] 第 1/6 次: video_page
2026-06-27 19:29:49,665 - dy.main_controller - INFO - 调度器开始装载动作: DoubleClickLikeAction
2026-06-27 19:29:49,666 - dy.anti_detection - INFO - 🛡️ 防风控引擎已初始化
2026-06-27 19:29:49,666 - dy.actions.base_action - INFO - ==> 准备执行动作: [DoubleClickLikeAction]
2026-06-27 19:29:51,033 - dy.actions.interaction - INFO - 已短按右侧喜欢按钮: (990, 1376)
2026-06-27 19:29:51,033 - dy.actions.base_action - INFO - <== 动作执行完成: [DoubleClickLikeAction]
2026-06-27 19:29:51,041 - dy.db_manager - INFO - 已连接数据库并校验当日数据表: records_20260627
2026-06-27 19:29:52,099 - dy.task_runner - INFO - 功能后状态[点赞]: video_page
2026-06-27 19:29:52,998 - dy.task_runner - INFO - 状态检查[点赞-执行后] 第 1/6 次: video_page
2026-06-27 19:29:56,158 - dy.task_runner - INFO - 功能前状态[私域获客]: video_page
2026-06-27 19:29:57,198 - dy.task_runner - INFO - 状态检查[私域获客-执行前] 第 1/6 次: video_page
2026-06-27 19:29:57,198 - dy.main_controller - INFO - 调度器开始装载动作: FollowAuthorAction
2026-06-27 19:29:57,198 - dy.anti_detection - INFO - 🛡️ 防风控引擎已初始化
2026-06-27 19:29:57,198 - dy.actions.base_action - INFO - ==> 准备执行动作: [FollowAuthorAction]
2026-06-27 19:30:54,612 - dy.actions.interaction - INFO - 作者粉丝数: 未知
2026-06-27 19:30:56,824 - dy.actions.interaction - INFO - 未找到'关注'按钮，可能已经关注过了
2026-06-27 19:30:56,824 - dy.actions.interaction - INFO - 作者粉丝数(None)未达到私信阈值(1.0)，跳过私信
2026-06-27 19:30:57,241 - dy.actions.interaction - INFO - 尝试返回视频页... (1/2)
2026-06-27 19:31:00,168 - dy.actions.interaction - INFO - 确认已经回到视频页
2026-06-27 19:31:00,168 - dy.actions.base_action - INFO - <== 动作执行完成: [FollowAuthorAction]
2026-06-27 19:31:01,539 - dy.task_runner - INFO - 功能后状态[私域获客]: video_page
2026-06-27 19:31:02,528 - dy.task_runner - INFO - 状态检查[私域获客-执行后] 第 1/6 次: video_page
2026-06-27 19:31:05,554 - dy.task_runner - INFO - 功能前状态[AI视频评论]: video_page
2026-06-27 19:31:06,584 - dy.task_runner - INFO - 状态检查[AI视频评论-执行前] 第 1/6 次: video_page
2026-06-27 19:31:11,224 - dy.db_manager - INFO - 已连接数据库并校验当日数据表: records_20260627
2026-06-27 19:31:11,226 - dy.pipeline - INFO - AI 生成回复: 确实很实用，家里常备。
2026-06-27 19:31:11,226 - dy.main_controller - INFO - 调度器开始装载动作: PostCommentAction
2026-06-27 19:31:11,226 - dy.anti_detection - INFO - 🛡️ 防风控引擎已初始化
2026-06-27 19:31:11,226 - dy.actions.base_action - INFO - ==> 准备执行动作: [PostCommentAction]
2026-06-27 19:31:11,665 - dy.actions.commenting - INFO - 准备发布视频评论: 确实很实用，家里常备。
2026-06-27 19:31:19,456 - dy.actions.commenting - INFO - 视频评论: 发送按钮未就绪，重试 1/3
2026-06-27 19:31:24,705 - dy.actions.commenting - INFO - 视频评论: 发送按钮未就绪，重试 2/3
2026-06-27 19:31:29,290 - dy.actions.commenting - INFO - 视频评论: 发送按钮未就绪，重试 3/3
2026-06-27 19:31:30,453 - dy.actions.commenting - INFO - 视频评论: 尝试回车键发送
2026-06-27 19:31:35,012 - dy.actions.commenting - INFO - 检测到评论输入框仍处于打开状态，执行返回关闭
2026-06-27 19:31:36,835 - dy.actions.base_action - INFO - <== 动作执行完成: [PostCommentAction]
2026-06-27 19:31:38,550 - dy.task_runner - INFO - 功能后状态[AI视频评论]: video_page
2026-06-27 19:31:39,490 - dy.task_runner - INFO - 状态检查[AI视频评论-执行后] 第 1/6 次: video_page
2026-06-27 19:31:41,391 - dy.task_runner - INFO - 功能前状态[评论区截流]: video_page
2026-06-27 19:31:42,470 - dy.task_runner - INFO - 状态检查[评论区截流-执行前] 第 1/6 次: video_page
2026-06-27 19:31:43,246 - dy.task_runner - INFO - 功能前状态[评论区AI截流/楼中楼回复]: video_page
2026-06-27 19:31:44,282 - dy.task_runner - INFO - 状态检查[评论区AI截流/楼中楼回复-执行前] 第 1/6 次: video_page
2026-06-27 19:31:44,282 - dy.main_controller - INFO - 调度器开始装载动作: OpenCommentSectionAction
2026-06-27 19:31:44,282 - dy.anti_detection - INFO - 🛡️ 防风控引擎已初始化
2026-06-27 19:31:44,283 - dy.actions.base_action - INFO - ==> 准备执行动作: [OpenCommentSectionAction]
2026-06-27 19:31:44,733 - dy.actions.commenting - INFO - 正在通过 content-desc 规律寻找主评论区按钮...
2026-06-27 19:31:45,557 - dy.actions.commenting - INFO - 成功锁定评论区入口，当前评论数标识: 评论1，按钮
2026-06-27 19:31:47,377 - dy.actions.base_action - INFO - <== 动作执行完成: [OpenCommentSectionAction]
2026-06-27 19:31:48,233 - dy.task_runner - INFO - 功能中状态[打开评论区后]: comment_panel
2026-06-27 19:31:48,233 - dy.main_controller - INFO - 调度器开始装载动作: ProcessCommentSectionAction
2026-06-27 19:31:48,233 - dy.anti_detection - INFO - 🛡️ 防风控引擎已初始化
2026-06-27 19:31:48,233 - dy.actions.base_action - INFO - ==> 准备执行动作: [ProcessCommentSectionAction]
2026-06-27 19:31:48,617 - dy.actions.commenting - INFO - 开始处理评论区内容...
2026-06-27 19:31:48,617 - dy.actions.commenting - INFO - 正在解析当前屏幕可见评论...
2026-06-27 19:32:31,008 - dy.actions.commenting - INFO - AI 已识别评论 12/20 条
2026-06-27 19:32:32,011 - dy.actions.commenting - INFO - 已滑到底部，没有更多评论
2026-06-27 19:32:32,011 - dy.actions.commenting - INFO - 评论区处理完毕，关闭面板
2026-06-27 19:32:32,599 - dy.actions.commenting - INFO - 检测到评论输入框仍处于打开状态，执行返回关闭
2026-06-27 19:32:36,785 - dy.actions.commenting - INFO - 确认评论区面板已关闭
2026-06-27 19:32:36,785 - dy.actions.base_action - INFO - <== 动作执行完成: [ProcessCommentSectionAction]
2026-06-27 19:32:37,518 - dy.task_runner - INFO - 功能后状态[评论区AI截流/楼中楼回复]: video_page
2026-06-27 19:32:38,658 - dy.task_runner - INFO - 状态检查[评论区AI截流/楼中楼回复-执行后] 第 1/6 次: video_page
2026-06-27 19:32:40,189 - dy.task_runner - INFO - 功能后状态[评论区截流]: video_page
2026-06-27 19:32:41,294 - dy.task_runner - INFO - 状态检查[评论区截流-执行后] 第 1/6 次: video_page
2026-06-27 19:32:41,298 - dy.db_manager - INFO - 已连接数据库并校验当日数据表: records_20260627
2026-06-27 19:32:41,298 - dy.task_runner - INFO - 📊 实时数据 -> 视频:52 | 赞:42 | 评:9 | 关:0
2026-06-27 19:32:42,528 - dy.task_runner - INFO - 状态检查[滑动下一个视频前] 第 1/5 次: video_page
2026-06-27 19:32:42,528 - dy.main_controller - INFO - 调度器开始装载动作: SwipeNextVideoAction
2026-06-27 19:32:42,528 - dy.anti_detection - INFO - 🛡️ 防风控引擎已初始化
2026-06-27 19:32:42,529 - dy.actions.base_action - INFO - ==> 准备执行动作: [SwipeNextVideoAction]
2026-06-27 19:33:37,571 - dy.actions.base_action - INFO - <== 动作执行完成: [SwipeNextVideoAction]
2026-06-27 19:33:37,677 - dy.task_runner - INFO - 等待 5.6 秒后处理下一个视频...
2026-06-27 19:33:43,257 - dy.db_manager - INFO - 已连接数据库并校验当日数据表: records_20260627
2026-06-27 19:33:43,257 - dy.task_runner - INFO - 
--- 正在处理第 2/5 个视频 ---
2026-06-27 19:33:45,342 - dy.task_runner - INFO - 状态检查[提取视频信息前] 第 1/4 次: video_page
2026-06-27 19:33:46,254 - dy.task_runner - INFO - 功能前状态[提取视频信息/分享链接]: video_page
2026-06-27 19:33:47,303 - dy.task_runner - INFO - 状态检查[提取视频信息/分享链接-执行前] 第 1/6 次: video_page
2026-06-27 19:33:47,303 - dy.main_controller - INFO - 调度器开始装载动作: GetCurrentVideoLinkAction
2026-06-27 19:33:47,303 - dy.anti_detection - INFO - 🛡️ 防风控引擎已初始化
2026-06-27 19:33:47,303 - dy.actions.base_action - INFO - ==> 准备执行动作: [GetCurrentVideoLinkAction]
2026-06-27 19:33:48,979 - dy.actions.interaction - INFO - 当前视频可见文案兜底: #生活平价好物推荐 #日常好物分享 #好物推荐创作灵感 #卫生纸
2026-06-27 19:33:48,979 - dy.actions.interaction - WARNING - 稳定模式未打开分享面板提取链接，使用当前页面文案生成兜底视频标识: dy_visible_0a5486267185cea2
2026-06-27 19:33:48,979 - dy.actions.base_action - INFO - <== 动作执行完成: [GetCurrentVideoLinkAction]
2026-06-27 19:33:50,764 - dy.task_runner - INFO - 功能后状态[提取视频信息/分享链接]: video_page
2026-06-27 19:33:51,817 - dy.task_runner - INFO - 状态检查[提取视频信息/分享链接-执行后] 第 1/6 次: video_page
2026-06-27 19:33:51,818 - dy.db_manager - INFO - 已连接数据库并校验当日数据表: records_20260627
2026-06-27 19:33:51,820 - dy.task_runner - INFO - 🎬 开始对新视频执行互动...
2026-06-27 19:33:51,821 - dy.task_runner - INFO - 📝 当前视频标题: #生活平价好物推荐 #日常好物分享 #好物推荐创作灵感 #卫生纸
2026-06-27 19:33:52,774 - dy.task_runner - INFO - 功能前状态[点赞]: video_page
2026-06-27 19:33:54,245 - dy.task_runner - INFO - 状态检查[点赞-执行前] 第 1/6 次: video_page
2026-06-27 19:33:54,245 - dy.main_controller - INFO - 调度器开始装载动作: DoubleClickLikeAction
2026-06-27 19:33:54,245 - dy.anti_detection - INFO - 🛡️ 防风控引擎已初始化
2026-06-27 19:33:54,245 - dy.actions.base_action - INFO - ==> 准备执行动作: [DoubleClickLikeAction]
2026-06-27 19:33:55,638 - dy.actions.interaction - INFO - 已短按右侧喜欢按钮: (990, 1377)
2026-06-27 19:33:55,638 - dy.actions.base_action - INFO - <== 动作执行完成: [DoubleClickLikeAction]
2026-06-27 19:33:55,645 - dy.db_manager - INFO - 已连接数据库并校验当日数据表: records_20260627
2026-06-27 19:33:56,820 - dy.task_runner - INFO - 功能后状态[点赞]: video_page
2026-06-27 19:33:58,011 - dy.task_runner - INFO - 状态检查[点赞-执行后] 第 1/6 次: video_page
2026-06-27 19:33:59,936 - dy.task_runner - INFO - 功能前状态[私域获客]: video_page
2026-06-27 19:34:00,991 - dy.task_runner - INFO - 状态检查[私域获客-执行前] 第 1/6 次: video_page
2026-06-27 19:34:00,991 - dy.main_controller - INFO - 调度器开始装载动作: FollowAuthorAction
2026-06-27 19:34:00,991 - dy.anti_detection - INFO - 🛡️ 防风控引擎已初始化
2026-06-27 19:34:00,991 - dy.actions.base_action - INFO - ==> 准备执行动作: [FollowAuthorAction]
2026-06-27 19:35:00,421 - dy.actions.interaction - INFO - 作者粉丝数: 未知
2026-06-27 19:35:02,636 - dy.actions.interaction - INFO - 未找到'关注'按钮，可能已经关注过了
2026-06-27 19:35:02,636 - dy.actions.interaction - INFO - 作者粉丝数(None)未达到私信阈值(1.0)，跳过私信
2026-06-27 19:35:03,086 - dy.actions.interaction - INFO - 尝试返回视频页... (1/2)
2026-06-27 19:35:07,044 - dy.actions.interaction - INFO - 确认已经回到视频页
2026-06-27 19:35:07,045 - dy.actions.base_action - INFO - <== 动作执行完成: [FollowAuthorAction]
2026-06-27 19:35:08,787 - dy.task_runner - INFO - 功能后状态[私域获客]: video_page
2026-06-27 19:35:09,965 - dy.task_runner - INFO - 状态检查[私域获客-执行后] 第 1/6 次: video_page
2026-06-27 19:35:12,195 - dy.task_runner - INFO - 功能前状态[AI视频评论]: video_page
2026-06-27 19:35:13,465 - dy.task_runner - INFO - 状态检查[AI视频评论-执行前] 第 1/6 次: video_page
2026-06-27 19:35:17,489 - dy.db_manager - INFO - 已连接数据库并校验当日数据表: records_20260627
2026-06-27 19:35:17,491 - dy.pipeline - INFO - AI 生成回复: 这个纸挺实惠，囤了好几包。
2026-06-27 19:35:17,491 - dy.main_controller - INFO - 调度器开始装载动作: PostCommentAction
2026-06-27 19:35:17,491 - dy.anti_detection - INFO - 🛡️ 防风控引擎已初始化
2026-06-27 19:35:17,491 - dy.actions.base_action - INFO - ==> 准备执行动作: [PostCommentAction]
2026-06-27 19:35:17,960 - dy.actions.commenting - INFO - 准备发布视频评论: 这个纸挺实惠，囤了好几包。
2026-06-27 19:35:26,300 - dy.actions.commenting - INFO - 视频评论: 发送按钮未就绪，重试 1/3
2026-06-27 19:35:31,452 - dy.actions.commenting - INFO - 视频评论: 发送按钮未就绪，重试 2/3
2026-06-27 19:35:36,881 - dy.actions.commenting - INFO - 视频评论: 发送按钮未就绪，重试 3/3
2026-06-27 19:35:37,642 - dy.actions.commenting - INFO - 视频评论: 尝试回车键发送
2026-06-27 19:35:42,910 - dy.actions.commenting - INFO - 检测到评论输入框仍处于打开状态，执行返回关闭
2026-06-27 19:35:44,930 - dy.actions.base_action - INFO - <== 动作执行完成: [PostCommentAction]
2026-06-27 19:35:46,957 - dy.task_runner - INFO - 功能后状态[AI视频评论]: video_page
2026-06-27 19:35:48,181 - dy.task_runner - INFO - 状态检查[AI视频评论-执行后] 第 1/6 次: video_page
2026-06-27 19:35:50,778 - dy.task_runner - INFO - 功能前状态[评论区截流]: video_page
2026-06-27 19:35:51,942 - dy.task_runner - INFO - 状态检查[评论区截流-执行前] 第 1/6 次: video_page
2026-06-27 19:35:52,687 - dy.task_runner - INFO - 功能前状态[评论区AI截流/楼中楼回复]: video_page
2026-06-27 19:35:54,033 - dy.task_runner - INFO - 状态检查[评论区AI截流/楼中楼回复-执行前] 第 1/6 次: video_page
2026-06-27 19:35:54,034 - dy.main_controller - INFO - 调度器开始装载动作: OpenCommentSectionAction
2026-06-27 19:35:54,034 - dy.anti_detection - INFO - 🛡️ 防风控引擎已初始化
2026-06-27 19:35:54,034 - dy.actions.base_action - INFO - ==> 准备执行动作: [OpenCommentSectionAction]
2026-06-27 19:35:54,461 - dy.actions.commenting - INFO - 正在通过 content-desc 规律寻找主评论区按钮...
2026-06-27 19:35:55,362 - dy.actions.commenting - INFO - 成功锁定评论区入口，当前评论数标识: 评论8，按钮
2026-06-27 19:35:57,809 - dy.actions.base_action - INFO - <== 动作执行完成: [OpenCommentSectionAction]
2026-06-27 19:35:59,244 - dy.task_runner - INFO - 功能中状态[打开评论区后]: home_or_search
2026-06-27 19:35:59,244 - dy.task_runner - WARNING - 评论区未可靠打开，当前状态: home_or_search
2026-06-27 19:36:00,198 - dy.task_runner - INFO - 状态检查[评论区AI截流/楼中楼回复-打开失败后] 第 1/6 次: home_or_search
2026-06-27 19:36:00,198 - dy.task_runner - INFO - 尝试关闭/返回当前状态[home_or_search] -> 视频页
2026-06-27 19:36:02,367 - dy.task_runner - INFO - 状态检查[评论区AI截流/楼中楼回复-打开失败后] 第 2/6 次: video_page
2026-06-27 19:36:04,535 - dy.task_runner - INFO - 功能后状态[评论区截流]: video_page
2026-06-27 19:36:05,623 - dy.task_runner - INFO - 状态检查[评论区截流-执行后] 第 1/6 次: video_page
2026-06-27 19:36:05,625 - dy.db_manager - INFO - 已连接数据库并校验当日数据表: records_20260627
2026-06-27 19:36:05,626 - dy.task_runner - INFO - 📊 实时数据 -> 视频:53 | 赞:43 | 评:9 | 关:0
2026-06-27 19:36:06,795 - dy.task_runner - INFO - 状态检查[滑动下一个视频前] 第 1/5 次: video_page
2026-06-27 19:36:06,796 - dy.main_controller - INFO - 调度器开始装载动作: SwipeNextVideoAction
2026-06-27 19:36:06,796 - dy.anti_detection - INFO - 🛡️ 防风控引擎已初始化
2026-06-27 19:36:06,796 - dy.actions.base_action - INFO - ==> 准备执行动作: [SwipeNextVideoAction]
2026-06-27 19:37:02,512 - dy.actions.base_action - INFO - <== 动作执行完成: [SwipeNextVideoAction]
2026-06-27 19:37:02,584 - dy.task_runner - INFO - 等待 7.8 秒后处理下一个视频...
2026-06-27 19:37:10,406 - dy.db_manager - INFO - 已连接数据库并校验当日数据表: records_20260627
2026-06-27 19:37:10,406 - dy.task_runner - INFO - 
--- 正在处理第 3/5 个视频 ---
2026-06-27 19:37:12,732 - dy.task_runner - INFO - 状态检查[提取视频信息前] 第 1/4 次: video_page
2026-06-27 19:37:13,797 - dy.task_runner - INFO - 功能前状态[提取视频信息/分享链接]: video_page
2026-06-27 19:37:15,238 - dy.task_runner - INFO - 状态检查[提取视频信息/分享链接-执行前] 第 1/6 次: video_page
2026-06-27 19:37:15,238 - dy.main_controller - INFO - 调度器开始装载动作: GetCurrentVideoLinkAction
2026-06-27 19:37:15,238 - dy.anti_detection - INFO - 🛡️ 防风控引擎已初始化
2026-06-27 19:37:15,238 - dy.actions.base_action - INFO - ==> 准备执行动作: [GetCurrentVideoLinkAction]
2026-06-27 19:37:16,885 - dy.actions.interaction - INFO - 当前视频可见文案兜底: 加厚压花的卫生纸 柔韧还吸水 怎么用都不容易破 干湿两用性价比贼... 展开
2026-06-27 19:37:16,886 - dy.actions.interaction - WARNING - 稳定模式未打开分享面板提取链接，使用当前页面文案生成兜底视频标识: dy_visible_791b0f9c67fef733
2026-06-27 19:37:16,886 - dy.actions.base_action - INFO - <== 动作执行完成: [GetCurrentVideoLinkAction]
2026-06-27 19:37:19,075 - dy.task_runner - INFO - 功能后状态[提取视频信息/分享链接]: video_page
2026-06-27 19:37:20,292 - dy.task_runner - INFO - 状态检查[提取视频信息/分享链接-执行后] 第 1/6 次: video_page
2026-06-27 19:37:20,293 - dy.db_manager - INFO - 已连接数据库并校验当日数据表: records_20260627
2026-06-27 19:37:20,295 - dy.task_runner - INFO - 🎬 开始对新视频执行互动...
2026-06-27 19:37:20,295 - dy.task_runner - INFO - 📝 当前视频标题: 加厚压花的卫生纸 柔韧还吸水 怎么用都不容易破 干湿两用性价比贼... 展开
2026-06-27 19:37:21,395 - dy.task_runner - INFO - 功能前状态[点赞]: video_page
2026-06-27 19:37:22,728 - dy.task_runner - INFO - 状态检查[点赞-执行前] 第 1/6 次: video_page
2026-06-27 19:37:22,728 - dy.main_controller - INFO - 调度器开始装载动作: DoubleClickLikeAction
2026-06-27 19:37:22,728 - dy.anti_detection - INFO - 🛡️ 防风控引擎已初始化
2026-06-27 19:37:22,729 - dy.actions.base_action - INFO - ==> 准备执行动作: [DoubleClickLikeAction]
2026-06-27 19:37:24,522 - dy.actions.interaction - INFO - 已短按右侧喜欢按钮: (990, 1377)
2026-06-27 19:37:24,522 - dy.actions.base_action - INFO - <== 动作执行完成: [DoubleClickLikeAction]
2026-06-27 19:37:24,529 - dy.db_manager - INFO - 已连接数据库并校验当日数据表: records_20260627
2026-06-27 19:37:26,049 - dy.task_runner - INFO - 功能后状态[点赞]: video_page
2026-06-27 19:37:27,326 - dy.task_runner - INFO - 状态检查[点赞-执行后] 第 1/6 次: video_page
2026-06-27 19:37:30,281 - dy.task_runner - INFO - 功能前状态[私域获客]: video_page
2026-06-27 19:37:31,456 - dy.task_runner - INFO - 状态检查[私域获客-执行前] 第 1/6 次: video_page
2026-06-27 19:37:31,456 - dy.main_controller - INFO - 调度器开始装载动作: FollowAuthorAction
2026-06-27 19:37:31,456 - dy.anti_detection - INFO - 🛡️ 防风控引擎已初始化
2026-06-27 19:37:31,456 - dy.actions.base_action - INFO - ==> 准备执行动作: [FollowAuthorAction]
2026-06-27 19:38:30,522 - dy.actions.interaction - INFO - 作者粉丝数: 未知
2026-06-27 19:38:32,701 - dy.actions.interaction - INFO - 未找到'关注'按钮，可能已经关注过了
2026-06-27 19:38:32,701 - dy.actions.interaction - INFO - 作者粉丝数(None)未达到私信阈值(1.0)，跳过私信
2026-06-27 19:38:33,214 - dy.actions.interaction - INFO - 尝试返回视频页... (1/2)
2026-06-27 19:38:38,248 - dy.actions.interaction - INFO - 确认已经回到视频页
2026-06-27 19:38:38,248 - dy.actions.base_action - INFO - <== 动作执行完成: [FollowAuthorAction]
2026-06-27 19:38:40,332 - dy.task_runner - INFO - 功能后状态[私域获客]: video_page
2026-06-27 19:38:41,484 - dy.task_runner - INFO - 状态检查[私域获客-执行后] 第 1/6 次: video_page
2026-06-27 19:38:44,168 - dy.task_runner - INFO - 功能前状态[AI视频评论]: video_page
2026-06-27 19:38:45,327 - dy.task_runner - INFO - 状态检查[AI视频评论-执行前] 第 1/6 次: video_page
2026-06-27 19:38:49,349 - dy.db_manager - INFO - 已连接数据库并校验当日数据表: records_20260627
2026-06-27 19:38:49,349 - dy.pipeline - INFO - AI 生成回复: 这个纸真的厚实又吸水
2026-06-27 19:38:49,349 - dy.main_controller - INFO - 调度器开始装载动作: PostCommentAction
2026-06-27 19:38:49,349 - dy.anti_detection - INFO - 🛡️ 防风控引擎已初始化
2026-06-27 19:38:49,349 - dy.actions.base_action - INFO - ==> 准备执行动作: [PostCommentAction]
2026-06-27 19:38:49,814 - dy.actions.commenting - INFO - 准备发布视频评论: 这个纸真的厚实又吸水
2026-06-27 19:38:57,951 - dy.actions.commenting - INFO - 视频评论: 发送按钮未就绪，重试 1/3
2026-06-27 19:39:03,606 - dy.actions.commenting - INFO - 视频评论: 发送按钮未就绪，重试 2/3
2026-06-27 19:39:09,224 - dy.actions.commenting - INFO - 视频评论: 发送按钮未就绪，重试 3/3
2026-06-27 19:39:09,813 - dy.actions.commenting - INFO - 视频评论: 尝试回车键发送
2026-06-27 19:39:15,391 - dy.actions.commenting - INFO - 检测到评论输入框仍处于打开状态，执行返回关闭
2026-06-27 19:39:17,127 - dy.actions.base_action - INFO - <== 动作执行完成: [PostCommentAction]
2026-06-27 19:39:19,497 - dy.task_runner - INFO - 功能后状态[AI视频评论]: video_page
2026-06-27 19:39:20,764 - dy.task_runner - INFO - 状态检查[AI视频评论-执行后] 第 1/6 次: video_page
2026-06-27 19:39:23,713 - dy.task_runner - INFO - 功能前状态[评论区截流]: video_page
2026-06-27 19:39:25,044 - dy.task_runner - INFO - 状态检查[评论区截流-执行前] 第 1/6 次: video_page
2026-06-27 19:39:26,058 - dy.task_runner - INFO - 功能前状态[评论区AI截流/楼中楼回复]: video_page
2026-06-27 19:39:27,394 - dy.task_runner - INFO - 状态检查[评论区AI截流/楼中楼回复-执行前] 第 1/6 次: video_page
2026-06-27 19:39:27,394 - dy.main_controller - INFO - 调度器开始装载动作: OpenCommentSectionAction
2026-06-27 19:39:27,394 - dy.anti_detection - INFO - 🛡️ 防风控引擎已初始化
2026-06-27 19:39:27,394 - dy.actions.base_action - INFO - ==> 准备执行动作: [OpenCommentSectionAction]
2026-06-27 19:39:27,857 - dy.actions.commenting - INFO - 正在通过 content-desc 规律寻找主评论区按钮...
2026-06-27 19:39:28,934 - dy.actions.commenting - INFO - 当前视频可能为 0 评论
2026-06-27 19:39:31,810 - dy.actions.base_action - INFO - <== 动作执行完成: [OpenCommentSectionAction]
2026-06-27 19:39:33,137 - dy.task_runner - INFO - 功能中状态[打开评论区后]: input_or_chat
2026-06-27 19:39:33,137 - dy.main_controller - INFO - 调度器开始装载动作: ProcessCommentSectionAction
2026-06-27 19:39:33,137 - dy.anti_detection - INFO - 🛡️ 防风控引擎已初始化
2026-06-27 19:39:33,138 - dy.actions.base_action - INFO - ==> 准备执行动作: [ProcessCommentSectionAction]
2026-06-27 19:39:33,513 - dy.actions.commenting - INFO - 开始处理评论区内容...
2026-06-27 19:39:33,514 - dy.actions.commenting - INFO - 正在解析当前屏幕可见评论...
2026-06-27 19:39:51,568 - dy.actions.commenting - INFO - AI 已识别评论 5/20 条
2026-06-27 19:40:49,646 - dy.actions.commenting - INFO - 正在解析当前屏幕可见评论...
2026-06-27 19:40:53,705 - dy.actions.commenting - INFO - AI 已识别评论 6/20 条
2026-06-27 19:41:52,227 - dy.actions.commenting - INFO - 评论区处理完毕，关闭面板
2026-06-27 19:41:53,160 - dy.actions.commenting - INFO - 检测到评论输入框仍处于打开状态，执行返回关闭
2026-06-27 19:41:57,900 - dy.actions.commenting - INFO - 确认评论区面板已关闭
2026-06-27 19:41:57,900 - dy.actions.base_action - INFO - <== 动作执行完成: [ProcessCommentSectionAction]
2026-06-27 19:41:58,541 - dy.task_runner - INFO - 功能后状态[评论区AI截流/楼中楼回复]: input_or_chat
2026-06-27 19:41:59,467 - dy.task_runner - INFO - 状态检查[评论区AI截流/楼中楼回复-执行后] 第 1/6 次: input_or_chat
2026-06-27 19:41:59,468 - dy.task_runner - INFO - 尝试关闭/返回当前状态[input_or_chat] -> 视频页
2026-06-27 19:42:01,153 - dy.task_runner - INFO - 状态检查[评论区AI截流/楼中楼回复-执行后] 第 2/6 次: home_or_search
2026-06-27 19:42:01,154 - dy.task_runner - INFO - 尝试关闭/返回当前状态[home_or_search] -> 视频页
2026-06-27 19:42:03,238 - dy.task_runner - INFO - 状态检查[评论区AI截流/楼中楼回复-执行后] 第 3/6 次: video_page
2026-06-27 19:42:05,268 - dy.task_runner - INFO - 功能后状态[评论区截流]: video_page
2026-06-27 19:42:06,422 - dy.task_runner - INFO - 状态检查[评论区截流-执行后] 第 1/6 次: video_page
2026-06-27 19:42:06,423 - dy.db_manager - INFO - 已连接数据库并校验当日数据表: records_20260627
2026-06-27 19:42:06,423 - dy.task_runner - INFO - 📊 实时数据 -> 视频:54 | 赞:44 | 评:9 | 关:0
2026-06-27 19:42:07,582 - dy.task_runner - INFO - 状态检查[滑动下一个视频前] 第 1/5 次: video_page
2026-06-27 19:42:07,582 - dy.main_controller - INFO - 调度器开始装载动作: SwipeNextVideoAction
2026-06-27 19:42:07,582 - dy.anti_detection - INFO - 🛡️ 防风控引擎已初始化
2026-06-27 19:42:07,583 - dy.actions.base_action - INFO - ==> 准备执行动作: [SwipeNextVideoAction]
2026-06-27 19:43:02,883 - dy.actions.base_action - INFO - <== 动作执行完成: [SwipeNextVideoAction]
2026-06-27 19:43:02,978 - dy.task_runner - INFO - 等待 6.6 秒后处理下一个视频...
2026-06-27 19:43:09,617 - dy.db_manager - INFO - 已连接数据库并校验当日数据表: records_20260627
2026-06-27 19:43:09,618 - dy.task_runner - INFO - 
--- 正在处理第 4/5 个视频 ---
2026-06-27 19:43:09,816 - dy.task_runner - WARNING - 检测到抖音视频长按菜单，执行返回关闭
2026-06-27 19:43:12,522 - dy.task_runner - INFO - 状态检查[提取视频信息前] 第 1/4 次: video_page
2026-06-27 19:43:13,350 - dy.task_runner - INFO - 功能前状态[提取视频信息/分享链接]: video_page
2026-06-27 19:43:14,528 - dy.task_runner - INFO - 状态检查[提取视频信息/分享链接-执行前] 第 1/6 次: video_page
2026-06-27 19:43:14,528 - dy.main_controller - INFO - 调度器开始装载动作: GetCurrentVideoLinkAction
2026-06-27 19:43:14,528 - dy.anti_detection - INFO - 🛡️ 防风控引擎已初始化
2026-06-27 19:43:14,528 - dy.actions.base_action - INFO - ==> 准备执行动作: [GetCurrentVideoLinkAction]
2026-06-27 19:43:16,102 - dy.actions.interaction - INFO - 当前视频可见文案兜底: 加厚压花的卫生纸 柔韧还吸水 怎么用都不容易破 干湿两用性价比贼... 展开
2026-06-27 19:43:16,103 - dy.actions.interaction - WARNING - 稳定模式未打开分享面板提取链接，使用当前页面文案生成兜底视频标识: dy_visible_791b0f9c67fef733
2026-06-27 19:43:16,103 - dy.actions.base_action - INFO - <== 动作执行完成: [GetCurrentVideoLinkAction]
2026-06-27 19:43:18,286 - dy.task_runner - INFO - 功能后状态[提取视频信息/分享链接]: video_page
2026-06-27 19:43:19,477 - dy.task_runner - INFO - 状态检查[提取视频信息/分享链接-执行后] 第 1/6 次: video_page
2026-06-27 19:43:19,477 - dy.task_runner - WARNING - 检测到视频重复 (token一致)，可能已滑到底部
2026-06-27 19:43:19,477 - dy.task_runner - INFO - 结束当前关键词的视频循环
2026-06-27 19:43:19,477 - dy.main_controller - INFO - 调度器开始装载动作: ResetToSearchAction
2026-06-27 19:43:19,477 - dy.anti_detection - INFO - 🛡️ 防风控引擎已初始化
2026-06-27 19:43:19,477 - dy.actions.base_action - INFO - ==> 准备执行动作: [ResetToSearchAction]
2026-06-27 19:43:19,917 - dy.actions.navigation - INFO - 执行 5 次返回以重置到首页状态...
2026-06-27 19:43:28,213 - dy.actions.base_action - INFO - <== 动作执行完成: [ResetToSearchAction]
2026-06-27 19:43:28,213 - dy.task_runner - INFO - 所有关键词任务处理完毕！
2026-06-27 19:43:28,213 - dy.main_controller - INFO - 任务执行完毕，清理资源...
2026-06-27 19:43:28,213 - dy.main_controller - INFO - 资源清理完毕，安全退出。
2026-06-27 19:43:28,213 - root - INFO - <== API: 设备 V4DUT20422013309 任务执行完毕
